Jul 17 01:49:22 vithsutra kiosk-server[2006197]: {"time":"2026-07-17T01:49:22.542663208Z","level":"INFO","msg":"request","method":"GET","path":"/","status":404,"bytes":19,"duration_ms":0,"request_id":"vithsutra/yJhBRTSzdo-004381","remote_addr":"2602:80d:1007::33"}
Jul 17 02:19:21 vithsutra kiosk-server[2006197]: {"time":"2026-07-17T02:19:21.836060165Z","level":"INFO","msg":"request","method":"GET","path":"/","status":404,"bytes":19,"duration_ms":0,"request_id":"vithsutra/yJhBRTSzdo-004382","remote_addr":"2602:80d:1007::61"}
Jul 17 02:19:29 vithsutra kiosk-server[2006197]: {"time":"2026-07-17T02:19:29.671935264Z","level":"INFO","msg":"request","method":"GET","path":"/metrics","status":404,"bytes":19,"duration_ms":0,"request_id":"vithsutra/yJhBRTSzdo-004383","remote_addr":"2602:80d:1007::61"}
Jul 17 02:21:22 vithsutra kiosk-server[2006197]: {"time":"2026-07-17T02:21:22.530032331Z","level":"INFO","msg":"request","method":"OPTIONS","path":"/auth/google","status":204,"bytes":0,"duration_ms":0,"request_id":"vithsutra/yJhBRTSzdo-004384","remote_addr":"2409:40f2:3007:1d2b:8432:6eff:feda:5c18"}
Jul 17 02:21:23 vithsutra kiosk-server[2006197]: {"time":"2026-07-17T02:21:23.023204818Z","level":"INFO","msg":"google auth started"}
Jul 17 02:21:23 vithsutra kiosk-server[2006197]: {"time":"2026-07-17T02:21:23.14154816Z","level":"INFO","msg":"google token verified","google_id":"110818268779554736518","email":"sinchus398@gmail.com"}
Jul 17 02:21:24 vithsutra kiosk-server[2006197]: {"time":"2026-07-17T02:21:24.2043283Z","level":"INFO","msg":"returning user authenticated","user_id":"7b4cff7b-ca15-45fb-8663-ee9d76db320a","email":"sinchus398@gmail.com"}
Jul 17 02:21:24 vithsutra kiosk-server[2006197]: {"time":"2026-07-17T02:21:24.205000929Z","level":"INFO","msg":"google auth completed","user_id":"7b4cff7b-ca15-45fb-8663-ee9d76db320a","email":"sinchus398@gmail.com"}
Jul 17 02:21:24 vithsutra kiosk-server[2006197]: {"time":"2026-07-17T02:21:24.20509284Z","level":"INFO","msg":"request","method":"POST","path":"/auth/google","status":200,"bytes":448,"duration_ms":1182,"request_id":"vithsutra/yJhBRTSzdo-004385","remote_addr":"2409:40f2:3007:1d2b:8432:6eff:feda:5c18"}
Jul 17 02:23:42 vithsutra kiosk-server[2006197]: {"time":"2026-07-17T02:23:42.094586677Z","level":"INFO","msg":"request","method":"OPTIONS","path":"/files/upload/init","status":204,"bytes":0,"duration_ms":0,"request_id":"vithsutra/yJhBRTSzdo-004386","remote_addr":"2409:40f2:3007:1d2b:8432:6eff:feda:5c18"}
Jul 17 02:23:42 vithsutra kiosk-server[2006197]: {"time":"2026-07-17T02:23:42.877684699Z","level":"INFO","msg":"USERID","userId:":"7b4cff7b-ca15-45fb-8663-ee9d76db320a"}
Jul 17 02:23:42 vithsutra kiosk-server[2006197]: {"time":"2026-07-17T02:23:42.877734441Z","level":"INFO","msg":"USEREMAIL","userEmail:":"sinchus398@gmail.com"}
Jul 17 02:23:42 vithsutra kiosk-server[2006197]: {"time":"2026-07-17T02:23:42.877750432Z","level":"INFO","msg":"init upload started","user_id":"7b4cff7b-ca15-45fb-8663-ee9d76db320a","file_count":1,"request_payload":{"files":[{"file_name":"Waste_Management_Segregation_8_Page_300_Words 2.pdf","content_type":"application/pdf"}]}}
Jul 17 02:23:44 vithsutra kiosk-server[2006197]: {"time":"2026-07-17T02:23:44.092256456Z","level":"INFO","msg":"upload session created","session_id":"1f54508f-677c-44bc-b618-96c648a7ce90","user_id":"7b4cff7b-ca15-45fb-8663-ee9d76db320a","expires_at":"2026-07-24T02:23:43.930234821Z"}
Jul 17 02:23:44 vithsutra kiosk-server[2006197]: {"time":"2026-07-17T02:23:44.333652348Z","level":"INFO","msg":"init upload completed","session_id":"1f54508f-677c-44bc-b618-96c648a7ce90","user_id":"7b4cff7b-ca15-45fb-8663-ee9d76db320a","file_count":1}
Jul 17 02:23:44 vithsutra kiosk-server[2006197]: {"time":"2026-07-17T02:23:44.333812186Z","level":"INFO","msg":"request","method":"POST","path":"/files/upload/init","status":201,"bytes":1010,"duration_ms":1456,"request_id":"vithsutra/yJhBRTSzdo-004387","remote_addr":"2409:40f2:3007:1d2b:8432:6eff:feda:5c18"}
Jul 17 02:23:45 vithsutra kiosk-server[2006197]: {"time":"2026-07-17T02:23:45.863987829Z","level":"INFO","msg":"request","method":"OPTIONS","path":"/files/upload/confirm","status":204,"bytes":0,"duration_ms":0,"request_id":"vithsutra/yJhBRTSzdo-004388","remote_addr":"2409:40f2:3007:1d2b:8432:6eff:feda:5c18"}
Jul 17 02:23:46 vithsutra kiosk-server[2006197]: {"time":"2026-07-17T02:23:46.405212498Z","level":"INFO","msg":"confirm upload started","session_id":"1f54508f-677c-44bc-b618-96c648a7ce90","file_count":1}
Jul 17 02:23:46 vithsutra kiosk-server[2006197]: {"time":"2026-07-17T02:23:46.568798459Z","level":"INFO","msg":"session validated for confirm","session_id":"1f54508f-677c-44bc-b618-96c648a7ce90","status":"created"}
Jul 17 02:23:46 vithsutra kiosk-server[2006197]: DEBUG HeadObject → bucket: aiet-printflow-upload-prod  key: uploads/staging/7b4cff7b-ca15-45fb-8663-ee9d76db320a/1f54508f-677c-44bc-b618-96c648a7ce90/c5d0a1d5-74f6-44a7-805e-72400431ba92.pdf
Jul 17 02:23:46 vithsutra kiosk-server[2006197]: {"time":"2026-07-17T02:23:46.993621278Z","level":"INFO","msg":"file price calculated","price":8,"sheets":8,"num_of_pages":8,"copies":1,"page_layout":1,"printing_mode":"monochromatic","printing_side":"single_side"}
Jul 17 02:23:46 vithsutra kiosk-server[2006197]: {"time":"2026-07-17T02:23:46.993675022Z","level":"INFO","msg":"Total done bebug","TotalAmount:":8,"TotalSheetes:":8}
Jul 17 02:23:46 vithsutra kiosk-server[2006197]: {"time":"2026-07-17T02:23:46.993693506Z","level":"INFO","msg":"Page Range bebugging","page_range:":["1-8"]}
Jul 17 02:23:46 vithsutra kiosk-server[2006197]: {"time":"2026-07-17T02:23:46.993713328Z","level":"INFO","msg":"file confirmed","session_id":"1f54508f-677c-44bc-b618-96c648a7ce90","file_id":"c5d0a1d5-74f6-44a7-805e-72400431ba92","file_name":"Waste_Management_Segregation_8_Page_300_Words 2.pdf","sheets":8,"price":8}
Jul 17 02:23:47 vithsutra kiosk-server[2006197]: DEBUG: PageRange in UpdateFileWithPrintOptions: [1-8]
Jul 17 02:23:47 vithsutra kiosk-server[2006197]: {"time":"2026-07-17T02:23:47.475692548Z","level":"INFO","msg":"confirm upload completed","session_id":"1f54508f-677c-44bc-b618-96c648a7ce90","total_sheets":8,"total_amount":8}
Jul 17 02:23:47 vithsutra kiosk-server[2006197]: {"time":"2026-07-17T02:23:47.475823737Z","level":"INFO","msg":"request","method":"POST","path":"/files/upload/confirm","status":200,"bytes":385,"duration_ms":1070,"request_id":"vithsutra/yJhBRTSzdo-004389","remote_addr":"2409:40f2:3007:1d2b:8432:6eff:feda:5c18"}
Jul 17 02:23:48 vithsutra kiosk-server[2006197]: {"time":"2026-07-17T02:23:48.010115667Z","level":"INFO","msg":"request","method":"OPTIONS","path":"/payments/create","status":204,"bytes":0,"duration_ms":0,"request_id":"vithsutra/yJhBRTSzdo-004390","remote_addr":"2409:40f2:3007:1d2b:8432:6eff:feda:5c18"}
Jul 17 02:23:48 vithsutra kiosk-server[2006197]: {"time":"2026-07-17T02:23:48.477800745Z","level":"INFO","msg":"create payment order started","session_id":"1f54508f-677c-44bc-b618-96c648a7ce90","amount_paise_frontend":800}
Jul 17 02:23:49 vithsutra kiosk-server[2006197]: {"time":"2026-07-17T02:23:49.00324077Z","level":"INFO","msg":"razorpay order created","session_id":"1f54508f-677c-44bc-b618-96c648a7ce90","razorpay_order_id":"order_TEP5aL0J2bWqmj","amount_paise":800}
Jul 17 02:23:49 vithsutra kiosk-server[2006197]: {"time":"2026-07-17T02:23:49.164112945Z","level":"INFO","msg":"create payment order completed","session_id":"1f54508f-677c-44bc-b618-96c648a7ce90","payment_id":"8a8ed627-9c82-443c-a1f7-310c78f28c00","razorpay_order_id":"order_TEP5aL0J2bWqmj"}
Jul 17 02:23:49 vithsutra kiosk-server[2006197]: {"time":"2026-07-17T02:23:49.164165226Z","level":"INFO","msg":"Amount:","Amount_paise":800}
Jul 17 02:23:49 vithsutra kiosk-server[2006197]: {"time":"2026-07-17T02:23:49.164250613Z","level":"INFO","msg":"request","method":"POST","path":"/payments/create","status":201,"bytes":232,"duration_ms":686,"request_id":"vithsutra/yJhBRTSzdo-004391","remote_addr":"2409:40f2:3007:1d2b:8432:6eff:feda:5c18"}
Jul 17 02:24:20 vithsutra kiosk-server[2006197]: {"time":"2026-07-17T02:24:20.180446097Z","level":"INFO","msg":"request","method":"OPTIONS","path":"/files/upload/init","status":204,"bytes":0,"duration_ms":0,"request_id":"vithsutra/yJhBRTSzdo-004392","remote_addr":"2409:40f2:3007:1d2b:8432:6eff:feda:5c18"}
Jul 17 02:24:21 vithsutra kiosk-server[2006197]: {"time":"2026-07-17T02:24:21.024661168Z","level":"INFO","msg":"USERID","userId:":"7b4cff7b-ca15-45fb-8663-ee9d76db320a"}
Jul 17 02:24:21 vithsutra kiosk-server[2006197]: {"time":"2026-07-17T02:24:21.024699394Z","level":"INFO","msg":"USEREMAIL","userEmail:":"sinchus398@gmail.com"}
Jul 17 02:24:21 vithsutra kiosk-server[2006197]: {"time":"2026-07-17T02:24:21.024713889Z","level":"INFO","msg":"init upload started","user_id":"7b4cff7b-ca15-45fb-8663-ee9d76db320a","file_count":1,"request_payload":{"files":[{"file_name":"Waste_Management_Segregation_8_Page_300_Words 2.pdf","content_type":"application/pdf"}]}}
Jul 17 02:24:21 vithsutra kiosk-server[2006197]: {"time":"2026-07-17T02:24:21.183997221Z","level":"INFO","msg":"upload session created","session_id":"1d374641-90a8-488c-a41f-db8fb95693d2","user_id":"7b4cff7b-ca15-45fb-8663-ee9d76db320a","expires_at":"2026-07-24T02:24:21.104238178Z"}
Jul 17 02:24:21 vithsutra kiosk-server[2006197]: {"time":"2026-07-17T02:24:21.344360293Z","level":"INFO","msg":"init upload completed","session_id":"1d374641-90a8-488c-a41f-db8fb95693d2","user_id":"7b4cff7b-ca15-45fb-8663-ee9d76db320a","file_count":1}
Jul 17 02:24:21 vithsutra kiosk-server[2006197]: {"time":"2026-07-17T02:24:21.344533407Z","level":"INFO","msg":"request","method":"POST","path":"/files/upload/init","status":201,"bytes":1010,"duration_ms":320,"request_id":"vithsutra/yJhBRTSzdo-004393","remote_addr":"2409:40f2:3007:1d2b:8432:6eff:feda:5c18"}
Jul 17 02:24:22 vithsutra kiosk-server[2006197]: {"time":"2026-07-17T02:24:22.356985568Z","level":"INFO","msg":"request","method":"OPTIONS","path":"/files/upload/confirm","status":204,"bytes":0,"duration_ms":0,"request_id":"vithsutra/yJhBRTSzdo-004394","remote_addr":"2409:40f2:3007:1d2b:8432:6eff:feda:5c18"}
Jul 17 02:24:22 vithsutra kiosk-server[2006197]: {"time":"2026-07-17T02:24:22.751231488Z","level":"INFO","msg":"confirm upload started","session_id":"1d374641-90a8-488c-a41f-db8fb95693d2","file_count":1}
Jul 17 02:24:22 vithsutra kiosk-server[2006197]: {"time":"2026-07-17T02:24:22.83114596Z","level":"INFO","msg":"session validated for confirm","session_id":"1d374641-90a8-488c-a41f-db8fb95693d2","status":"created"}
Jul 17 02:24:22 vithsutra kiosk-server[2006197]: DEBUG HeadObject → bucket: aiet-printflow-upload-prod  key: uploads/staging/7b4cff7b-ca15-45fb-8663-ee9d76db320a/1d374641-90a8-488c-a41f-db8fb95693d2/f7bc162d-3a24-4874-8024-a2ff2f4ee654.pdf
Jul 17 02:24:23 vithsutra kiosk-server[2006197]: {"time":"2026-07-17T02:24:23.164281005Z","level":"INFO","msg":"file price calculated","price":8,"sheets":8,"num_of_pages":8,"copies":1,"page_layout":1,"printing_mode":"monochromatic","printing_side":"single_side"}
Jul 17 02:24:23 vithsutra kiosk-server[2006197]: {"time":"2026-07-17T02:24:23.16434021Z","level":"INFO","msg":"Total done bebug","TotalAmount:":8,"TotalSheetes:":8}
Jul 17 02:24:23 vithsutra kiosk-server[2006197]: {"time":"2026-07-17T02:24:23.164358997Z","level":"INFO","msg":"Page Range bebugging","page_range:":["1-8"]}
Jul 17 02:24:23 vithsutra kiosk-server[2006197]: {"time":"2026-07-17T02:24:23.164378969Z","level":"INFO","msg":"file confirmed","session_id":"1d374641-90a8-488c-a41f-db8fb95693d2","file_id":"f7bc162d-3a24-4874-8024-a2ff2f4ee654","file_name":"Waste_Management_Segregation_8_Page_300_Words 2.pdf","sheets":8,"price":8}
Jul 17 02:24:23 vithsutra kiosk-server[2006197]: DEBUG: PageRange in UpdateFileWithPrintOptions: [1-8]
Jul 17 02:24:23 vithsutra kiosk-server[2006197]: {"time":"2026-07-17T02:24:23.4837748Z","level":"INFO","msg":"confirm upload completed","session_id":"1d374641-90a8-488c-a41f-db8fb95693d2","total_sheets":8,"total_amount":8}
Jul 17 02:24:23 vithsutra kiosk-server[2006197]: {"time":"2026-07-17T02:24:23.483849385Z","level":"INFO","msg":"request","method":"POST","path":"/files/upload/confirm","status":200,"bytes":385,"duration_ms":732,"request_id":"vithsutra/yJhBRTSzdo-004395","remote_addr":"2409:40f2:3007:1d2b:8432:6eff:feda:5c18"}
Jul 17 02:24:23 vithsutra kiosk-server[2006197]: {"time":"2026-07-17T02:24:23.894308439Z","level":"INFO","msg":"request","method":"OPTIONS","path":"/payments/create","status":204,"bytes":0,"duration_ms":0,"request_id":"vithsutra/yJhBRTSzdo-004396","remote_addr":"2409:40f2:3007:1d2b:8432:6eff:feda:5c18"}
Jul 17 02:24:24 vithsutra kiosk-server[2006197]: {"time":"2026-07-17T02:24:24.295096254Z","level":"INFO","msg":"create payment order started","session_id":"1d374641-90a8-488c-a41f-db8fb95693d2","amount_paise_frontend":800}
Jul 17 02:24:24 vithsutra kiosk-server[2006197]: {"time":"2026-07-17T02:24:24.467247266Z","level":"INFO","msg":"razorpay order created","session_id":"1d374641-90a8-488c-a41f-db8fb95693d2","razorpay_order_id":"order_TEP6D3WvHNDKZJ","amount_paise":800}
Jul 17 02:24:24 vithsutra kiosk-server[2006197]: {"time":"2026-07-17T02:24:24.54806528Z","level":"INFO","msg":"create payment order completed","session_id":"1d374641-90a8-488c-a41f-db8fb95693d2","payment_id":"8386966a-26d5-468a-83a4-8ae43d80d195","razorpay_order_id":"order_TEP6D3WvHNDKZJ"}
Jul 17 02:24:24 vithsutra kiosk-server[2006197]: {"time":"2026-07-17T02:24:24.548110801Z","level":"INFO","msg":"Amount:","Amount_paise":800}
Jul 17 02:24:24 vithsutra kiosk-server[2006197]: {"time":"2026-07-17T02:24:24.548183039Z","level":"INFO","msg":"request","method":"POST","path":"/payments/create","status":201,"bytes":232,"duration_ms":253,"request_id":"vithsutra/yJhBRTSzdo-004397","remote_addr":"2409:40f2:3007:1d2b:8432:6eff:feda:5c18"}
Jul 17 02:24:45 vithsutra kiosk-server[2006197]: {"time":"2026-07-17T02:24:45.381875164Z","level":"INFO","msg":"webhook received","event":"payment.captured"}
Jul 17 02:24:45 vithsutra kiosk-server[2006197]: {"time":"2026-07-17T02:24:45.381915729Z","level":"INFO","msg":"processing payment success","razorpay_order_id":"order_TEP6D3WvHNDKZJ","razorpay_payment_id":"pay_TEP6HK3I55uASB"}
Jul 17 02:24:46 vithsutra kiosk-server[2006197]: {"time":"2026-07-17T02:24:46.053591043Z","level":"INFO","msg":"file promoted","session_id":"1d374641-90a8-488c-a41f-db8fb95693d2","file_id":"f7bc162d-3a24-4874-8024-a2ff2f4ee654","final_key":"uploads/final/7b4cff7b-ca15-45fb-8663-ee9d76db320a/1d374641-90a8-488c-a41f-db8fb95693d2/f7bc162d-3a24-4874-8024-a2ff2f4ee654.pdf"}
Jul 17 02:24:46 vithsutra kiosk-server[2006197]: {"time":"2026-07-17T02:24:46.691888705Z","level":"INFO","msg":"payment success committed","session_id":"1d374641-90a8-488c-a41f-db8fb95693d2","razorpay_order_id":"order_TEP6D3WvHNDKZJ","razorpay_payment_id":"pay_TEP6HK3I55uASB","files_promoted":1}
Jul 17 02:24:46 vithsutra kiosk-server[2006197]: {"time":"2026-07-17T02:24:46.691999338Z","level":"INFO","msg":"request","method":"POST","path":"/webhooks/razorpay","status":200,"bytes":21,"duration_ms":1310,"request_id":"vithsutra/yJhBRTSzdo-004398","remote_addr":"52.66.76.63"}
Jul 17 02:24:50 vithsutra kiosk-server[2006197]: {"time":"2026-07-17T02:24:50.223190669Z","level":"INFO","msg":"request","method":"OPTIONS","path":"/payments/status/1d374641-90a8-488c-a41f-db8fb95693d2","status":204,"bytes":0,"duration_ms":0,"request_id":"vithsutra/yJhBRTSzdo-004399","remote_addr":"2409:40f2:3007:1d2b:8432:6eff:feda:5c18"}
Jul 17 02:24:50 vithsutra kiosk-server[2006197]: {"time":"2026-07-17T02:24:50.706660855Z","level":"INFO","msg":"get job by session ID started","session_id":"1d374641-90a8-488c-a41f-db8fb95693d2"}
Jul 17 02:24:50 vithsutra kiosk-server[2006197]: {"time":"2026-07-17T02:24:50.772689441Z","level":"INFO","msg":"Token Debugging","Token:":"291317"}
Jul 17 02:24:50 vithsutra kiosk-server[2006197]: {"time":"2026-07-17T02:24:50.854335989Z","level":"INFO","msg":"get job by session ID completed","session_id":"1d374641-90a8-488c-a41f-db8fb95693d2","file_count":1}
Jul 17 02:24:50 vithsutra kiosk-server[2006197]: {"time":"2026-07-17T02:24:50.85448769Z","level":"INFO","msg":"request","method":"GET","path":"/payments/status/1d374641-90a8-488c-a41f-db8fb95693d2","status":200,"bytes":720,"duration_ms":147,"request_id":"vithsutra/yJhBRTSzdo-004400","remote_addr":"2409:40f2:3007:1d2b:8432:6eff:feda:5c18"}
Jul 17 02:25:42 vithsutra kiosk-server[2006197]: {"time":"2026-07-17T02:25:42.239351647Z","level":"INFO","msg":"get job by token started","token":291317}
Jul 17 02:25:42 vithsutra kiosk-server[2006197]: DEBUG PRESIGN GET URL: https://aiet-printflow-upload-prod.s3.ap-south-1.amazonaws.com/uploads/final/7b4cff7b-ca15-45fb-8663-ee9d76db320a/1d374641-90a8-488c-a41f-db8fb95693d2/f7bc162d-3a24-4874-8024-a2ff2f4ee654.pdf?X-Amz-Algorithm=AWS4-HMAC-SHA256&X-Amz-Checksum-Mode=ENABLED&X-Amz-Credential=AKIAURY6ZINDKCABHGV3%2F20260717%2Fap-south-1%2Fs3%2Faws4_request&X-Amz-Date=20260717T022542Z&X-Amz-Expires=900&X-Amz-SignedHeaders=host&x-id=GetObject&X-Amz-Signature=fd6e7c125cba4de5b6b13e3562058b1488b57f69e9eb3e76fbd89e3a4815fc1b
Jul 17 02:25:42 vithsutra kiosk-server[2006197]: {"time":"2026-07-17T02:25:42.480780019Z","level":"INFO","msg":"final_Key_Bebugging","final_key:":"uploads/final/7b4cff7b-ca15-45fb-8663-ee9d76db320a/1d374641-90a8-488c-a41f-db8fb95693d2/f7bc162d-3a24-4874-8024-a2ff2f4ee654.pdf"}
Jul 17 02:25:42 vithsutra kiosk-server[2006197]: {"time":"2026-07-17T02:25:42.48081166Z","level":"INFO","msg":"get job by token completed","token":291317,"session_id":"1d374641-90a8-488c-a41f-db8fb95693d2","file_count":1}
Jul 17 02:25:42 vithsutra kiosk-server[2006197]: {"time":"2026-07-17T02:25:42.480924039Z","level":"INFO","msg":"request","method":"POST","path":"/print/jobs/token","status":200,"bytes":986,"duration_ms":241,"request_id":"vithsutra/yJhBRTSzdo-004401","remote_addr":"103.89.233.254"}
Jul 17 02:26:32 vithsutra kiosk-server[2006197]: {"time":"2026-07-17T02:26:32.950997912Z","level":"INFO","msg":"expire session after printing started","session_id":"1d374641-90a8-488c-a41f-db8fb95693d2"}
Jul 17 02:26:33 vithsutra kiosk-server[2006197]: {"time":"2026-07-17T02:26:33.191126852Z","level":"INFO","msg":"session marked completed","session_id":"1d374641-90a8-488c-a41f-db8fb95693d2"}
Jul 17 02:26:33 vithsutra kiosk-server[2006197]: {"time":"2026-07-17T02:26:33.351828745Z","level":"WARN","msg":"no completed file found for session 1d374641-90a8-488c-a41f-db8fb95693d2","code":"no_completed_file"}
Jul 17 02:26:33 vithsutra kiosk-server[2006197]: {"time":"2026-07-17T02:26:33.351947182Z","level":"INFO","msg":"request","method":"POST","path":"/print/jobs/expire","status":404,"bytes":124,"duration_ms":401,"request_id":"vithsutra/yJhBRTSzdo-004402","remote_addr":"103.89.233.254"}
Jul 17 02:27:07 vithsutra kiosk-server[2006197]: {"time":"2026-07-17T02:27:07.876431209Z","level":"INFO","msg":"USERID","userId:":"7b4cff7b-ca15-45fb-8663-ee9d76db320a"}
Jul 17 02:27:07 vithsutra kiosk-server[2006197]: {"time":"2026-07-17T02:27:07.876477394Z","level":"INFO","msg":"USEREMAIL","userEmail:":"sinchus398@gmail.com"}
Jul 17 02:27:07 vithsutra kiosk-server[2006197]: {"time":"2026-07-17T02:27:07.876493513Z","level":"INFO","msg":"init upload started","user_id":"7b4cff7b-ca15-45fb-8663-ee9d76db320a","file_count":1,"request_payload":{"files":[{"file_name":"sinchana nk (5).pdf","content_type":"application/pdf"}]}}
Jul 17 02:27:08 vithsutra kiosk-server[2006197]: {"time":"2026-07-17T02:27:08.035949772Z","level":"INFO","msg":"upload session created","session_id":"77fd7584-9e8e-4a18-a6a1-29f34926c855","user_id":"7b4cff7b-ca15-45fb-8663-ee9d76db320a","expires_at":"2026-07-24T02:27:07.956150381Z"}
Jul 17 02:27:08 vithsutra kiosk-server[2006197]: {"time":"2026-07-17T02:27:08.196944796Z","level":"INFO","msg":"init upload completed","session_id":"77fd7584-9e8e-4a18-a6a1-29f34926c855","user_id":"7b4cff7b-ca15-45fb-8663-ee9d76db320a","file_count":1}
Jul 17 02:27:08 vithsutra kiosk-server[2006197]: {"time":"2026-07-17T02:27:08.19714077Z","level":"INFO","msg":"request","method":"POST","path":"/files/upload/init","status":201,"bytes":978,"duration_ms":320,"request_id":"vithsutra/yJhBRTSzdo-004403","remote_addr":"2409:40f2:3007:1d2b:8432:6eff:feda:5c18"}
Jul 17 02:27:09 vithsutra kiosk-server[2006197]: {"time":"2026-07-17T02:27:09.679614433Z","level":"INFO","msg":"confirm upload started","session_id":"77fd7584-9e8e-4a18-a6a1-29f34926c855","file_count":1}
Jul 17 02:27:09 vithsutra kiosk-server[2006197]: {"time":"2026-07-17T02:27:09.759323851Z","level":"INFO","msg":"session validated for confirm","session_id":"77fd7584-9e8e-4a18-a6a1-29f34926c855","status":"created"}
Jul 17 02:27:09 vithsutra kiosk-server[2006197]: DEBUG HeadObject → bucket: aiet-printflow-upload-prod  key: uploads/staging/7b4cff7b-ca15-45fb-8663-ee9d76db320a/77fd7584-9e8e-4a18-a6a1-29f34926c855/dc619775-2c26-407d-8b00-2ea38bfcdb3b.pdf
Jul 17 02:27:09 vithsutra kiosk-server[2006197]: {"time":"2026-07-17T02:27:09.971701107Z","level":"INFO","msg":"file price calculated","price":20,"sheets":4,"num_of_pages":4,"copies":1,"page_layout":1,"printing_mode":"color","printing_side":"single_side"}
Jul 17 02:27:09 vithsutra kiosk-server[2006197]: {"time":"2026-07-17T02:27:09.97172907Z","level":"INFO","msg":"Total done bebug","TotalAmount:":20,"TotalSheetes:":4}
Jul 17 02:27:09 vithsutra kiosk-server[2006197]: {"time":"2026-07-17T02:27:09.971736669Z","level":"INFO","msg":"Page Range bebugging","page_range:":["1-4"]}
Jul 17 02:27:09 vithsutra kiosk-server[2006197]: {"time":"2026-07-17T02:27:09.971745764Z","level":"INFO","msg":"file confirmed","session_id":"77fd7584-9e8e-4a18-a6a1-29f34926c855","file_id":"dc619775-2c26-407d-8b00-2ea38bfcdb3b","file_name":"sinchana nk (5).pdf","sheets":4,"price":20}
Jul 17 02:27:10 vithsutra kiosk-server[2006197]: DEBUG: PageRange in UpdateFileWithPrintOptions: [1-4]
Jul 17 02:27:10 vithsutra kiosk-server[2006197]: {"time":"2026-07-17T02:27:10.290114571Z","level":"INFO","msg":"confirm upload completed","session_id":"77fd7584-9e8e-4a18-a6a1-29f34926c855","total_sheets":4,"total_amount":20}
Jul 17 02:27:10 vithsutra kiosk-server[2006197]: {"time":"2026-07-17T02:27:10.290252352Z","level":"INFO","msg":"request","method":"POST","path":"/files/upload/confirm","status":200,"bytes":355,"duration_ms":610,"request_id":"vithsutra/yJhBRTSzdo-004404","remote_addr":"2409:40f2:3007:1d2b:8432:6eff:feda:5c18"}
Jul 17 02:27:10 vithsutra kiosk-server[2006197]: {"time":"2026-07-17T02:27:10.728173714Z","level":"INFO","msg":"create payment order started","session_id":"77fd7584-9e8e-4a18-a6a1-29f34926c855","amount_paise_frontend":2000}
Jul 17 02:27:11 vithsutra kiosk-server[2006197]: {"time":"2026-07-17T02:27:11.117249673Z","level":"INFO","msg":"razorpay order created","session_id":"77fd7584-9e8e-4a18-a6a1-29f34926c855","razorpay_order_id":"order_TEP98vEiQp88BG","amount_paise":2000}
Jul 17 02:27:11 vithsutra kiosk-server[2006197]: {"time":"2026-07-17T02:27:11.197954444Z","level":"INFO","msg":"create payment order completed","session_id":"77fd7584-9e8e-4a18-a6a1-29f34926c855","payment_id":"e3fdeab6-66a8-4656-92d3-41343ce84003","razorpay_order_id":"order_TEP98vEiQp88BG"}
Jul 17 02:27:11 vithsutra kiosk-server[2006197]: {"time":"2026-07-17T02:27:11.198004657Z","level":"INFO","msg":"Amount:","Amount_paise":2000}
Jul 17 02:27:11 vithsutra kiosk-server[2006197]: {"time":"2026-07-17T02:27:11.198091267Z","level":"INFO","msg":"request","method":"POST","path":"/payments/create","status":201,"bytes":233,"duration_ms":470,"request_id":"vithsutra/yJhBRTSzdo-004405","remote_addr":"2409:40f2:3007:1d2b:8432:6eff:feda:5c18"}
Jul 17 02:27:30 vithsutra kiosk-server[2006197]: {"time":"2026-07-17T02:27:30.947428239Z","level":"INFO","msg":"webhook received","event":"payment.captured"}
Jul 17 02:27:30 vithsutra kiosk-server[2006197]: {"time":"2026-07-17T02:27:30.948040926Z","level":"INFO","msg":"processing payment success","razorpay_order_id":"order_TEP98vEiQp88BG","razorpay_payment_id":"pay_TEP9DtJZNPIEOc"}
Jul 17 02:27:31 vithsutra kiosk-server[2006197]: {"time":"2026-07-17T02:27:31.369444729Z","level":"INFO","msg":"file promoted","session_id":"77fd7584-9e8e-4a18-a6a1-29f34926c855","file_id":"dc619775-2c26-407d-8b00-2ea38bfcdb3b","final_key":"uploads/final/7b4cff7b-ca15-45fb-8663-ee9d76db320a/77fd7584-9e8e-4a18-a6a1-29f34926c855/dc619775-2c26-407d-8b00-2ea38bfcdb3b.pdf"}
Jul 17 02:27:31 vithsutra kiosk-server[2006197]: {"time":"2026-07-17T02:27:31.768590557Z","level":"INFO","msg":"payment success committed","session_id":"77fd7584-9e8e-4a18-a6a1-29f34926c855","razorpay_order_id":"order_TEP98vEiQp88BG","razorpay_payment_id":"pay_TEP9DtJZNPIEOc","files_promoted":1}
Jul 17 02:27:31 vithsutra kiosk-server[2006197]: {"time":"2026-07-17T02:27:31.768696192Z","level":"INFO","msg":"request","method":"POST","path":"/webhooks/razorpay","status":200,"bytes":21,"duration_ms":821,"request_id":"vithsutra/yJhBRTSzdo-004406","remote_addr":"52.66.76.63"}
Jul 17 02:27:35 vithsutra kiosk-server[2006197]: {"time":"2026-07-17T02:27:35.94928828Z","level":"INFO","msg":"request","method":"OPTIONS","path":"/payments/status/77fd7584-9e8e-4a18-a6a1-29f34926c855","status":204,"bytes":0,"duration_ms":0,"request_id":"vithsutra/yJhBRTSzdo-004407","remote_addr":"2409:40f2:3007:1d2b:8432:6eff:feda:5c18"}
Jul 17 02:27:36 vithsutra kiosk-server[2006197]: {"time":"2026-07-17T02:27:36.47403141Z","level":"INFO","msg":"get job by session ID started","session_id":"77fd7584-9e8e-4a18-a6a1-29f34926c855"}
Jul 17 02:27:36 vithsutra kiosk-server[2006197]: {"time":"2026-07-17T02:27:36.553973208Z","level":"INFO","msg":"Token Debugging","Token:":"165848"}
Jul 17 02:27:36 vithsutra kiosk-server[2006197]: {"time":"2026-07-17T02:27:36.634950943Z","level":"INFO","msg":"get job by session ID completed","session_id":"77fd7584-9e8e-4a18-a6a1-29f34926c855","file_count":1}
Jul 17 02:27:36 vithsutra kiosk-server[2006197]: {"time":"2026-07-17T02:27:36.635102709Z","level":"INFO","msg":"request","method":"GET","path":"/payments/status/77fd7584-9e8e-4a18-a6a1-29f34926c855","status":200,"bytes":682,"duration_ms":161,"request_id":"vithsutra/yJhBRTSzdo-004408","remote_addr":"2409:40f2:3007:1d2b:8432:6eff:feda:5c18"}
Jul 17 02:27:43 vithsutra kiosk-server[2006197]: {"time":"2026-07-17T02:27:43.450076303Z","level":"INFO","msg":"get job by token started","token":165848}
Jul 17 02:27:43 vithsutra kiosk-server[2006197]: DEBUG PRESIGN GET URL: https://aiet-printflow-upload-prod.s3.ap-south-1.amazonaws.com/uploads/final/7b4cff7b-ca15-45fb-8663-ee9d76db320a/77fd7584-9e8e-4a18-a6a1-29f34926c855/dc619775-2c26-407d-8b00-2ea38bfcdb3b.pdf?X-Amz-Algorithm=AWS4-HMAC-SHA256&X-Amz-Checksum-Mode=ENABLED&X-Amz-Credential=AKIAURY6ZINDKCABHGV3%2F20260717%2Fap-south-1%2Fs3%2Faws4_request&X-Amz-Date=20260717T022743Z&X-Amz-Expires=900&X-Amz-SignedHeaders=host&x-id=GetObject&X-Amz-Signature=0d18f2e1d72a4ba2849fa37dd4dfc91a78416d821592d882a533a1fc7486902a
Jul 17 02:27:43 vithsutra kiosk-server[2006197]: {"time":"2026-07-17T02:27:43.61152239Z","level":"INFO","msg":"final_Key_Bebugging","final_key:":"uploads/final/7b4cff7b-ca15-45fb-8663-ee9d76db320a/77fd7584-9e8e-4a18-a6a1-29f34926c855/dc619775-2c26-407d-8b00-2ea38bfcdb3b.pdf"}
Jul 17 02:27:43 vithsutra kiosk-server[2006197]: {"time":"2026-07-17T02:27:43.611553739Z","level":"INFO","msg":"get job by token completed","token":165848,"session_id":"77fd7584-9e8e-4a18-a6a1-29f34926c855","file_count":1}
Jul 17 02:27:43 vithsutra kiosk-server[2006197]: {"time":"2026-07-17T02:27:43.611648234Z","level":"INFO","msg":"request","method":"POST","path":"/print/jobs/token","status":200,"bytes":948,"duration_ms":161,"request_id":"vithsutra/yJhBRTSzdo-004409","remote_addr":"103.89.233.254"}
Jul 17 02:28:20 vithsutra kiosk-server[2006197]: {"time":"2026-07-17T02:28:20.297989334Z","level":"INFO","msg":"expire session after printing started","session_id":"77fd7584-9e8e-4a18-a6a1-29f34926c855"}
Jul 17 02:28:20 vithsutra kiosk-server[2006197]: {"time":"2026-07-17T02:28:20.457910396Z","level":"INFO","msg":"session marked completed","session_id":"77fd7584-9e8e-4a18-a6a1-29f34926c855"}
Jul 17 02:28:20 vithsutra kiosk-server[2006197]: {"time":"2026-07-17T02:28:20.630375361Z","level":"WARN","msg":"no completed file found for session 77fd7584-9e8e-4a18-a6a1-29f34926c855","code":"no_completed_file"}
Jul 17 02:28:20 vithsutra kiosk-server[2006197]: {"time":"2026-07-17T02:28:20.630493693Z","level":"INFO","msg":"request","method":"POST","path":"/print/jobs/expire","status":404,"bytes":124,"duration_ms":332,"request_id":"vithsutra/yJhBRTSzdo-004410","remote_addr":"103.89.233.254"}
Jul 17 02:35:52 vithsutra kiosk-server[2006197]: {"time":"2026-07-17T02:35:52.346249749Z","level":"INFO","msg":"webhook received","event":"payment.failed"}
Jul 17 02:35:52 vithsutra kiosk-server[2006197]: {"time":"2026-07-17T02:35:52.346295486Z","level":"WARN","msg":"payment failed","razorpay_order_id":"order_TEP5aL0J2bWqmj"}
Jul 17 02:35:54 vithsutra kiosk-server[2006197]: {"time":"2026-07-17T02:35:54.375663096Z","level":"INFO","msg":"payment failure recorded","razorpay_order_id":"order_TEP5aL0J2bWqmj"}
Jul 17 02:35:54 vithsutra kiosk-server[2006197]: {"time":"2026-07-17T02:35:54.375773585Z","level":"INFO","msg":"request","method":"POST","path":"/webhooks/razorpay","status":200,"bytes":21,"duration_ms":2029,"request_id":"vithsutra/yJhBRTSzdo-004411","remote_addr":"52.66.75.174"}
Jul 17 02:43:42 vithsutra kiosk-server[2006197]: {"time":"2026-07-17T02:43:42.639303196Z","level":"INFO","msg":"request","method":"OPTIONS","path":"/files/upload/init","status":204,"bytes":0,"duration_ms":0,"request_id":"vithsutra/yJhBRTSzdo-004412","remote_addr":"2409:40f2:3043:ef13:8000::"}
Jul 17 02:43:42 vithsutra kiosk-server[2006197]: {"time":"2026-07-17T02:43:42.861944764Z","level":"INFO","msg":"USERID","userId:":"637a367b-5e9b-411b-a7b8-25dbd19c725f"}
Jul 17 02:43:42 vithsutra kiosk-server[2006197]: {"time":"2026-07-17T02:43:42.861987039Z","level":"INFO","msg":"USEREMAIL","userEmail:":"manojsalian12468@gmail.com"}
Jul 17 02:43:42 vithsutra kiosk-server[2006197]: {"time":"2026-07-17T02:43:42.862003047Z","level":"INFO","msg":"init upload started","user_id":"637a367b-5e9b-411b-a7b8-25dbd19c725f","file_count":1,"request_payload":{"files":[{"file_name":"FM leverage.pdf","content_type":"application/pdf"}]}}
Jul 17 02:43:43 vithsutra kiosk-server[2006197]: {"time":"2026-07-17T02:43:43.854508616Z","level":"INFO","msg":"upload session created","session_id":"9aba0f73-580d-472a-8a9c-9eb2f22b3e57","user_id":"637a367b-5e9b-411b-a7b8-25dbd19c725f","expires_at":"2026-07-24T02:43:43.741607844Z"}
Jul 17 02:43:44 vithsutra kiosk-server[2006197]: {"time":"2026-07-17T02:43:44.022715641Z","level":"INFO","msg":"init upload completed","session_id":"9aba0f73-580d-472a-8a9c-9eb2f22b3e57","user_id":"637a367b-5e9b-411b-a7b8-25dbd19c725f","file_count":1}
Jul 17 02:43:44 vithsutra kiosk-server[2006197]: {"time":"2026-07-17T02:43:44.022892564Z","level":"INFO","msg":"request","method":"POST","path":"/files/upload/init","status":201,"bytes":974,"duration_ms":1161,"request_id":"vithsutra/yJhBRTSzdo-004413","remote_addr":"2409:40f2:3043:ef13:8000::"}
Jul 17 02:43:44 vithsutra kiosk-server[2006197]: {"time":"2026-07-17T02:43:44.78400059Z","level":"INFO","msg":"request","method":"OPTIONS","path":"/files/upload/confirm","status":204,"bytes":0,"duration_ms":0,"request_id":"vithsutra/yJhBRTSzdo-004414","remote_addr":"2409:40f2:3043:ef13:8000::"}
Jul 17 02:43:44 vithsutra kiosk-server[2006197]: {"time":"2026-07-17T02:43:44.918047983Z","level":"INFO","msg":"confirm upload started","session_id":"9aba0f73-580d-472a-8a9c-9eb2f22b3e57","file_count":1}
Jul 17 02:43:45 vithsutra kiosk-server[2006197]: {"time":"2026-07-17T02:43:45.031526707Z","level":"INFO","msg":"session validated for confirm","session_id":"9aba0f73-580d-472a-8a9c-9eb2f22b3e57","status":"created"}
Jul 17 02:43:45 vithsutra kiosk-server[2006197]: DEBUG HeadObject → bucket: aiet-printflow-upload-prod  key: uploads/staging/637a367b-5e9b-411b-a7b8-25dbd19c725f/9aba0f73-580d-472a-8a9c-9eb2f22b3e57/e1f2b021-d446-4d99-a225-309d078fe222.pdf
Jul 17 02:43:45 vithsutra kiosk-server[2006197]: {"time":"2026-07-17T02:43:45.286590635Z","level":"INFO","msg":"file price calculated","price":7,"sheets":4,"num_of_pages":7,"copies":1,"page_layout":1,"printing_mode":"monochromatic","printing_side":"double_side"}
Jul 17 02:43:45 vithsutra kiosk-server[2006197]: {"time":"2026-07-17T02:43:45.286647644Z","level":"INFO","msg":"Total done bebug","TotalAmount:":7,"TotalSheetes:":4}
Jul 17 02:43:45 vithsutra kiosk-server[2006197]: {"time":"2026-07-17T02:43:45.28666817Z","level":"INFO","msg":"Page Range bebugging","page_range:":["1-7"]}
Jul 17 02:43:45 vithsutra kiosk-server[2006197]: {"time":"2026-07-17T02:43:45.28669171Z","level":"INFO","msg":"file confirmed","session_id":"9aba0f73-580d-472a-8a9c-9eb2f22b3e57","file_id":"e1f2b021-d446-4d99-a225-309d078fe222","file_name":"FM leverage.pdf","sheets":4,"price":7}
Jul 17 02:43:45 vithsutra kiosk-server[2006197]: DEBUG: PageRange in UpdateFileWithPrintOptions: [1-7]
Jul 17 02:43:45 vithsutra kiosk-server[2006197]: {"time":"2026-07-17T02:43:45.618897212Z","level":"INFO","msg":"confirm upload completed","session_id":"9aba0f73-580d-472a-8a9c-9eb2f22b3e57","total_sheets":4,"total_amount":7}
Jul 17 02:43:45 vithsutra kiosk-server[2006197]: {"time":"2026-07-17T02:43:45.619033208Z","level":"INFO","msg":"request","method":"POST","path":"/files/upload/confirm","status":200,"bytes":349,"duration_ms":701,"request_id":"vithsutra/yJhBRTSzdo-004415","remote_addr":"2409:40f2:3043:ef13:8000::"}
Jul 17 02:43:45 vithsutra kiosk-server[2006197]: {"time":"2026-07-17T02:43:45.787256215Z","level":"INFO","msg":"request","method":"OPTIONS","path":"/payments/create","status":204,"bytes":0,"duration_ms":0,"request_id":"vithsutra/yJhBRTSzdo-004416","remote_addr":"2409:40f2:3043:ef13:8000::"}
Jul 17 02:43:45 vithsutra kiosk-server[2006197]: {"time":"2026-07-17T02:43:45.916691841Z","level":"INFO","msg":"create payment order started","session_id":"9aba0f73-580d-472a-8a9c-9eb2f22b3e57","amount_paise_frontend":700}
Jul 17 02:43:46 vithsutra kiosk-server[2006197]: {"time":"2026-07-17T02:43:46.324415921Z","level":"INFO","msg":"razorpay order created","session_id":"9aba0f73-580d-472a-8a9c-9eb2f22b3e57","razorpay_order_id":"order_TEPQfH7f9o4W4s","amount_paise":700}
Jul 17 02:43:46 vithsutra kiosk-server[2006197]: {"time":"2026-07-17T02:43:46.434408367Z","level":"INFO","msg":"create payment order completed","session_id":"9aba0f73-580d-472a-8a9c-9eb2f22b3e57","payment_id":"ffcda7c8-4e5c-4ba5-b040-d8ff2c97b12d","razorpay_order_id":"order_TEPQfH7f9o4W4s"}
Jul 17 02:43:46 vithsutra kiosk-server[2006197]: {"time":"2026-07-17T02:43:46.434431207Z","level":"INFO","msg":"Amount:","Amount_paise":700}
Jul 17 02:43:46 vithsutra kiosk-server[2006197]: {"time":"2026-07-17T02:43:46.434477326Z","level":"INFO","msg":"request","method":"POST","path":"/payments/create","status":201,"bytes":232,"duration_ms":517,"request_id":"vithsutra/yJhBRTSzdo-004417","remote_addr":"2409:40f2:3043:ef13:8000::"}
Jul 17 02:44:20 vithsutra kiosk-server[2006197]: {"time":"2026-07-17T02:44:20.602403211Z","level":"INFO","msg":"webhook received","event":"payment.captured"}
Jul 17 02:44:20 vithsutra kiosk-server[2006197]: {"time":"2026-07-17T02:44:20.602450806Z","level":"INFO","msg":"processing payment success","razorpay_order_id":"order_TEPQfH7f9o4W4s","razorpay_payment_id":"pay_TEPQz8kPwhgqWm"}
Jul 17 02:44:21 vithsutra kiosk-server[2006197]: {"time":"2026-07-17T02:44:21.087375916Z","level":"INFO","msg":"file promoted","session_id":"9aba0f73-580d-472a-8a9c-9eb2f22b3e57","file_id":"e1f2b021-d446-4d99-a225-309d078fe222","final_key":"uploads/final/637a367b-5e9b-411b-a7b8-25dbd19c725f/9aba0f73-580d-472a-8a9c-9eb2f22b3e57/e1f2b021-d446-4d99-a225-309d078fe222.pdf"}
Jul 17 02:44:21 vithsutra kiosk-server[2006197]: {"time":"2026-07-17T02:44:21.51751539Z","level":"INFO","msg":"payment success committed","session_id":"9aba0f73-580d-472a-8a9c-9eb2f22b3e57","razorpay_order_id":"order_TEPQfH7f9o4W4s","razorpay_payment_id":"pay_TEPQz8kPwhgqWm","files_promoted":1}
Jul 17 02:44:21 vithsutra kiosk-server[2006197]: {"time":"2026-07-17T02:44:21.517625925Z","level":"INFO","msg":"request","method":"POST","path":"/webhooks/razorpay","status":200,"bytes":21,"duration_ms":915,"request_id":"vithsutra/yJhBRTSzdo-004418","remote_addr":"52.66.76.63"}
Jul 17 02:44:29 vithsutra kiosk-server[2006197]: {"time":"2026-07-17T02:44:29.05644604Z","level":"INFO","msg":"request","method":"OPTIONS","path":"/payments/status/9aba0f73-580d-472a-8a9c-9eb2f22b3e57","status":204,"bytes":0,"duration_ms":0,"request_id":"vithsutra/yJhBRTSzdo-004419","remote_addr":"2409:40f2:3043:ef13:8000::"}
Jul 17 02:44:29 vithsutra kiosk-server[2006197]: {"time":"2026-07-17T02:44:29.196662634Z","level":"INFO","msg":"get job by session ID started","session_id":"9aba0f73-580d-472a-8a9c-9eb2f22b3e57"}
Jul 17 02:44:29 vithsutra kiosk-server[2006197]: {"time":"2026-07-17T02:44:29.250404409Z","level":"INFO","msg":"Token Debugging","Token:":"991577"}
Jul 17 02:44:29 vithsutra kiosk-server[2006197]: {"time":"2026-07-17T02:44:29.306636605Z","level":"INFO","msg":"get job by session ID completed","session_id":"9aba0f73-580d-472a-8a9c-9eb2f22b3e57","file_count":1}
Jul 17 02:44:29 vithsutra kiosk-server[2006197]: {"time":"2026-07-17T02:44:29.306780999Z","level":"INFO","msg":"request","method":"GET","path":"/payments/status/9aba0f73-580d-472a-8a9c-9eb2f22b3e57","status":200,"bytes":684,"duration_ms":110,"request_id":"vithsutra/yJhBRTSzdo-004420","remote_addr":"2409:40f2:3043:ef13:8000::"}
Jul 17 02:44:42 vithsutra kiosk-server[2006197]: {"time":"2026-07-17T02:44:42.430184815Z","level":"INFO","msg":"get job by token started","token":991577}
Jul 17 02:44:42 vithsutra kiosk-server[2006197]: DEBUG PRESIGN GET URL: https://aiet-printflow-upload-prod.s3.ap-south-1.amazonaws.com/uploads/final/637a367b-5e9b-411b-a7b8-25dbd19c725f/9aba0f73-580d-472a-8a9c-9eb2f22b3e57/e1f2b021-d446-4d99-a225-309d078fe222.pdf?X-Amz-Algorithm=AWS4-HMAC-SHA256&X-Amz-Checksum-Mode=ENABLED&X-Amz-Credential=AKIAURY6ZINDKCABHGV3%2F20260717%2Fap-south-1%2Fs3%2Faws4_request&X-Amz-Date=20260717T024442Z&X-Amz-Expires=900&X-Amz-SignedHeaders=host&x-id=GetObject&X-Amz-Signature=6ad3fa1a461b7c2c2cbfb962686a8ae67ea03bdb8058649293896661524cd2f3
Jul 17 02:44:42 vithsutra kiosk-server[2006197]: {"time":"2026-07-17T02:44:42.593455086Z","level":"INFO","msg":"final_Key_Bebugging","final_key:":"uploads/final/637a367b-5e9b-411b-a7b8-25dbd19c725f/9aba0f73-580d-472a-8a9c-9eb2f22b3e57/e1f2b021-d446-4d99-a225-309d078fe222.pdf"}
Jul 17 02:44:42 vithsutra kiosk-server[2006197]: {"time":"2026-07-17T02:44:42.593485674Z","level":"INFO","msg":"get job by token completed","token":991577,"session_id":"9aba0f73-580d-472a-8a9c-9eb2f22b3e57","file_count":1}
Jul 17 02:44:42 vithsutra kiosk-server[2006197]: {"time":"2026-07-17T02:44:42.593573899Z","level":"INFO","msg":"request","method":"POST","path":"/print/jobs/token","status":200,"bytes":950,"duration_ms":163,"request_id":"vithsutra/yJhBRTSzdo-004421","remote_addr":"103.89.233.254"}
Jul 17 02:45:39 vithsutra kiosk-server[2006197]: {"time":"2026-07-17T02:45:39.489124735Z","level":"INFO","msg":"expire session after printing started","session_id":"9aba0f73-580d-472a-8a9c-9eb2f22b3e57"}
Jul 17 02:45:39 vithsutra kiosk-server[2006197]: {"time":"2026-07-17T02:45:39.650872581Z","level":"INFO","msg":"session marked completed","session_id":"9aba0f73-580d-472a-8a9c-9eb2f22b3e57"}
Jul 17 02:45:39 vithsutra kiosk-server[2006197]: {"time":"2026-07-17T02:45:39.759153494Z","level":"WARN","msg":"no completed file found for session 9aba0f73-580d-472a-8a9c-9eb2f22b3e57","code":"no_completed_file"}
Jul 17 02:45:39 vithsutra kiosk-server[2006197]: {"time":"2026-07-17T02:45:39.759216253Z","level":"INFO","msg":"request","method":"POST","path":"/print/jobs/expire","status":404,"bytes":124,"duration_ms":270,"request_id":"vithsutra/yJhBRTSzdo-004422","remote_addr":"103.89.233.254"}
Jul 17 02:47:07 vithsutra kiosk-server[2006197]: {"time":"2026-07-17T02:47:07.369938026Z","level":"INFO","msg":"USERID","userId:":"637a367b-5e9b-411b-a7b8-25dbd19c725f"}
Jul 17 02:47:07 vithsutra kiosk-server[2006197]: {"time":"2026-07-17T02:47:07.369989204Z","level":"INFO","msg":"USEREMAIL","userEmail:":"manojsalian12468@gmail.com"}
Jul 17 02:47:07 vithsutra kiosk-server[2006197]: {"time":"2026-07-17T02:47:07.370007094Z","level":"INFO","msg":"init upload started","user_id":"637a367b-5e9b-411b-a7b8-25dbd19c725f","file_count":2,"request_payload":{"files":[{"file_name":"Cost of Capital - FM Module 4.pdf","content_type":"application/pdf"},{"file_name":"Working Capital Management (Module-5).pdf","content_type":"application/pdf"}]}}
Jul 17 02:47:07 vithsutra kiosk-server[2006197]: {"time":"2026-07-17T02:47:07.479829148Z","level":"INFO","msg":"upload session created","session_id":"6e02e9eb-769d-4632-9169-ca8b2f8e3201","user_id":"637a367b-5e9b-411b-a7b8-25dbd19c725f","expires_at":"2026-07-24T02:47:07.425718488Z"}
Jul 17 02:47:07 vithsutra kiosk-server[2006197]: {"time":"2026-07-17T02:47:07.644601356Z","level":"INFO","msg":"init upload completed","session_id":"6e02e9eb-769d-4632-9169-ca8b2f8e3201","user_id":"637a367b-5e9b-411b-a7b8-25dbd19c725f","file_count":2}
Jul 17 02:47:07 vithsutra kiosk-server[2006197]: {"time":"2026-07-17T02:47:07.644797006Z","level":"INFO","msg":"request","method":"POST","path":"/files/upload/init","status":201,"bytes":1821,"duration_ms":275,"request_id":"vithsutra/yJhBRTSzdo-004423","remote_addr":"2409:40f2:3043:ef13:8000::"}
Jul 17 02:47:08 vithsutra kiosk-server[2006197]: {"time":"2026-07-17T02:47:08.92413718Z","level":"INFO","msg":"confirm upload started","session_id":"6e02e9eb-769d-4632-9169-ca8b2f8e3201","file_count":2}
Jul 17 02:47:08 vithsutra kiosk-server[2006197]: {"time":"2026-07-17T02:47:08.978877268Z","level":"INFO","msg":"session validated for confirm","session_id":"6e02e9eb-769d-4632-9169-ca8b2f8e3201","status":"created"}
Jul 17 02:47:09 vithsutra kiosk-server[2006197]: DEBUG HeadObject → bucket: aiet-printflow-upload-prod  key: uploads/staging/637a367b-5e9b-411b-a7b8-25dbd19c725f/6e02e9eb-769d-4632-9169-ca8b2f8e3201/ef43748d-05dc-476d-907f-01ee7aa7e7c7.pdf
Jul 17 02:47:09 vithsutra kiosk-server[2006197]: {"time":"2026-07-17T02:47:09.353079388Z","level":"INFO","msg":"file price calculated","price":12,"sheets":6,"num_of_pages":12,"copies":1,"page_layout":1,"printing_mode":"monochromatic","printing_side":"double_side"}
Jul 17 02:47:09 vithsutra kiosk-server[2006197]: {"time":"2026-07-17T02:47:09.353130417Z","level":"INFO","msg":"Total done bebug","TotalAmount:":12,"TotalSheetes:":6}
Jul 17 02:47:09 vithsutra kiosk-server[2006197]: {"time":"2026-07-17T02:47:09.353146354Z","level":"INFO","msg":"Page Range bebugging","page_range:":["1-12"]}
Jul 17 02:47:09 vithsutra kiosk-server[2006197]: {"time":"2026-07-17T02:47:09.353164237Z","level":"INFO","msg":"file confirmed","session_id":"6e02e9eb-769d-4632-9169-ca8b2f8e3201","file_id":"ef43748d-05dc-476d-907f-01ee7aa7e7c7","file_name":"Cost of Capital - FM Module 4.pdf","sheets":6,"price":12}
Jul 17 02:47:09 vithsutra kiosk-server[2006197]: DEBUG HeadObject → bucket: aiet-printflow-upload-prod  key: uploads/staging/637a367b-5e9b-411b-a7b8-25dbd19c725f/6e02e9eb-769d-4632-9169-ca8b2f8e3201/5425af8d-bba1-41e1-8d8e-59c09d4951b5.pdf
Jul 17 02:47:09 vithsutra kiosk-server[2006197]: {"time":"2026-07-17T02:47:09.450868775Z","level":"INFO","msg":"file price calculated","price":7,"sheets":4,"num_of_pages":7,"copies":1,"page_layout":1,"printing_mode":"monochromatic","printing_side":"double_side"}
Jul 17 02:47:09 vithsutra kiosk-server[2006197]: {"time":"2026-07-17T02:47:09.450914464Z","level":"INFO","msg":"Total done bebug","TotalAmount:":19,"TotalSheetes:":10}
Jul 17 02:47:09 vithsutra kiosk-server[2006197]: {"time":"2026-07-17T02:47:09.450930217Z","level":"INFO","msg":"Page Range bebugging","page_range:":["1-7"]}
Jul 17 02:47:09 vithsutra kiosk-server[2006197]: {"time":"2026-07-17T02:47:09.450947703Z","level":"INFO","msg":"file confirmed","session_id":"6e02e9eb-769d-4632-9169-ca8b2f8e3201","file_id":"5425af8d-bba1-41e1-8d8e-59c09d4951b5","file_name":"Working Capital Management (Module-5).pdf","sheets":4,"price":7}
Jul 17 02:47:09 vithsutra kiosk-server[2006197]: DEBUG: PageRange in UpdateFileWithPrintOptions: [1-12]
Jul 17 02:47:09 vithsutra kiosk-server[2006197]: DEBUG: PageRange in UpdateFileWithPrintOptions: [1-7]
Jul 17 02:47:09 vithsutra kiosk-server[2006197]: {"time":"2026-07-17T02:47:09.723093634Z","level":"INFO","msg":"confirm upload completed","session_id":"6e02e9eb-769d-4632-9169-ca8b2f8e3201","total_sheets":10,"total_amount":19}
Jul 17 02:47:09 vithsutra kiosk-server[2006197]: {"time":"2026-07-17T02:47:09.723158739Z","level":"INFO","msg":"request","method":"POST","path":"/files/upload/confirm","status":200,"bytes":580,"duration_ms":799,"request_id":"vithsutra/yJhBRTSzdo-004424","remote_addr":"2409:40f2:3043:ef13:8000::"}
Jul 17 02:47:09 vithsutra kiosk-server[2006197]: {"time":"2026-07-17T02:47:09.948735579Z","level":"INFO","msg":"create payment order started","session_id":"6e02e9eb-769d-4632-9169-ca8b2f8e3201","amount_paise_frontend":1900}
Jul 17 02:47:10 vithsutra kiosk-server[2006197]: {"time":"2026-07-17T02:47:10.303265899Z","level":"INFO","msg":"razorpay order created","session_id":"6e02e9eb-769d-4632-9169-ca8b2f8e3201","razorpay_order_id":"order_TEPUFumhptR83x","amount_paise":1900}
Jul 17 02:47:10 vithsutra kiosk-server[2006197]: {"time":"2026-07-17T02:47:10.358670766Z","level":"INFO","msg":"create payment order completed","session_id":"6e02e9eb-769d-4632-9169-ca8b2f8e3201","payment_id":"3c620e08-82ce-403c-9af8-7b2f305909b7","razorpay_order_id":"order_TEPUFumhptR83x"}
Jul 17 02:47:10 vithsutra kiosk-server[2006197]: {"time":"2026-07-17T02:47:10.35871995Z","level":"INFO","msg":"Amount:","Amount_paise":1900}
Jul 17 02:47:10 vithsutra kiosk-server[2006197]: {"time":"2026-07-17T02:47:10.358796247Z","level":"INFO","msg":"request","method":"POST","path":"/payments/create","status":201,"bytes":233,"duration_ms":410,"request_id":"vithsutra/yJhBRTSzdo-004425","remote_addr":"2409:40f2:3043:ef13:8000::"}
Jul 17 02:47:28 vithsutra kiosk-server[2006197]: {"time":"2026-07-17T02:47:28.609974114Z","level":"INFO","msg":"webhook received","event":"payment.captured"}
Jul 17 02:47:28 vithsutra kiosk-server[2006197]: {"time":"2026-07-17T02:47:28.610017257Z","level":"INFO","msg":"processing payment success","razorpay_order_id":"order_TEPUFumhptR83x","razorpay_payment_id":"pay_TEPUJ6etTNrTwz"}
Jul 17 02:47:29 vithsutra kiosk-server[2006197]: {"time":"2026-07-17T02:47:29.038745091Z","level":"INFO","msg":"file promoted","session_id":"6e02e9eb-769d-4632-9169-ca8b2f8e3201","file_id":"ef43748d-05dc-476d-907f-01ee7aa7e7c7","final_key":"uploads/final/637a367b-5e9b-411b-a7b8-25dbd19c725f/6e02e9eb-769d-4632-9169-ca8b2f8e3201/ef43748d-05dc-476d-907f-01ee7aa7e7c7.pdf"}
Jul 17 02:47:29 vithsutra kiosk-server[2006197]: {"time":"2026-07-17T02:47:29.1594848Z","level":"INFO","msg":"file promoted","session_id":"6e02e9eb-769d-4632-9169-ca8b2f8e3201","file_id":"5425af8d-bba1-41e1-8d8e-59c09d4951b5","final_key":"uploads/final/637a367b-5e9b-411b-a7b8-25dbd19c725f/6e02e9eb-769d-4632-9169-ca8b2f8e3201/5425af8d-bba1-41e1-8d8e-59c09d4951b5.pdf"}
Jul 17 02:47:29 vithsutra kiosk-server[2006197]: {"time":"2026-07-17T02:47:29.482337628Z","level":"INFO","msg":"payment success committed","session_id":"6e02e9eb-769d-4632-9169-ca8b2f8e3201","razorpay_order_id":"order_TEPUFumhptR83x","razorpay_payment_id":"pay_TEPUJ6etTNrTwz","files_promoted":2}
Jul 17 02:47:29 vithsutra kiosk-server[2006197]: {"time":"2026-07-17T02:47:29.48244706Z","level":"INFO","msg":"request","method":"POST","path":"/webhooks/razorpay","status":200,"bytes":21,"duration_ms":872,"request_id":"vithsutra/yJhBRTSzdo-004426","remote_addr":"52.66.76.63"}
Jul 17 02:47:36 vithsutra kiosk-server[2006197]: {"time":"2026-07-17T02:47:36.249073478Z","level":"INFO","msg":"request","method":"OPTIONS","path":"/payments/status/6e02e9eb-769d-4632-9169-ca8b2f8e3201","status":204,"bytes":0,"duration_ms":0,"request_id":"vithsutra/yJhBRTSzdo-004427","remote_addr":"2409:40f2:3043:ef13:8000::"}
Jul 17 02:47:36 vithsutra kiosk-server[2006197]: {"time":"2026-07-17T02:47:36.380152404Z","level":"INFO","msg":"get job by session ID started","session_id":"6e02e9eb-769d-4632-9169-ca8b2f8e3201"}
Jul 17 02:47:36 vithsutra kiosk-server[2006197]: {"time":"2026-07-17T02:47:36.433969296Z","level":"INFO","msg":"Token Debugging","Token:":"645915"}
Jul 17 02:47:36 vithsutra kiosk-server[2006197]: {"time":"2026-07-17T02:47:36.488674779Z","level":"INFO","msg":"get job by session ID completed","session_id":"6e02e9eb-769d-4632-9169-ca8b2f8e3201","file_count":2}
Jul 17 02:47:36 vithsutra kiosk-server[2006197]: {"time":"2026-07-17T02:47:36.488864895Z","level":"INFO","msg":"request","method":"GET","path":"/payments/status/6e02e9eb-769d-4632-9169-ca8b2f8e3201","status":200,"bytes":1140,"duration_ms":108,"request_id":"vithsutra/yJhBRTSzdo-004428","remote_addr":"2409:40f2:3043:ef13:8000::"}
Jul 17 02:47:44 vithsutra kiosk-server[2006197]: {"time":"2026-07-17T02:47:44.492998932Z","level":"INFO","msg":"get job by token started","token":645915}
Jul 17 02:47:44 vithsutra kiosk-server[2006197]: DEBUG PRESIGN GET URL: https://aiet-printflow-upload-prod.s3.ap-south-1.amazonaws.com/uploads/final/637a367b-5e9b-411b-a7b8-25dbd19c725f/6e02e9eb-769d-4632-9169-ca8b2f8e3201/ef43748d-05dc-476d-907f-01ee7aa7e7c7.pdf?X-Amz-Algorithm=AWS4-HMAC-SHA256&X-Amz-Checksum-Mode=ENABLED&X-Amz-Credential=AKIAURY6ZINDKCABHGV3%2F20260717%2Fap-south-1%2Fs3%2Faws4_request&X-Amz-Date=20260717T024744Z&X-Amz-Expires=900&X-Amz-SignedHeaders=host&x-id=GetObject&X-Amz-Signature=5ee5155b2867d65a5744c12ad45bd655f9f9a7818c3be63e1a31f320dcf06564
Jul 17 02:47:44 vithsutra kiosk-server[2006197]: {"time":"2026-07-17T02:47:44.604185238Z","level":"INFO","msg":"final_Key_Bebugging","final_key:":"uploads/final/637a367b-5e9b-411b-a7b8-25dbd19c725f/6e02e9eb-769d-4632-9169-ca8b2f8e3201/ef43748d-05dc-476d-907f-01ee7aa7e7c7.pdf"}
Jul 17 02:47:44 vithsutra kiosk-server[2006197]: DEBUG PRESIGN GET URL: https://aiet-printflow-upload-prod.s3.ap-south-1.amazonaws.com/uploads/final/637a367b-5e9b-411b-a7b8-25dbd19c725f/6e02e9eb-769d-4632-9169-ca8b2f8e3201/5425af8d-bba1-41e1-8d8e-59c09d4951b5.pdf?X-Amz-Algorithm=AWS4-HMAC-SHA256&X-Amz-Checksum-Mode=ENABLED&X-Amz-Credential=AKIAURY6ZINDKCABHGV3%2F20260717%2Fap-south-1%2Fs3%2Faws4_request&X-Amz-Date=20260717T024744Z&X-Amz-Expires=900&X-Amz-SignedHeaders=host&x-id=GetObject&X-Amz-Signature=bdda56ae02b986492f99253cfa2fedfff88c4f63c6122bb26f3d94b83f8d9f92
Jul 17 02:47:44 vithsutra kiosk-server[2006197]: {"time":"2026-07-17T02:47:44.604462158Z","level":"INFO","msg":"final_Key_Bebugging","final_key:":"uploads/final/637a367b-5e9b-411b-a7b8-25dbd19c725f/6e02e9eb-769d-4632-9169-ca8b2f8e3201/5425af8d-bba1-41e1-8d8e-59c09d4951b5.pdf"}
Jul 17 02:47:44 vithsutra kiosk-server[2006197]: {"time":"2026-07-17T02:47:44.604484307Z","level":"INFO","msg":"get job by token completed","token":645915,"session_id":"6e02e9eb-769d-4632-9169-ca8b2f8e3201","file_count":2}
Jul 17 02:47:44 vithsutra kiosk-server[2006197]: {"time":"2026-07-17T02:47:44.604567572Z","level":"INFO","msg":"request","method":"POST","path":"/print/jobs/token","status":200,"bytes":1764,"duration_ms":111,"request_id":"vithsutra/yJhBRTSzdo-004429","remote_addr":"103.89.233.254"}
Jul 17 02:49:01 vithsutra kiosk-server[2006197]: {"time":"2026-07-17T02:49:01.517613802Z","level":"INFO","msg":"expire session after printing started","session_id":"6e02e9eb-769d-4632-9169-ca8b2f8e3201"}
Jul 17 02:49:03 vithsutra kiosk-server[2006197]: {"time":"2026-07-17T02:49:03.818580197Z","level":"INFO","msg":"session marked completed","session_id":"6e02e9eb-769d-4632-9169-ca8b2f8e3201"}
Jul 17 02:49:03 vithsutra kiosk-server[2006197]: {"time":"2026-07-17T02:49:03.925414747Z","level":"WARN","msg":"no completed file found for session 6e02e9eb-769d-4632-9169-ca8b2f8e3201","code":"no_completed_file"}
Jul 17 02:49:03 vithsutra kiosk-server[2006197]: {"time":"2026-07-17T02:49:03.925547839Z","level":"INFO","msg":"request","method":"POST","path":"/print/jobs/expire","status":404,"bytes":124,"duration_ms":2407,"request_id":"vithsutra/yJhBRTSzdo-004430","remote_addr":"103.89.233.254"}
Jul 17 02:49:47 vithsutra kiosk-server[2006197]: {"time":"2026-07-17T02:49:47.695033408Z","level":"INFO","msg":"expire session after printing started","session_id":"6e02e9eb-769d-4632-9169-ca8b2f8e3201"}
Jul 17 02:49:47 vithsutra kiosk-server[2006197]: {"time":"2026-07-17T02:49:47.747609049Z","level":"WARN","msg":"this session has already been completed","code":"session_already_completed"}
Jul 17 02:49:47 vithsutra kiosk-server[2006197]: {"time":"2026-07-17T02:49:47.747761561Z","level":"INFO","msg":"request","method":"POST","path":"/print/jobs/expire","status":400,"bytes":99,"duration_ms":52,"request_id":"vithsutra/yJhBRTSzdo-004431","remote_addr":"103.89.233.254"}
Jul 17 03:07:12 vithsutra kiosk-server[2006197]: {"time":"2026-07-17T03:07:12.167604544Z","level":"INFO","msg":"request","method":"OPTIONS","path":"/files/upload/init","status":204,"bytes":0,"duration_ms":0,"request_id":"vithsutra/yJhBRTSzdo-004432","remote_addr":"2409:4071:6eb9:b9b7::fc08:500c"}
Jul 17 03:07:13 vithsutra kiosk-server[2006197]: {"time":"2026-07-17T03:07:13.164061901Z","level":"INFO","msg":"USERID","userId:":"4b175189-0c41-44d1-aa17-449bcc7f4046"}
Jul 17 03:07:13 vithsutra kiosk-server[2006197]: {"time":"2026-07-17T03:07:13.164102494Z","level":"INFO","msg":"USEREMAIL","userEmail:":"pixak7@gmail.com"}
Jul 17 03:07:13 vithsutra kiosk-server[2006197]: {"time":"2026-07-17T03:07:13.164116731Z","level":"INFO","msg":"init upload started","user_id":"4b175189-0c41-44d1-aa17-449bcc7f4046","file_count":1,"request_payload":{"files":[{"file_name":"ilovepdf_merged.pdf","content_type":"application/pdf"}]}}
Jul 17 03:07:15 vithsutra kiosk-server[2006197]: {"time":"2026-07-17T03:07:15.321626803Z","level":"INFO","msg":"upload session created","session_id":"2b455e89-84a9-4cdf-b1fd-071507bbe961","user_id":"4b175189-0c41-44d1-aa17-449bcc7f4046","expires_at":"2026-07-24T03:07:15.212742662Z"}
Jul 17 03:07:15 vithsutra kiosk-server[2006197]: {"time":"2026-07-17T03:07:15.480178013Z","level":"INFO","msg":"init upload completed","session_id":"2b455e89-84a9-4cdf-b1fd-071507bbe961","user_id":"4b175189-0c41-44d1-aa17-449bcc7f4046","file_count":1}
Jul 17 03:07:15 vithsutra kiosk-server[2006197]: {"time":"2026-07-17T03:07:15.480266212Z","level":"INFO","msg":"request","method":"POST","path":"/files/upload/init","status":201,"bytes":978,"duration_ms":2316,"request_id":"vithsutra/yJhBRTSzdo-004433","remote_addr":"2409:4071:6eb9:b9b7::fc08:500c"}
Jul 17 03:07:23 vithsutra kiosk-server[2006197]: {"time":"2026-07-17T03:07:23.637001189Z","level":"INFO","msg":"request","method":"OPTIONS","path":"/files/upload/confirm","status":204,"bytes":0,"duration_ms":0,"request_id":"vithsutra/yJhBRTSzdo-004434","remote_addr":"2409:4071:6eb9:b9b7::fc08:500c"}
Jul 17 03:07:24 vithsutra kiosk-server[2006197]: {"time":"2026-07-17T03:07:24.06435158Z","level":"INFO","msg":"confirm upload started","session_id":"2b455e89-84a9-4cdf-b1fd-071507bbe961","file_count":1}
Jul 17 03:07:24 vithsutra kiosk-server[2006197]: {"time":"2026-07-17T03:07:24.168516504Z","level":"INFO","msg":"session validated for confirm","session_id":"2b455e89-84a9-4cdf-b1fd-071507bbe961","status":"created"}
Jul 17 03:07:24 vithsutra kiosk-server[2006197]: DEBUG HeadObject → bucket: aiet-printflow-upload-prod  key: uploads/staging/4b175189-0c41-44d1-aa17-449bcc7f4046/2b455e89-84a9-4cdf-b1fd-071507bbe961/50d8dbb6-ac95-4e66-ae4c-d1aebff97154.pdf
Jul 17 03:07:24 vithsutra kiosk-server[2006197]: {"time":"2026-07-17T03:07:24.483047748Z","level":"INFO","msg":"file price calculated","price":22,"sheets":22,"num_of_pages":11,"copies":2,"page_layout":1,"printing_mode":"monochromatic","printing_side":"single_side"}
Jul 17 03:07:24 vithsutra kiosk-server[2006197]: {"time":"2026-07-17T03:07:24.483099382Z","level":"INFO","msg":"Total done bebug","TotalAmount:":22,"TotalSheetes:":22}
Jul 17 03:07:24 vithsutra kiosk-server[2006197]: {"time":"2026-07-17T03:07:24.483116662Z","level":"INFO","msg":"Page Range bebugging","page_range:":["1-11"]}
Jul 17 03:07:24 vithsutra kiosk-server[2006197]: {"time":"2026-07-17T03:07:24.483133643Z","level":"INFO","msg":"file confirmed","session_id":"2b455e89-84a9-4cdf-b1fd-071507bbe961","file_id":"50d8dbb6-ac95-4e66-ae4c-d1aebff97154","file_name":"ilovepdf_merged.pdf","sheets":22,"price":22}
Jul 17 03:07:24 vithsutra kiosk-server[2006197]: DEBUG: PageRange in UpdateFileWithPrintOptions: [1-11]
Jul 17 03:07:24 vithsutra kiosk-server[2006197]: {"time":"2026-07-17T03:07:24.797027847Z","level":"INFO","msg":"confirm upload completed","session_id":"2b455e89-84a9-4cdf-b1fd-071507bbe961","total_sheets":22,"total_amount":22}
Jul 17 03:07:24 vithsutra kiosk-server[2006197]: {"time":"2026-07-17T03:07:24.797177249Z","level":"INFO","msg":"request","method":"POST","path":"/files/upload/confirm","status":200,"bytes":357,"duration_ms":733,"request_id":"vithsutra/yJhBRTSzdo-004435","remote_addr":"2409:4071:6eb9:b9b7::fc08:500c"}
Jul 17 03:07:25 vithsutra kiosk-server[2006197]: {"time":"2026-07-17T03:07:25.202203785Z","level":"INFO","msg":"request","method":"OPTIONS","path":"/payments/create","status":204,"bytes":0,"duration_ms":0,"request_id":"vithsutra/yJhBRTSzdo-004436","remote_addr":"2409:4071:6eb9:b9b7::fc08:500c"}
Jul 17 03:07:25 vithsutra kiosk-server[2006197]: {"time":"2026-07-17T03:07:25.624724835Z","level":"INFO","msg":"create payment order started","session_id":"2b455e89-84a9-4cdf-b1fd-071507bbe961","amount_paise_frontend":2200}
Jul 17 03:07:26 vithsutra kiosk-server[2006197]: {"time":"2026-07-17T03:07:26.031055947Z","level":"INFO","msg":"razorpay order created","session_id":"2b455e89-84a9-4cdf-b1fd-071507bbe961","razorpay_order_id":"order_TEPpewND0rqw7m","amount_paise":2200}
Jul 17 03:07:26 vithsutra kiosk-server[2006197]: {"time":"2026-07-17T03:07:26.136746931Z","level":"INFO","msg":"create payment order completed","session_id":"2b455e89-84a9-4cdf-b1fd-071507bbe961","payment_id":"c3cc281f-3fd4-4096-9ce6-bd092b885765","razorpay_order_id":"order_TEPpewND0rqw7m"}
Jul 17 03:07:26 vithsutra kiosk-server[2006197]: {"time":"2026-07-17T03:07:26.136777436Z","level":"INFO","msg":"Amount:","Amount_paise":2200}
Jul 17 03:07:26 vithsutra kiosk-server[2006197]: {"time":"2026-07-17T03:07:26.136824175Z","level":"INFO","msg":"request","method":"POST","path":"/payments/create","status":201,"bytes":233,"duration_ms":512,"request_id":"vithsutra/yJhBRTSzdo-004437","remote_addr":"2409:4071:6eb9:b9b7::fc08:500c"}
Jul 17 03:08:13 vithsutra kiosk-server[2006197]: {"time":"2026-07-17T03:08:13.246234889Z","level":"INFO","msg":"webhook received","event":"payment.captured"}
Jul 17 03:08:13 vithsutra kiosk-server[2006197]: {"time":"2026-07-17T03:08:13.246269744Z","level":"INFO","msg":"processing payment success","razorpay_order_id":"order_TEPpewND0rqw7m","razorpay_payment_id":"pay_TEPpxiEWWsQIwm"}
Jul 17 03:08:14 vithsutra kiosk-server[2006197]: {"time":"2026-07-17T03:08:14.066601989Z","level":"INFO","msg":"file promoted","session_id":"2b455e89-84a9-4cdf-b1fd-071507bbe961","file_id":"50d8dbb6-ac95-4e66-ae4c-d1aebff97154","final_key":"uploads/final/4b175189-0c41-44d1-aa17-449bcc7f4046/2b455e89-84a9-4cdf-b1fd-071507bbe961/50d8dbb6-ac95-4e66-ae4c-d1aebff97154.pdf"}
Jul 17 03:08:14 vithsutra kiosk-server[2006197]: {"time":"2026-07-17T03:08:14.48704133Z","level":"INFO","msg":"payment success committed","session_id":"2b455e89-84a9-4cdf-b1fd-071507bbe961","razorpay_order_id":"order_TEPpewND0rqw7m","razorpay_payment_id":"pay_TEPpxiEWWsQIwm","files_promoted":1}
Jul 17 03:08:14 vithsutra kiosk-server[2006197]: {"time":"2026-07-17T03:08:14.487159579Z","level":"INFO","msg":"request","method":"POST","path":"/webhooks/razorpay","status":200,"bytes":21,"duration_ms":1241,"request_id":"vithsutra/yJhBRTSzdo-004438","remote_addr":"52.66.76.63"}
Jul 17 03:08:25 vithsutra kiosk-server[2006197]: {"time":"2026-07-17T03:08:25.545618621Z","level":"INFO","msg":"request","method":"OPTIONS","path":"/payments/status/2b455e89-84a9-4cdf-b1fd-071507bbe961","status":204,"bytes":0,"duration_ms":0,"request_id":"vithsutra/yJhBRTSzdo-004439","remote_addr":"2409:4071:6eb9:b9b7::fc08:500c"}
Jul 17 03:08:26 vithsutra kiosk-server[2006197]: {"time":"2026-07-17T03:08:26.076155867Z","level":"INFO","msg":"get job by session ID started","session_id":"2b455e89-84a9-4cdf-b1fd-071507bbe961"}
Jul 17 03:08:26 vithsutra kiosk-server[2006197]: {"time":"2026-07-17T03:08:26.132543314Z","level":"INFO","msg":"Token Debugging","Token:":"635723"}
Jul 17 03:08:26 vithsutra kiosk-server[2006197]: {"time":"2026-07-17T03:08:26.185791435Z","level":"INFO","msg":"get job by session ID completed","session_id":"2b455e89-84a9-4cdf-b1fd-071507bbe961","file_count":1}
Jul 17 03:08:26 vithsutra kiosk-server[2006197]: {"time":"2026-07-17T03:08:26.185968548Z","level":"INFO","msg":"request","method":"GET","path":"/payments/status/2b455e89-84a9-4cdf-b1fd-071507bbe961","status":200,"bytes":692,"duration_ms":109,"request_id":"vithsutra/yJhBRTSzdo-004440","remote_addr":"2409:4071:6eb9:b9b7::fc08:500c"}
Jul 17 03:08:33 vithsutra kiosk-server[2006197]: {"time":"2026-07-17T03:08:33.592371307Z","level":"INFO","msg":"get job by token started","token":635723}
Jul 17 03:08:33 vithsutra kiosk-server[2006197]: DEBUG PRESIGN GET URL: https://aiet-printflow-upload-prod.s3.ap-south-1.amazonaws.com/uploads/final/4b175189-0c41-44d1-aa17-449bcc7f4046/2b455e89-84a9-4cdf-b1fd-071507bbe961/50d8dbb6-ac95-4e66-ae4c-d1aebff97154.pdf?X-Amz-Algorithm=AWS4-HMAC-SHA256&X-Amz-Checksum-Mode=ENABLED&X-Amz-Credential=AKIAURY6ZINDKCABHGV3%2F20260717%2Fap-south-1%2Fs3%2Faws4_request&X-Amz-Date=20260717T030833Z&X-Amz-Expires=900&X-Amz-SignedHeaders=host&x-id=GetObject&X-Amz-Signature=dda1fed0efc61393d481cb9c86b2990ef770acf351b8e657a60e8fc870677cb5
Jul 17 03:08:33 vithsutra kiosk-server[2006197]: {"time":"2026-07-17T03:08:33.750562798Z","level":"INFO","msg":"final_Key_Bebugging","final_key:":"uploads/final/4b175189-0c41-44d1-aa17-449bcc7f4046/2b455e89-84a9-4cdf-b1fd-071507bbe961/50d8dbb6-ac95-4e66-ae4c-d1aebff97154.pdf"}
Jul 17 03:08:33 vithsutra kiosk-server[2006197]: {"time":"2026-07-17T03:08:33.750574129Z","level":"INFO","msg":"get job by token completed","token":635723,"session_id":"2b455e89-84a9-4cdf-b1fd-071507bbe961","file_count":1}
Jul 17 03:08:33 vithsutra kiosk-server[2006197]: {"time":"2026-07-17T03:08:33.75061104Z","level":"INFO","msg":"request","method":"POST","path":"/print/jobs/token","status":200,"bytes":959,"duration_ms":158,"request_id":"vithsutra/yJhBRTSzdo-004441","remote_addr":"103.89.233.254"}
Jul 17 03:10:31 vithsutra kiosk-server[2006197]: {"time":"2026-07-17T03:10:31.244979132Z","level":"INFO","msg":"expire session after printing started","session_id":"2b455e89-84a9-4cdf-b1fd-071507bbe961"}
Jul 17 03:10:31 vithsutra kiosk-server[2006197]: {"time":"2026-07-17T03:10:31.401805519Z","level":"INFO","msg":"session marked completed","session_id":"2b455e89-84a9-4cdf-b1fd-071507bbe961"}
Jul 17 03:10:31 vithsutra kiosk-server[2006197]: {"time":"2026-07-17T03:10:31.507655252Z","level":"WARN","msg":"no completed file found for session 2b455e89-84a9-4cdf-b1fd-071507bbe961","code":"no_completed_file"}
Jul 17 03:10:31 vithsutra kiosk-server[2006197]: {"time":"2026-07-17T03:10:31.507782048Z","level":"INFO","msg":"request","method":"POST","path":"/print/jobs/expire","status":404,"bytes":124,"duration_ms":262,"request_id":"vithsutra/yJhBRTSzdo-004442","remote_addr":"103.89.233.254"}
Jul 17 03:20:06 vithsutra kiosk-server[2006197]: {"time":"2026-07-17T03:20:06.328311995Z","level":"INFO","msg":"request","method":"OPTIONS","path":"/auth/google","status":204,"bytes":0,"duration_ms":0,"request_id":"vithsutra/yJhBRTSzdo-004443","remote_addr":"2401:4900:c93a:4126:90e:ba82:1146:d150"}
Jul 17 03:20:06 vithsutra kiosk-server[2006197]: {"time":"2026-07-17T03:20:06.505261851Z","level":"INFO","msg":"google auth started"}
Jul 17 03:20:06 vithsutra kiosk-server[2006197]: {"time":"2026-07-17T03:20:06.505650626Z","level":"INFO","msg":"google token verified","google_id":"116352405088081900175","email":"bhagesh212005@gmail.com"}
Jul 17 03:20:07 vithsutra kiosk-server[2006197]: {"time":"2026-07-17T03:20:07.561086859Z","level":"INFO","msg":"returning user authenticated","user_id":"a72b5067-232f-4a75-b7d3-a8755ae2f7e3","email":"bhagesh212005@gmail.com"}
Jul 17 03:20:07 vithsutra kiosk-server[2006197]: {"time":"2026-07-17T03:20:07.561221362Z","level":"INFO","msg":"google auth completed","user_id":"a72b5067-232f-4a75-b7d3-a8755ae2f7e3","email":"bhagesh212005@gmail.com"}
Jul 17 03:20:07 vithsutra kiosk-server[2006197]: {"time":"2026-07-17T03:20:07.561296373Z","level":"INFO","msg":"request","method":"POST","path":"/auth/google","status":200,"bytes":450,"duration_ms":1056,"request_id":"vithsutra/yJhBRTSzdo-004444","remote_addr":"2401:4900:c93a:4126:90e:ba82:1146:d150"}
Jul 17 03:20:47 vithsutra kiosk-server[2006197]: {"time":"2026-07-17T03:20:47.690617074Z","level":"INFO","msg":"request","method":"OPTIONS","path":"/files/upload/init","status":204,"bytes":0,"duration_ms":0,"request_id":"vithsutra/yJhBRTSzdo-004445","remote_addr":"2401:4900:c93a:4126:90e:ba82:1146:d150"}
Jul 17 03:20:47 vithsutra kiosk-server[2006197]: {"time":"2026-07-17T03:20:47.946751507Z","level":"INFO","msg":"USERID","userId:":"a72b5067-232f-4a75-b7d3-a8755ae2f7e3"}
Jul 17 03:20:47 vithsutra kiosk-server[2006197]: {"time":"2026-07-17T03:20:47.946798237Z","level":"INFO","msg":"USEREMAIL","userEmail:":"bhagesh212005@gmail.com"}
Jul 17 03:20:47 vithsutra kiosk-server[2006197]: {"time":"2026-07-17T03:20:47.946815677Z","level":"INFO","msg":"init upload started","user_id":"a72b5067-232f-4a75-b7d3-a8755ae2f7e3","file_count":1,"request_payload":{"files":[{"file_name":"Offer Letter.pdf","content_type":"application/pdf"}]}}
Jul 17 03:20:48 vithsutra kiosk-server[2006197]: {"time":"2026-07-17T03:20:48.111452529Z","level":"INFO","msg":"upload session created","session_id":"22e99535-0ba1-4ea7-9c1d-ce3208d57157","user_id":"a72b5067-232f-4a75-b7d3-a8755ae2f7e3","expires_at":"2026-07-24T03:20:48.000797777Z"}
Jul 17 03:20:48 vithsutra kiosk-server[2006197]: {"time":"2026-07-17T03:20:48.274697518Z","level":"INFO","msg":"init upload completed","session_id":"22e99535-0ba1-4ea7-9c1d-ce3208d57157","user_id":"a72b5067-232f-4a75-b7d3-a8755ae2f7e3","file_count":1}
Jul 17 03:20:48 vithsutra kiosk-server[2006197]: {"time":"2026-07-17T03:20:48.274862116Z","level":"INFO","msg":"request","method":"POST","path":"/files/upload/init","status":201,"bytes":975,"duration_ms":328,"request_id":"vithsutra/yJhBRTSzdo-004446","remote_addr":"2401:4900:c93a:4126:90e:ba82:1146:d150"}
Jul 17 03:20:55 vithsutra kiosk-server[2006197]: {"time":"2026-07-17T03:20:55.009937374Z","level":"INFO","msg":"request","method":"OPTIONS","path":"/files/upload/confirm","status":204,"bytes":0,"duration_ms":0,"request_id":"vithsutra/yJhBRTSzdo-004447","remote_addr":"2401:4900:c93a:4126:90e:ba82:1146:d150"}
Jul 17 03:20:55 vithsutra kiosk-server[2006197]: {"time":"2026-07-17T03:20:55.190945458Z","level":"INFO","msg":"confirm upload started","session_id":"22e99535-0ba1-4ea7-9c1d-ce3208d57157","file_count":1}
Jul 17 03:20:55 vithsutra kiosk-server[2006197]: {"time":"2026-07-17T03:20:55.298699443Z","level":"INFO","msg":"session validated for confirm","session_id":"22e99535-0ba1-4ea7-9c1d-ce3208d57157","status":"created"}
Jul 17 03:20:55 vithsutra kiosk-server[2006197]: DEBUG HeadObject → bucket: aiet-printflow-upload-prod  key: uploads/staging/a72b5067-232f-4a75-b7d3-a8755ae2f7e3/22e99535-0ba1-4ea7-9c1d-ce3208d57157/c54653d5-7a31-494e-8ef8-8fd31327db20.pdf
Jul 17 03:20:55 vithsutra kiosk-server[2006197]: {"time":"2026-07-17T03:20:55.614064939Z","level":"INFO","msg":"file price calculated","price":5,"sheets":1,"num_of_pages":2,"copies":1,"page_layout":2,"printing_mode":"color","printing_side":"single_side"}
Jul 17 03:20:55 vithsutra kiosk-server[2006197]: {"time":"2026-07-17T03:20:55.614121061Z","level":"INFO","msg":"Total done bebug","TotalAmount:":5,"TotalSheetes:":1}
Jul 17 03:20:55 vithsutra kiosk-server[2006197]: {"time":"2026-07-17T03:20:55.614138862Z","level":"INFO","msg":"Page Range bebugging","page_range:":["1-2"]}
Jul 17 03:20:55 vithsutra kiosk-server[2006197]: {"time":"2026-07-17T03:20:55.614157449Z","level":"INFO","msg":"file confirmed","session_id":"22e99535-0ba1-4ea7-9c1d-ce3208d57157","file_id":"c54653d5-7a31-494e-8ef8-8fd31327db20","file_name":"Offer Letter.pdf","sheets":1,"price":5}
Jul 17 03:20:55 vithsutra kiosk-server[2006197]: DEBUG: PageRange in UpdateFileWithPrintOptions: [1-2]
Jul 17 03:20:55 vithsutra kiosk-server[2006197]: {"time":"2026-07-17T03:20:55.939054785Z","level":"INFO","msg":"confirm upload completed","session_id":"22e99535-0ba1-4ea7-9c1d-ce3208d57157","total_sheets":1,"total_amount":5}
Jul 17 03:20:55 vithsutra kiosk-server[2006197]: {"time":"2026-07-17T03:20:55.939188309Z","level":"INFO","msg":"request","method":"POST","path":"/files/upload/confirm","status":200,"bytes":350,"duration_ms":748,"request_id":"vithsutra/yJhBRTSzdo-004448","remote_addr":"2401:4900:c93a:4126:90e:ba82:1146:d150"}
Jul 17 03:20:56 vithsutra kiosk-server[2006197]: {"time":"2026-07-17T03:20:56.164065444Z","level":"INFO","msg":"request","method":"OPTIONS","path":"/payments/create","status":204,"bytes":0,"duration_ms":0,"request_id":"vithsutra/yJhBRTSzdo-004449","remote_addr":"2401:4900:c93a:4126:90e:ba82:1146:d150"}
Jul 17 03:20:56 vithsutra kiosk-server[2006197]: {"time":"2026-07-17T03:20:56.329380177Z","level":"INFO","msg":"create payment order started","session_id":"22e99535-0ba1-4ea7-9c1d-ce3208d57157","amount_paise_frontend":500}
Jul 17 03:21:01 vithsutra kiosk-server[2006197]: {"time":"2026-07-17T03:21:01.768575731Z","level":"INFO","msg":"razorpay order created","session_id":"22e99535-0ba1-4ea7-9c1d-ce3208d57157","razorpay_order_id":"order_TEQ41MhMCl0fI8","amount_paise":500}
Jul 17 03:21:01 vithsutra kiosk-server[2006197]: {"time":"2026-07-17T03:21:01.876904601Z","level":"INFO","msg":"create payment order completed","session_id":"22e99535-0ba1-4ea7-9c1d-ce3208d57157","payment_id":"ab95f4ad-762e-4b27-b81e-53a1ed3766f9","razorpay_order_id":"order_TEQ41MhMCl0fI8"}
Jul 17 03:21:01 vithsutra kiosk-server[2006197]: {"time":"2026-07-17T03:21:01.876930051Z","level":"INFO","msg":"Amount:","Amount_paise":500}
Jul 17 03:21:01 vithsutra kiosk-server[2006197]: {"time":"2026-07-17T03:21:01.876972842Z","level":"INFO","msg":"request","method":"POST","path":"/payments/create","status":201,"bytes":232,"duration_ms":5547,"request_id":"vithsutra/yJhBRTSzdo-004450","remote_addr":"2401:4900:c93a:4126:90e:ba82:1146:d150"}
Jul 17 03:24:39 vithsutra kiosk-server[2006197]: {"time":"2026-07-17T03:24:39.008550355Z","level":"INFO","msg":"request","method":"OPTIONS","path":"/auth/google","status":204,"bytes":0,"duration_ms":0,"request_id":"vithsutra/yJhBRTSzdo-004451","remote_addr":"2409:40f2:3007:be25:d1e7:d886:3388:3dc0"}
Jul 17 03:24:39 vithsutra kiosk-server[2006197]: {"time":"2026-07-17T03:24:39.146889847Z","level":"INFO","msg":"google auth started"}
Jul 17 03:24:39 vithsutra kiosk-server[2006197]: {"time":"2026-07-17T03:24:39.147275774Z","level":"INFO","msg":"google token verified","google_id":"118207198125970674356","email":"afradm59@gmail.com"}
Jul 17 03:24:40 vithsutra kiosk-server[2006197]: {"time":"2026-07-17T03:24:40.021314052Z","level":"INFO","msg":"returning user authenticated","user_id":"2a7a1513-23d1-4b24-afd4-f610e34309dc","email":"afradm59@gmail.com"}
Jul 17 03:24:40 vithsutra kiosk-server[2006197]: {"time":"2026-07-17T03:24:40.021443993Z","level":"INFO","msg":"google auth completed","user_id":"2a7a1513-23d1-4b24-afd4-f610e34309dc","email":"afradm59@gmail.com"}
Jul 17 03:24:40 vithsutra kiosk-server[2006197]: {"time":"2026-07-17T03:24:40.021526717Z","level":"INFO","msg":"request","method":"POST","path":"/auth/google","status":200,"bytes":441,"duration_ms":874,"request_id":"vithsutra/yJhBRTSzdo-004452","remote_addr":"2409:40f2:3007:be25:d1e7:d886:3388:3dc0"}
Jul 17 03:26:29 vithsutra kiosk-server[2006197]: {"time":"2026-07-17T03:26:29.406966371Z","level":"INFO","msg":"request","method":"OPTIONS","path":"/files/upload/init","status":204,"bytes":0,"duration_ms":0,"request_id":"vithsutra/yJhBRTSzdo-004453","remote_addr":"2401:4900:c947:2cc0:1440:6bff:fefd:e9ab"}
Jul 17 03:26:29 vithsutra kiosk-server[2006197]: {"time":"2026-07-17T03:26:29.632452583Z","level":"INFO","msg":"USERID","userId:":"0fb0bc4b-0bc1-44cb-acbd-658fee1652ed"}
Jul 17 03:26:29 vithsutra kiosk-server[2006197]: {"time":"2026-07-17T03:26:29.632469836Z","level":"INFO","msg":"USEREMAIL","userEmail:":"bharathrajrrajr@gmail.com"}
Jul 17 03:26:29 vithsutra kiosk-server[2006197]: {"time":"2026-07-17T03:26:29.632476274Z","level":"INFO","msg":"init upload started","user_id":"0fb0bc4b-0bc1-44cb-acbd-658fee1652ed","file_count":1,"request_payload":{"files":[{"file_name":"cold storage box2.pdf","content_type":"application/pdf"}]}}
Jul 17 03:26:29 vithsutra kiosk-server[2006197]: {"time":"2026-07-17T03:26:29.789674786Z","level":"INFO","msg":"upload session created","session_id":"e5a5045e-3ef1-4e9e-bae7-d151ea1e7a83","user_id":"0fb0bc4b-0bc1-44cb-acbd-658fee1652ed","expires_at":"2026-07-24T03:26:29.684665994Z"}
Jul 17 03:26:29 vithsutra kiosk-server[2006197]: {"time":"2026-07-17T03:26:29.948544393Z","level":"INFO","msg":"init upload completed","session_id":"e5a5045e-3ef1-4e9e-bae7-d151ea1e7a83","user_id":"0fb0bc4b-0bc1-44cb-acbd-658fee1652ed","file_count":1}
Jul 17 03:26:29 vithsutra kiosk-server[2006197]: {"time":"2026-07-17T03:26:29.948689334Z","level":"INFO","msg":"request","method":"POST","path":"/files/upload/init","status":201,"bytes":980,"duration_ms":316,"request_id":"vithsutra/yJhBRTSzdo-004454","remote_addr":"2401:4900:c947:2cc0:1440:6bff:fefd:e9ab"}
Jul 17 03:26:35 vithsutra kiosk-server[2006197]: {"time":"2026-07-17T03:26:35.834636462Z","level":"INFO","msg":"request","method":"OPTIONS","path":"/files/upload/confirm","status":204,"bytes":0,"duration_ms":0,"request_id":"vithsutra/yJhBRTSzdo-004455","remote_addr":"2401:4900:c947:2cc0:1440:6bff:fefd:e9ab"}
Jul 17 03:26:36 vithsutra kiosk-server[2006197]: {"time":"2026-07-17T03:26:36.014024595Z","level":"INFO","msg":"confirm upload started","session_id":"e5a5045e-3ef1-4e9e-bae7-d151ea1e7a83","file_count":1}
Jul 17 03:26:36 vithsutra kiosk-server[2006197]: {"time":"2026-07-17T03:26:36.118958531Z","level":"INFO","msg":"session validated for confirm","session_id":"e5a5045e-3ef1-4e9e-bae7-d151ea1e7a83","status":"created"}
Jul 17 03:26:36 vithsutra kiosk-server[2006197]: DEBUG HeadObject → bucket: aiet-printflow-upload-prod  key: uploads/staging/0fb0bc4b-0bc1-44cb-acbd-658fee1652ed/e5a5045e-3ef1-4e9e-bae7-d151ea1e7a83/a140592c-6b0e-446d-b1dd-87cd7042d169.pdf
Jul 17 03:26:36 vithsutra kiosk-server[2006197]: {"time":"2026-07-17T03:26:36.62400768Z","level":"INFO","msg":"file price calculated","price":12,"sheets":12,"num_of_pages":12,"copies":1,"page_layout":1,"printing_mode":"monochromatic","printing_side":"single_side"}
Jul 17 03:26:36 vithsutra kiosk-server[2006197]: {"time":"2026-07-17T03:26:36.624068641Z","level":"INFO","msg":"Total done bebug","TotalAmount:":12,"TotalSheetes:":12}
Jul 17 03:26:36 vithsutra kiosk-server[2006197]: {"time":"2026-07-17T03:26:36.624088093Z","level":"INFO","msg":"Page Range bebugging","page_range:":["1-12"]}
Jul 17 03:26:36 vithsutra kiosk-server[2006197]: {"time":"2026-07-17T03:26:36.624107866Z","level":"INFO","msg":"file confirmed","session_id":"e5a5045e-3ef1-4e9e-bae7-d151ea1e7a83","file_id":"a140592c-6b0e-446d-b1dd-87cd7042d169","file_name":"cold storage box2.pdf","sheets":12,"price":12}
Jul 17 03:26:36 vithsutra kiosk-server[2006197]: DEBUG: PageRange in UpdateFileWithPrintOptions: [1-12]
Jul 17 03:26:36 vithsutra kiosk-server[2006197]: {"time":"2026-07-17T03:26:36.938067374Z","level":"INFO","msg":"confirm upload completed","session_id":"e5a5045e-3ef1-4e9e-bae7-d151ea1e7a83","total_sheets":12,"total_amount":12}
Jul 17 03:26:36 vithsutra kiosk-server[2006197]: {"time":"2026-07-17T03:26:36.93816966Z","level":"INFO","msg":"request","method":"POST","path":"/files/upload/confirm","status":200,"bytes":359,"duration_ms":924,"request_id":"vithsutra/yJhBRTSzdo-004456","remote_addr":"2401:4900:c947:2cc0:1440:6bff:fefd:e9ab"}
Jul 17 03:26:37 vithsutra kiosk-server[2006197]: {"time":"2026-07-17T03:26:37.166620973Z","level":"INFO","msg":"request","method":"OPTIONS","path":"/payments/create","status":204,"bytes":0,"duration_ms":0,"request_id":"vithsutra/yJhBRTSzdo-004457","remote_addr":"2401:4900:c947:2cc0:1440:6bff:fefd:e9ab"}
Jul 17 03:26:37 vithsutra kiosk-server[2006197]: {"time":"2026-07-17T03:26:37.471043926Z","level":"INFO","msg":"create payment order started","session_id":"e5a5045e-3ef1-4e9e-bae7-d151ea1e7a83","amount_paise_frontend":1200}
Jul 17 03:26:37 vithsutra kiosk-server[2006197]: {"time":"2026-07-17T03:26:37.759785737Z","level":"INFO","msg":"razorpay order created","session_id":"e5a5045e-3ef1-4e9e-bae7-d151ea1e7a83","razorpay_order_id":"order_TEQ9w6u4lmejoH","amount_paise":1200}
Jul 17 03:26:37 vithsutra kiosk-server[2006197]: {"time":"2026-07-17T03:26:37.865225474Z","level":"INFO","msg":"create payment order completed","session_id":"e5a5045e-3ef1-4e9e-bae7-d151ea1e7a83","payment_id":"d0f746de-f091-455d-aaa9-99c731c6cd0e","razorpay_order_id":"order_TEQ9w6u4lmejoH"}
Jul 17 03:26:37 vithsutra kiosk-server[2006197]: {"time":"2026-07-17T03:26:37.865279569Z","level":"INFO","msg":"Amount:","Amount_paise":1200}
Jul 17 03:26:37 vithsutra kiosk-server[2006197]: {"time":"2026-07-17T03:26:37.86536618Z","level":"INFO","msg":"request","method":"POST","path":"/payments/create","status":201,"bytes":233,"duration_ms":394,"request_id":"vithsutra/yJhBRTSzdo-004458","remote_addr":"2401:4900:c947:2cc0:1440:6bff:fefd:e9ab"}
Jul 17 03:27:09 vithsutra kiosk-server[2006197]: {"time":"2026-07-17T03:27:09.082036096Z","level":"INFO","msg":"webhook received","event":"payment.captured"}
Jul 17 03:27:09 vithsutra kiosk-server[2006197]: {"time":"2026-07-17T03:27:09.082079757Z","level":"INFO","msg":"processing payment success","razorpay_order_id":"order_TEQ9w6u4lmejoH","razorpay_payment_id":"pay_TEQA0t5fneGYtC"}
Jul 17 03:27:09 vithsutra kiosk-server[2006197]: {"time":"2026-07-17T03:27:09.58675941Z","level":"INFO","msg":"file promoted","session_id":"e5a5045e-3ef1-4e9e-bae7-d151ea1e7a83","file_id":"a140592c-6b0e-446d-b1dd-87cd7042d169","final_key":"uploads/final/0fb0bc4b-0bc1-44cb-acbd-658fee1652ed/e5a5045e-3ef1-4e9e-bae7-d151ea1e7a83/a140592c-6b0e-446d-b1dd-87cd7042d169.pdf"}
Jul 17 03:27:10 vithsutra kiosk-server[2006197]: {"time":"2026-07-17T03:27:10.00494845Z","level":"INFO","msg":"payment success committed","session_id":"e5a5045e-3ef1-4e9e-bae7-d151ea1e7a83","razorpay_order_id":"order_TEQ9w6u4lmejoH","razorpay_payment_id":"pay_TEQA0t5fneGYtC","files_promoted":1}
Jul 17 03:27:10 vithsutra kiosk-server[2006197]: {"time":"2026-07-17T03:27:10.005021535Z","level":"INFO","msg":"request","method":"POST","path":"/webhooks/razorpay","status":200,"bytes":21,"duration_ms":923,"request_id":"vithsutra/yJhBRTSzdo-004459","remote_addr":"52.66.76.63"}
Jul 17 03:27:19 vithsutra kiosk-server[2006197]: {"time":"2026-07-17T03:27:19.607465184Z","level":"INFO","msg":"request","method":"OPTIONS","path":"/payments/status/e5a5045e-3ef1-4e9e-bae7-d151ea1e7a83","status":204,"bytes":0,"duration_ms":0,"request_id":"vithsutra/yJhBRTSzdo-004460","remote_addr":"2401:4900:c947:2cc0:1440:6bff:fefd:e9ab"}
Jul 17 03:27:19 vithsutra kiosk-server[2006197]: {"time":"2026-07-17T03:27:19.778763347Z","level":"INFO","msg":"get job by session ID started","session_id":"e5a5045e-3ef1-4e9e-bae7-d151ea1e7a83"}
Jul 17 03:27:19 vithsutra kiosk-server[2006197]: {"time":"2026-07-17T03:27:19.831307011Z","level":"INFO","msg":"Token Debugging","Token:":"490137"}
Jul 17 03:27:19 vithsutra kiosk-server[2006197]: {"time":"2026-07-17T03:27:19.884517722Z","level":"INFO","msg":"get job by session ID completed","session_id":"e5a5045e-3ef1-4e9e-bae7-d151ea1e7a83","file_count":1}
Jul 17 03:27:19 vithsutra kiosk-server[2006197]: {"time":"2026-07-17T03:27:19.884661239Z","level":"INFO","msg":"request","method":"GET","path":"/payments/status/e5a5045e-3ef1-4e9e-bae7-d151ea1e7a83","status":200,"bytes":693,"duration_ms":106,"request_id":"vithsutra/yJhBRTSzdo-004461","remote_addr":"2401:4900:c947:2cc0:1440:6bff:fefd:e9ab"}
Jul 17 03:27:32 vithsutra kiosk-server[2006197]: {"time":"2026-07-17T03:27:32.804807321Z","level":"INFO","msg":"get job by token started","token":490137}
Jul 17 03:27:32 vithsutra kiosk-server[2006197]: DEBUG PRESIGN GET URL: https://aiet-printflow-upload-prod.s3.ap-south-1.amazonaws.com/uploads/final/0fb0bc4b-0bc1-44cb-acbd-658fee1652ed/e5a5045e-3ef1-4e9e-bae7-d151ea1e7a83/a140592c-6b0e-446d-b1dd-87cd7042d169.pdf?X-Amz-Algorithm=AWS4-HMAC-SHA256&X-Amz-Checksum-Mode=ENABLED&X-Amz-Credential=AKIAURY6ZINDKCABHGV3%2F20260717%2Fap-south-1%2Fs3%2Faws4_request&X-Amz-Date=20260717T032732Z&X-Amz-Expires=900&X-Amz-SignedHeaders=host&x-id=GetObject&X-Amz-Signature=19a2e354543c83c5364c9e7fb6ef181a6ddf53978906d20a44a0860ea38da764
Jul 17 03:27:32 vithsutra kiosk-server[2006197]: {"time":"2026-07-17T03:27:32.964257036Z","level":"INFO","msg":"final_Key_Bebugging","final_key:":"uploads/final/0fb0bc4b-0bc1-44cb-acbd-658fee1652ed/e5a5045e-3ef1-4e9e-bae7-d151ea1e7a83/a140592c-6b0e-446d-b1dd-87cd7042d169.pdf"}
Jul 17 03:27:32 vithsutra kiosk-server[2006197]: {"time":"2026-07-17T03:27:32.96427608Z","level":"INFO","msg":"get job by token completed","token":490137,"session_id":"e5a5045e-3ef1-4e9e-bae7-d151ea1e7a83","file_count":1}
Jul 17 03:27:32 vithsutra kiosk-server[2006197]: {"time":"2026-07-17T03:27:32.964333469Z","level":"INFO","msg":"request","method":"POST","path":"/print/jobs/token","status":200,"bytes":960,"duration_ms":159,"request_id":"vithsutra/yJhBRTSzdo-004462","remote_addr":"103.89.233.254"}
Jul 17 03:28:03 vithsutra kiosk-server[2006197]: {"time":"2026-07-17T03:28:03.418547591Z","level":"INFO","msg":"request","method":"OPTIONS","path":"/files/upload/init","status":204,"bytes":0,"duration_ms":0,"request_id":"vithsutra/yJhBRTSzdo-004463","remote_addr":"2409:40f2:3007:be25:d1e7:d886:3388:3dc0"}
Jul 17 03:28:03 vithsutra kiosk-server[2006197]: {"time":"2026-07-17T03:28:03.837260254Z","level":"INFO","msg":"USERID","userId:":"2a7a1513-23d1-4b24-afd4-f610e34309dc"}
Jul 17 03:28:03 vithsutra kiosk-server[2006197]: {"time":"2026-07-17T03:28:03.83729762Z","level":"INFO","msg":"USEREMAIL","userEmail:":"afradm59@gmail.com"}
Jul 17 03:28:03 vithsutra kiosk-server[2006197]: {"time":"2026-07-17T03:28:03.837311745Z","level":"INFO","msg":"init upload started","user_id":"2a7a1513-23d1-4b24-afd4-f610e34309dc","file_count":3,"request_payload":{"files":[{"file_name":"Prathvita Resume Dev 2 (2).pdf","content_type":"application/pdf"},{"file_name":"new resume.pdf","content_type":"application/pdf"},{"file_name":"Res (4).pdf","content_type":"application/pdf"}]}}
Jul 17 03:28:03 vithsutra kiosk-server[2006197]: {"time":"2026-07-17T03:28:03.941751413Z","level":"INFO","msg":"upload session created","session_id":"54fd94d9-c271-4042-9a5a-a50863e0ef4a","user_id":"2a7a1513-23d1-4b24-afd4-f610e34309dc","expires_at":"2026-07-24T03:28:03.889528275Z"}
Jul 17 03:28:04 vithsutra kiosk-server[2006197]: {"time":"2026-07-17T03:28:04.153028049Z","level":"INFO","msg":"init upload completed","session_id":"54fd94d9-c271-4042-9a5a-a50863e0ef4a","user_id":"2a7a1513-23d1-4b24-afd4-f610e34309dc","file_count":3}
Jul 17 03:28:04 vithsutra kiosk-server[2006197]: {"time":"2026-07-17T03:28:04.153226964Z","level":"INFO","msg":"request","method":"POST","path":"/files/upload/init","status":201,"bytes":2590,"duration_ms":316,"request_id":"vithsutra/yJhBRTSzdo-004464","remote_addr":"2409:40f2:3007:be25:d1e7:d886:3388:3dc0"}
Jul 17 03:28:05 vithsutra kiosk-server[2006197]: {"time":"2026-07-17T03:28:05.956387939Z","level":"INFO","msg":"request","method":"OPTIONS","path":"/files/upload/confirm","status":204,"bytes":0,"duration_ms":0,"request_id":"vithsutra/yJhBRTSzdo-004465","remote_addr":"2409:40f2:3007:be25:d1e7:d886:3388:3dc0"}
Jul 17 03:28:06 vithsutra kiosk-server[2006197]: {"time":"2026-07-17T03:28:06.392959315Z","level":"INFO","msg":"confirm upload started","session_id":"54fd94d9-c271-4042-9a5a-a50863e0ef4a","file_count":3}
Jul 17 03:28:06 vithsutra kiosk-server[2006197]: {"time":"2026-07-17T03:28:06.44529132Z","level":"INFO","msg":"session validated for confirm","session_id":"54fd94d9-c271-4042-9a5a-a50863e0ef4a","status":"created"}
Jul 17 03:28:06 vithsutra kiosk-server[2006197]: DEBUG HeadObject → bucket: aiet-printflow-upload-prod  key: uploads/staging/2a7a1513-23d1-4b24-afd4-f610e34309dc/54fd94d9-c271-4042-9a5a-a50863e0ef4a/58c3cf38-2188-47e9-8494-28790a050b05.pdf
Jul 17 03:28:06 vithsutra kiosk-server[2006197]: {"time":"2026-07-17T03:28:06.663578752Z","level":"INFO","msg":"file price calculated","price":1,"sheets":1,"num_of_pages":1,"copies":1,"page_layout":1,"printing_mode":"monochromatic","printing_side":"single_side"}
Jul 17 03:28:06 vithsutra kiosk-server[2006197]: {"time":"2026-07-17T03:28:06.663633795Z","level":"INFO","msg":"Total done bebug","TotalAmount:":1,"TotalSheetes:":1}
Jul 17 03:28:06 vithsutra kiosk-server[2006197]: {"time":"2026-07-17T03:28:06.663651851Z","level":"INFO","msg":"Page Range bebugging","page_range:":["1"]}
Jul 17 03:28:06 vithsutra kiosk-server[2006197]: {"time":"2026-07-17T03:28:06.663672353Z","level":"INFO","msg":"file confirmed","session_id":"54fd94d9-c271-4042-9a5a-a50863e0ef4a","file_id":"58c3cf38-2188-47e9-8494-28790a050b05","file_name":"Prathvita Resume Dev 2 (2).pdf","sheets":1,"price":1}
Jul 17 03:28:06 vithsutra kiosk-server[2006197]: DEBUG HeadObject → bucket: aiet-printflow-upload-prod  key: uploads/staging/2a7a1513-23d1-4b24-afd4-f610e34309dc/54fd94d9-c271-4042-9a5a-a50863e0ef4a/0438ae0f-c6a6-43cd-affd-8622483e26d2.pdf
Jul 17 03:28:06 vithsutra kiosk-server[2006197]: {"time":"2026-07-17T03:28:06.743642907Z","level":"INFO","msg":"file price calculated","price":1,"sheets":1,"num_of_pages":1,"copies":1,"page_layout":1,"printing_mode":"monochromatic","printing_side":"single_side"}
Jul 17 03:28:06 vithsutra kiosk-server[2006197]: {"time":"2026-07-17T03:28:06.743705224Z","level":"INFO","msg":"Total done bebug","TotalAmount:":2,"TotalSheetes:":2}
Jul 17 03:28:06 vithsutra kiosk-server[2006197]: {"time":"2026-07-17T03:28:06.743726157Z","level":"INFO","msg":"Page Range bebugging","page_range:":["1"]}
Jul 17 03:28:06 vithsutra kiosk-server[2006197]: {"time":"2026-07-17T03:28:06.743747793Z","level":"INFO","msg":"file confirmed","session_id":"54fd94d9-c271-4042-9a5a-a50863e0ef4a","file_id":"0438ae0f-c6a6-43cd-affd-8622483e26d2","file_name":"new resume.pdf","sheets":1,"price":1}
Jul 17 03:28:06 vithsutra kiosk-server[2006197]: DEBUG HeadObject → bucket: aiet-printflow-upload-prod  key: uploads/staging/2a7a1513-23d1-4b24-afd4-f610e34309dc/54fd94d9-c271-4042-9a5a-a50863e0ef4a/5ef92745-1e11-4cd8-8c4f-4d4eeddea50c.pdf
Jul 17 03:28:06 vithsutra kiosk-server[2006197]: {"time":"2026-07-17T03:28:06.82305099Z","level":"INFO","msg":"file price calculated","price":2,"sheets":2,"num_of_pages":1,"copies":2,"page_layout":1,"printing_mode":"monochromatic","printing_side":"single_side"}
Jul 17 03:28:06 vithsutra kiosk-server[2006197]: {"time":"2026-07-17T03:28:06.823108574Z","level":"INFO","msg":"Total done bebug","TotalAmount:":4,"TotalSheetes:":4}
Jul 17 03:28:06 vithsutra kiosk-server[2006197]: {"time":"2026-07-17T03:28:06.82312839Z","level":"INFO","msg":"Page Range bebugging","page_range:":["1"]}
Jul 17 03:28:06 vithsutra kiosk-server[2006197]: {"time":"2026-07-17T03:28:06.823149709Z","level":"INFO","msg":"file confirmed","session_id":"54fd94d9-c271-4042-9a5a-a50863e0ef4a","file_id":"5ef92745-1e11-4cd8-8c4f-4d4eeddea50c","file_name":"Res (4).pdf","sheets":2,"price":2}
Jul 17 03:28:06 vithsutra kiosk-server[2006197]: DEBUG: PageRange in UpdateFileWithPrintOptions: [1]
Jul 17 03:28:06 vithsutra kiosk-server[2006197]: DEBUG: PageRange in UpdateFileWithPrintOptions: [1]
Jul 17 03:28:06 vithsutra kiosk-server[2006197]: DEBUG: PageRange in UpdateFileWithPrintOptions: [1]
Jul 17 03:28:07 vithsutra kiosk-server[2006197]: {"time":"2026-07-17T03:28:07.137465394Z","level":"INFO","msg":"confirm upload completed","session_id":"54fd94d9-c271-4042-9a5a-a50863e0ef4a","total_sheets":4,"total_amount":4}
Jul 17 03:28:07 vithsutra kiosk-server[2006197]: {"time":"2026-07-17T03:28:07.137619943Z","level":"INFO","msg":"request","method":"POST","path":"/files/upload/confirm","status":200,"bytes":725,"duration_ms":744,"request_id":"vithsutra/yJhBRTSzdo-004466","remote_addr":"2409:40f2:3007:be25:d1e7:d886:3388:3dc0"}
Jul 17 03:28:07 vithsutra kiosk-server[2006197]: {"time":"2026-07-17T03:28:07.68817064Z","level":"INFO","msg":"request","method":"OPTIONS","path":"/payments/create","status":204,"bytes":0,"duration_ms":0,"request_id":"vithsutra/yJhBRTSzdo-004467","remote_addr":"2409:40f2:3007:be25:d1e7:d886:3388:3dc0"}
Jul 17 03:28:08 vithsutra kiosk-server[2006197]: {"time":"2026-07-17T03:28:08.079196451Z","level":"INFO","msg":"create payment order started","session_id":"54fd94d9-c271-4042-9a5a-a50863e0ef4a","amount_paise_frontend":400}
Jul 17 03:28:08 vithsutra kiosk-server[2006197]: {"time":"2026-07-17T03:28:08.398500411Z","level":"INFO","msg":"razorpay order created","session_id":"54fd94d9-c271-4042-9a5a-a50863e0ef4a","razorpay_order_id":"order_TEQBX39I8RJrFY","amount_paise":400}
Jul 17 03:28:08 vithsutra kiosk-server[2006197]: {"time":"2026-07-17T03:28:08.451608963Z","level":"INFO","msg":"create payment order completed","session_id":"54fd94d9-c271-4042-9a5a-a50863e0ef4a","payment_id":"05098355-8e30-480a-8d1a-549bfe0c2d16","razorpay_order_id":"order_TEQBX39I8RJrFY"}
Jul 17 03:28:08 vithsutra kiosk-server[2006197]: {"time":"2026-07-17T03:28:08.45166188Z","level":"INFO","msg":"Amount:","Amount_paise":400}
Jul 17 03:28:08 vithsutra kiosk-server[2006197]: {"time":"2026-07-17T03:28:08.451828908Z","level":"INFO","msg":"request","method":"POST","path":"/payments/create","status":201,"bytes":232,"duration_ms":372,"request_id":"vithsutra/yJhBRTSzdo-004468","remote_addr":"2409:40f2:3007:be25:d1e7:d886:3388:3dc0"}
Jul 17 03:28:31 vithsutra kiosk-server[2006197]: {"time":"2026-07-17T03:28:31.462427776Z","level":"WARN","msg":"content_type is invalid; content_type is invalid","code":"validation_error"}
Jul 17 03:28:31 vithsutra kiosk-server[2006197]: {"time":"2026-07-17T03:28:31.46253398Z","level":"INFO","msg":"request","method":"POST","path":"/files/upload/init","status":400,"bytes":99,"duration_ms":0,"request_id":"vithsutra/yJhBRTSzdo-004469","remote_addr":"2401:4900:c947:2cc0:1440:6bff:fefd:e9ab"}
Jul 17 03:28:31 vithsutra kiosk-server[2006197]: {"time":"2026-07-17T03:28:31.801484036Z","level":"INFO","msg":"webhook received","event":"payment.captured"}
Jul 17 03:28:31 vithsutra kiosk-server[2006197]: {"time":"2026-07-17T03:28:31.801527145Z","level":"INFO","msg":"processing payment success","razorpay_order_id":"order_TEQBX39I8RJrFY","razorpay_payment_id":"pay_TEQBi2aEOlrmoc"}
Jul 17 03:28:32 vithsutra kiosk-server[2006197]: {"time":"2026-07-17T03:28:32.071093398Z","level":"INFO","msg":"expire session after printing started","session_id":"e5a5045e-3ef1-4e9e-bae7-d151ea1e7a83"}
Jul 17 03:28:32 vithsutra kiosk-server[2006197]: {"time":"2026-07-17T03:28:32.144881409Z","level":"INFO","msg":"file promoted","session_id":"54fd94d9-c271-4042-9a5a-a50863e0ef4a","file_id":"58c3cf38-2188-47e9-8494-28790a050b05","final_key":"uploads/final/2a7a1513-23d1-4b24-afd4-f610e34309dc/54fd94d9-c271-4042-9a5a-a50863e0ef4a/58c3cf38-2188-47e9-8494-28790a050b05.pdf"}
Jul 17 03:28:32 vithsutra kiosk-server[2006197]: {"time":"2026-07-17T03:28:32.228120199Z","level":"INFO","msg":"session marked completed","session_id":"e5a5045e-3ef1-4e9e-bae7-d151ea1e7a83"}
Jul 17 03:28:32 vithsutra kiosk-server[2006197]: {"time":"2026-07-17T03:28:32.245392634Z","level":"INFO","msg":"file promoted","session_id":"54fd94d9-c271-4042-9a5a-a50863e0ef4a","file_id":"0438ae0f-c6a6-43cd-affd-8622483e26d2","final_key":"uploads/final/2a7a1513-23d1-4b24-afd4-f610e34309dc/54fd94d9-c271-4042-9a5a-a50863e0ef4a/0438ae0f-c6a6-43cd-affd-8622483e26d2.pdf"}
Jul 17 03:28:32 vithsutra kiosk-server[2006197]: {"time":"2026-07-17T03:28:32.33369835Z","level":"WARN","msg":"no completed file found for session e5a5045e-3ef1-4e9e-bae7-d151ea1e7a83","code":"no_completed_file"}
Jul 17 03:28:32 vithsutra kiosk-server[2006197]: {"time":"2026-07-17T03:28:32.333881781Z","level":"INFO","msg":"request","method":"POST","path":"/print/jobs/expire","status":404,"bytes":124,"duration_ms":262,"request_id":"vithsutra/yJhBRTSzdo-004471","remote_addr":"103.89.233.254"}
Jul 17 03:28:32 vithsutra kiosk-server[2006197]: {"time":"2026-07-17T03:28:32.352501016Z","level":"INFO","msg":"file promoted","session_id":"54fd94d9-c271-4042-9a5a-a50863e0ef4a","file_id":"5ef92745-1e11-4cd8-8c4f-4d4eeddea50c","final_key":"uploads/final/2a7a1513-23d1-4b24-afd4-f610e34309dc/54fd94d9-c271-4042-9a5a-a50863e0ef4a/5ef92745-1e11-4cd8-8c4f-4d4eeddea50c.pdf"}
Jul 17 03:28:32 vithsutra kiosk-server[2006197]: {"time":"2026-07-17T03:28:32.718965535Z","level":"INFO","msg":"payment success committed","session_id":"54fd94d9-c271-4042-9a5a-a50863e0ef4a","razorpay_order_id":"order_TEQBX39I8RJrFY","razorpay_payment_id":"pay_TEQBi2aEOlrmoc","files_promoted":3}
Jul 17 03:28:32 vithsutra kiosk-server[2006197]: {"time":"2026-07-17T03:28:32.719065759Z","level":"INFO","msg":"request","method":"POST","path":"/webhooks/razorpay","status":200,"bytes":21,"duration_ms":917,"request_id":"vithsutra/yJhBRTSzdo-004470","remote_addr":"52.66.75.174"}
Jul 17 03:28:43 vithsutra kiosk-server[2006197]: {"time":"2026-07-17T03:28:43.616528792Z","level":"INFO","msg":"request","method":"OPTIONS","path":"/payments/status/54fd94d9-c271-4042-9a5a-a50863e0ef4a","status":204,"bytes":0,"duration_ms":0,"request_id":"vithsutra/yJhBRTSzdo-004472","remote_addr":"2409:40f2:3007:be25:d1e7:d886:3388:3dc0"}
Jul 17 03:28:44 vithsutra kiosk-server[2006197]: {"time":"2026-07-17T03:28:44.159692797Z","level":"INFO","msg":"get job by session ID started","session_id":"54fd94d9-c271-4042-9a5a-a50863e0ef4a"}
Jul 17 03:28:44 vithsutra kiosk-server[2006197]: {"time":"2026-07-17T03:28:44.212350592Z","level":"INFO","msg":"Token Debugging","Token:":"535251"}
Jul 17 03:28:44 vithsutra kiosk-server[2006197]: {"time":"2026-07-17T03:28:44.265774255Z","level":"INFO","msg":"get job by session ID completed","session_id":"54fd94d9-c271-4042-9a5a-a50863e0ef4a","file_count":3}
Jul 17 03:28:44 vithsutra kiosk-server[2006197]: {"time":"2026-07-17T03:28:44.265943662Z","level":"INFO","msg":"request","method":"GET","path":"/payments/status/54fd94d9-c271-4042-9a5a-a50863e0ef4a","status":200,"bytes":1504,"duration_ms":106,"request_id":"vithsutra/yJhBRTSzdo-004473","remote_addr":"2409:40f2:3007:be25:d1e7:d886:3388:3dc0"}
Jul 17 03:28:52 vithsutra kiosk-server[2006197]: {"time":"2026-07-17T03:28:52.328114166Z","level":"INFO","msg":"get job by token started","token":535251}
Jul 17 03:28:52 vithsutra kiosk-server[2006197]: DEBUG PRESIGN GET URL: https://aiet-printflow-upload-prod.s3.ap-south-1.amazonaws.com/uploads/final/2a7a1513-23d1-4b24-afd4-f610e34309dc/54fd94d9-c271-4042-9a5a-a50863e0ef4a/58c3cf38-2188-47e9-8494-28790a050b05.pdf?X-Amz-Algorithm=AWS4-HMAC-SHA256&X-Amz-Checksum-Mode=ENABLED&X-Amz-Credential=AKIAURY6ZINDKCABHGV3%2F20260717%2Fap-south-1%2Fs3%2Faws4_request&X-Amz-Date=20260717T032852Z&X-Amz-Expires=900&X-Amz-SignedHeaders=host&x-id=GetObject&X-Amz-Signature=b7981a89c124045895a5f075301c1ea5e5b34ff65f8caf60aa5efc58ae2c49a0
Jul 17 03:28:52 vithsutra kiosk-server[2006197]: {"time":"2026-07-17T03:28:52.435141862Z","level":"INFO","msg":"final_Key_Bebugging","final_key:":"uploads/final/2a7a1513-23d1-4b24-afd4-f610e34309dc/54fd94d9-c271-4042-9a5a-a50863e0ef4a/58c3cf38-2188-47e9-8494-28790a050b05.pdf"}
Jul 17 03:28:52 vithsutra kiosk-server[2006197]: DEBUG PRESIGN GET URL: https://aiet-printflow-upload-prod.s3.ap-south-1.amazonaws.com/uploads/final/2a7a1513-23d1-4b24-afd4-f610e34309dc/54fd94d9-c271-4042-9a5a-a50863e0ef4a/0438ae0f-c6a6-43cd-affd-8622483e26d2.pdf?X-Amz-Algorithm=AWS4-HMAC-SHA256&X-Amz-Checksum-Mode=ENABLED&X-Amz-Credential=AKIAURY6ZINDKCABHGV3%2F20260717%2Fap-south-1%2Fs3%2Faws4_request&X-Amz-Date=20260717T032852Z&X-Amz-Expires=900&X-Amz-SignedHeaders=host&x-id=GetObject&X-Amz-Signature=431e2e80b2df51a6ef71fb89ecd03275008f7bed9749d9fe3122365e8db3bdb9
Jul 17 03:28:52 vithsutra kiosk-server[2006197]: {"time":"2026-07-17T03:28:52.435434757Z","level":"INFO","msg":"final_Key_Bebugging","final_key:":"uploads/final/2a7a1513-23d1-4b24-afd4-f610e34309dc/54fd94d9-c271-4042-9a5a-a50863e0ef4a/0438ae0f-c6a6-43cd-affd-8622483e26d2.pdf"}
Jul 17 03:28:52 vithsutra kiosk-server[2006197]: DEBUG PRESIGN GET URL: https://aiet-printflow-upload-prod.s3.ap-south-1.amazonaws.com/uploads/final/2a7a1513-23d1-4b24-afd4-f610e34309dc/54fd94d9-c271-4042-9a5a-a50863e0ef4a/5ef92745-1e11-4cd8-8c4f-4d4eeddea50c.pdf?X-Amz-Algorithm=AWS4-HMAC-SHA256&X-Amz-Checksum-Mode=ENABLED&X-Amz-Credential=AKIAURY6ZINDKCABHGV3%2F20260717%2Fap-south-1%2Fs3%2Faws4_request&X-Amz-Date=20260717T032852Z&X-Amz-Expires=900&X-Amz-SignedHeaders=host&x-id=GetObject&X-Amz-Signature=23bfdfdd97cf5f37962f6f795d1c146093cc6451b65987dd2214cb0bc8939fc3
Jul 17 03:28:52 vithsutra kiosk-server[2006197]: {"time":"2026-07-17T03:28:52.435673377Z","level":"INFO","msg":"final_Key_Bebugging","final_key:":"uploads/final/2a7a1513-23d1-4b24-afd4-f610e34309dc/54fd94d9-c271-4042-9a5a-a50863e0ef4a/5ef92745-1e11-4cd8-8c4f-4d4eeddea50c.pdf"}
Jul 17 03:28:52 vithsutra kiosk-server[2006197]: {"time":"2026-07-17T03:28:52.435692582Z","level":"INFO","msg":"get job by token completed","token":535251,"session_id":"54fd94d9-c271-4042-9a5a-a50863e0ef4a","file_count":3}
Jul 17 03:28:52 vithsutra kiosk-server[2006197]: {"time":"2026-07-17T03:28:52.435820517Z","level":"INFO","msg":"request","method":"POST","path":"/print/jobs/token","status":200,"bytes":2484,"duration_ms":107,"request_id":"vithsutra/yJhBRTSzdo-004474","remote_addr":"103.89.233.254"}
Jul 17 03:29:13 vithsutra kiosk-server[2006197]: {"time":"2026-07-17T03:29:13.716497493Z","level":"INFO","msg":"expire session after printing started","session_id":"54fd94d9-c271-4042-9a5a-a50863e0ef4a"}
Jul 17 03:29:13 vithsutra kiosk-server[2006197]: {"time":"2026-07-17T03:29:13.822216992Z","level":"INFO","msg":"session marked completed","session_id":"54fd94d9-c271-4042-9a5a-a50863e0ef4a"}
Jul 17 03:29:13 vithsutra kiosk-server[2006197]: {"time":"2026-07-17T03:29:13.87557259Z","level":"WARN","msg":"no completed file found for session 54fd94d9-c271-4042-9a5a-a50863e0ef4a","code":"no_completed_file"}
Jul 17 03:29:13 vithsutra kiosk-server[2006197]: {"time":"2026-07-17T03:29:13.87567942Z","level":"INFO","msg":"request","method":"POST","path":"/print/jobs/expire","status":404,"bytes":124,"duration_ms":159,"request_id":"vithsutra/yJhBRTSzdo-004475","remote_addr":"103.89.233.254"}
Jul 17 03:29:27 vithsutra kiosk-server[2006197]: {"time":"2026-07-17T03:29:27.284221958Z","level":"INFO","msg":"expire session after printing started","session_id":"54fd94d9-c271-4042-9a5a-a50863e0ef4a"}
Jul 17 03:29:27 vithsutra kiosk-server[2006197]: {"time":"2026-07-17T03:29:27.336356404Z","level":"WARN","msg":"this session has already been completed","code":"session_already_completed"}
Jul 17 03:29:27 vithsutra kiosk-server[2006197]: {"time":"2026-07-17T03:29:27.336526947Z","level":"INFO","msg":"request","method":"POST","path":"/print/jobs/expire","status":400,"bytes":99,"duration_ms":52,"request_id":"vithsutra/yJhBRTSzdo-004476","remote_addr":"103.89.233.254"}
Jul 17 03:29:40 vithsutra kiosk-server[2006197]: {"time":"2026-07-17T03:29:40.48009532Z","level":"INFO","msg":"expire session after printing started","session_id":"54fd94d9-c271-4042-9a5a-a50863e0ef4a"}
Jul 17 03:29:42 vithsutra kiosk-server[2006197]: {"time":"2026-07-17T03:29:42.434030201Z","level":"WARN","msg":"this session has already been completed","code":"session_already_completed"}
Jul 17 03:29:42 vithsutra kiosk-server[2006197]: {"time":"2026-07-17T03:29:42.434137361Z","level":"INFO","msg":"request","method":"POST","path":"/print/jobs/expire","status":400,"bytes":99,"duration_ms":1954,"request_id":"vithsutra/yJhBRTSzdo-004477","remote_addr":"103.89.233.254"}
Jul 17 03:30:58 vithsutra kiosk-server[2006197]: {"time":"2026-07-17T03:30:58.540327836Z","level":"INFO","msg":"request","method":"OPTIONS","path":"/auth/google","status":204,"bytes":0,"duration_ms":0,"request_id":"vithsutra/yJhBRTSzdo-004478","remote_addr":"2409:40f2:3056:1216:c66d:d335:ed17:e605"}
Jul 17 03:30:58 vithsutra kiosk-server[2006197]: {"time":"2026-07-17T03:30:58.69508475Z","level":"INFO","msg":"google auth started"}
Jul 17 03:30:58 vithsutra kiosk-server[2006197]: {"time":"2026-07-17T03:30:58.695472029Z","level":"INFO","msg":"google token verified","google_id":"102756921585115396215","email":"rahilsaidapur01@gmail.com"}
Jul 17 03:30:58 vithsutra kiosk-server[2006197]: {"time":"2026-07-17T03:30:58.805947183Z","level":"INFO","msg":"new user — creating account","google_id":"102756921585115396215","email":"rahilsaidapur01@gmail.com"}
Jul 17 03:30:58 vithsutra kiosk-server[2006197]: {"time":"2026-07-17T03:30:58.916636807Z","level":"INFO","msg":"new user created","user_id":"187e7938-6c88-4eee-96a0-9074b0e2b5d6","email":"rahilsaidapur01@gmail.com"}
Jul 17 03:30:58 vithsutra kiosk-server[2006197]: {"time":"2026-07-17T03:30:58.91677037Z","level":"INFO","msg":"google auth completed","user_id":"187e7938-6c88-4eee-96a0-9074b0e2b5d6","email":"rahilsaidapur01@gmail.com"}
Jul 17 03:30:58 vithsutra kiosk-server[2006197]: {"time":"2026-07-17T03:30:58.916879819Z","level":"INFO","msg":"request","method":"POST","path":"/auth/google","status":200,"bytes":436,"duration_ms":221,"request_id":"vithsutra/yJhBRTSzdo-004479","remote_addr":"2409:40f2:3056:1216:c66d:d335:ed17:e605"}
Jul 17 03:31:44 vithsutra kiosk-server[2006197]: {"time":"2026-07-17T03:31:44.190803021Z","level":"INFO","msg":"request","method":"OPTIONS","path":"/files/upload/init","status":204,"bytes":0,"duration_ms":0,"request_id":"vithsutra/yJhBRTSzdo-004480","remote_addr":"2401:4900:c947:2cc0:1440:6bff:fefd:e9ab"}
Jul 17 03:31:44 vithsutra kiosk-server[2006197]: {"time":"2026-07-17T03:31:44.544664615Z","level":"WARN","msg":"content_type is invalid; content_type is invalid","code":"validation_error"}
Jul 17 03:31:44 vithsutra kiosk-server[2006197]: {"time":"2026-07-17T03:31:44.544705481Z","level":"INFO","msg":"request","method":"POST","path":"/files/upload/init","status":400,"bytes":99,"duration_ms":0,"request_id":"vithsutra/yJhBRTSzdo-004481","remote_addr":"2401:4900:c947:2cc0:1440:6bff:fefd:e9ab"}
Jul 17 03:31:56 vithsutra kiosk-server[2006197]: {"time":"2026-07-17T03:31:56.673081385Z","level":"INFO","msg":"request","method":"OPTIONS","path":"/files/upload/init","status":204,"bytes":0,"duration_ms":0,"request_id":"vithsutra/yJhBRTSzdo-004482","remote_addr":"2409:40f2:3056:1216:c66d:d335:ed17:e605"}
Jul 17 03:31:56 vithsutra kiosk-server[2006197]: {"time":"2026-07-17T03:31:56.841686689Z","level":"INFO","msg":"USERID","userId:":"187e7938-6c88-4eee-96a0-9074b0e2b5d6"}
Jul 17 03:31:56 vithsutra kiosk-server[2006197]: {"time":"2026-07-17T03:31:56.841726244Z","level":"INFO","msg":"USEREMAIL","userEmail:":"rahilsaidapur01@gmail.com"}
Jul 17 03:31:56 vithsutra kiosk-server[2006197]: {"time":"2026-07-17T03:31:56.841740657Z","level":"INFO","msg":"init upload started","user_id":"187e7938-6c88-4eee-96a0-9074b0e2b5d6","file_count":3,"request_payload":{"files":[{"file_name":"rahil_resssume.pdf","content_type":"application/pdf"},{"file_name":"atif_lresssumee).pdf","content_type":"application/pdf"},{"file_name":"IIIT_Vadodara_Resume__1_ (1).pdf","content_type":"application/pdf"}]}}
Jul 17 03:31:57 vithsutra kiosk-server[2006197]: {"time":"2026-07-17T03:31:57.006982991Z","level":"INFO","msg":"upload session created","session_id":"3f8a86fa-c512-4d0c-84e8-edd94d84b764","user_id":"187e7938-6c88-4eee-96a0-9074b0e2b5d6","expires_at":"2026-07-24T03:31:56.895923078Z"}
Jul 17 03:31:57 vithsutra kiosk-server[2006197]: {"time":"2026-07-17T03:31:57.285254298Z","level":"INFO","msg":"init upload completed","session_id":"3f8a86fa-c512-4d0c-84e8-edd94d84b764","user_id":"187e7938-6c88-4eee-96a0-9074b0e2b5d6","file_count":3}
Jul 17 03:31:57 vithsutra kiosk-server[2006197]: {"time":"2026-07-17T03:31:57.285512586Z","level":"INFO","msg":"request","method":"POST","path":"/files/upload/init","status":201,"bytes":2605,"duration_ms":444,"request_id":"vithsutra/yJhBRTSzdo-004483","remote_addr":"2409:40f2:3056:1216:c66d:d335:ed17:e605"}
Jul 17 03:31:57 vithsutra kiosk-server[2006197]: {"time":"2026-07-17T03:31:57.605368977Z","level":"WARN","msg":"content_type is invalid; content_type is invalid","code":"validation_error"}
Jul 17 03:31:57 vithsutra kiosk-server[2006197]: {"time":"2026-07-17T03:31:57.605441827Z","level":"INFO","msg":"request","method":"POST","path":"/files/upload/init","status":400,"bytes":99,"duration_ms":0,"request_id":"vithsutra/yJhBRTSzdo-004484","remote_addr":"2401:4900:c947:2cc0:1440:6bff:fefd:e9ab"}
Jul 17 03:31:58 vithsutra kiosk-server[2006197]: {"time":"2026-07-17T03:31:58.521059175Z","level":"INFO","msg":"request","method":"OPTIONS","path":"/files/upload/confirm","status":204,"bytes":0,"duration_ms":0,"request_id":"vithsutra/yJhBRTSzdo-004485","remote_addr":"2409:40f2:3056:1216:c66d:d335:ed17:e605"}
Jul 17 03:31:58 vithsutra kiosk-server[2006197]: {"time":"2026-07-17T03:31:58.670305688Z","level":"INFO","msg":"confirm upload started","session_id":"3f8a86fa-c512-4d0c-84e8-edd94d84b764","file_count":3}
Jul 17 03:31:58 vithsutra kiosk-server[2006197]: {"time":"2026-07-17T03:31:58.725275018Z","level":"INFO","msg":"session validated for confirm","session_id":"3f8a86fa-c512-4d0c-84e8-edd94d84b764","status":"created"}
Jul 17 03:31:58 vithsutra kiosk-server[2006197]: DEBUG HeadObject → bucket: aiet-printflow-upload-prod  key: uploads/staging/187e7938-6c88-4eee-96a0-9074b0e2b5d6/3f8a86fa-c512-4d0c-84e8-edd94d84b764/97c465fd-0f0c-4912-8826-62123e1bd75f.pdf
Jul 17 03:31:59 vithsutra kiosk-server[2006197]: {"time":"2026-07-17T03:31:59.009773627Z","level":"INFO","msg":"file price calculated","price":1,"sheets":1,"num_of_pages":1,"copies":1,"page_layout":1,"printing_mode":"monochromatic","printing_side":"single_side"}
Jul 17 03:31:59 vithsutra kiosk-server[2006197]: {"time":"2026-07-17T03:31:59.009878699Z","level":"INFO","msg":"Total done bebug","TotalAmount:":1,"TotalSheetes:":1}
Jul 17 03:31:59 vithsutra kiosk-server[2006197]: {"time":"2026-07-17T03:31:59.009903214Z","level":"INFO","msg":"Page Range bebugging","page_range:":["1"]}
Jul 17 03:31:59 vithsutra kiosk-server[2006197]: {"time":"2026-07-17T03:31:59.009926359Z","level":"INFO","msg":"file confirmed","session_id":"3f8a86fa-c512-4d0c-84e8-edd94d84b764","file_id":"97c465fd-0f0c-4912-8826-62123e1bd75f","file_name":"rahil_resssume.pdf","sheets":1,"price":1}
Jul 17 03:31:59 vithsutra kiosk-server[2006197]: DEBUG HeadObject → bucket: aiet-printflow-upload-prod  key: uploads/staging/187e7938-6c88-4eee-96a0-9074b0e2b5d6/3f8a86fa-c512-4d0c-84e8-edd94d84b764/a8ac53b1-70f7-47e9-98a9-1d3b1feccbe2.pdf
Jul 17 03:31:59 vithsutra kiosk-server[2006197]: {"time":"2026-07-17T03:31:59.108929839Z","level":"INFO","msg":"file price calculated","price":1,"sheets":1,"num_of_pages":1,"copies":1,"page_layout":1,"printing_mode":"monochromatic","printing_side":"single_side"}
Jul 17 03:31:59 vithsutra kiosk-server[2006197]: {"time":"2026-07-17T03:31:59.108978683Z","level":"INFO","msg":"Total done bebug","TotalAmount:":2,"TotalSheetes:":2}
Jul 17 03:31:59 vithsutra kiosk-server[2006197]: {"time":"2026-07-17T03:31:59.108993167Z","level":"INFO","msg":"Page Range bebugging","page_range:":["1"]}
Jul 17 03:31:59 vithsutra kiosk-server[2006197]: {"time":"2026-07-17T03:31:59.109008367Z","level":"INFO","msg":"file confirmed","session_id":"3f8a86fa-c512-4d0c-84e8-edd94d84b764","file_id":"a8ac53b1-70f7-47e9-98a9-1d3b1feccbe2","file_name":"atif_lresssumee).pdf","sheets":1,"price":1}
Jul 17 03:31:59 vithsutra kiosk-server[2006197]: DEBUG HeadObject → bucket: aiet-printflow-upload-prod  key: uploads/staging/187e7938-6c88-4eee-96a0-9074b0e2b5d6/3f8a86fa-c512-4d0c-84e8-edd94d84b764/fc02853f-952f-4aee-b186-aea8d07b280a.pdf
Jul 17 03:31:59 vithsutra kiosk-server[2006197]: {"time":"2026-07-17T03:31:59.205722505Z","level":"INFO","msg":"file price calculated","price":1,"sheets":1,"num_of_pages":1,"copies":1,"page_layout":1,"printing_mode":"monochromatic","printing_side":"single_side"}
Jul 17 03:31:59 vithsutra kiosk-server[2006197]: {"time":"2026-07-17T03:31:59.205783922Z","level":"INFO","msg":"Total done bebug","TotalAmount:":3,"TotalSheetes:":3}
Jul 17 03:31:59 vithsutra kiosk-server[2006197]: {"time":"2026-07-17T03:31:59.20580641Z","level":"INFO","msg":"Page Range bebugging","page_range:":["1"]}
Jul 17 03:31:59 vithsutra kiosk-server[2006197]: {"time":"2026-07-17T03:31:59.205828218Z","level":"INFO","msg":"file confirmed","session_id":"3f8a86fa-c512-4d0c-84e8-edd94d84b764","file_id":"fc02853f-952f-4aee-b186-aea8d07b280a","file_name":"IIIT_Vadodara_Resume__1_ (1).pdf","sheets":1,"price":1}
Jul 17 03:31:59 vithsutra kiosk-server[2006197]: DEBUG: PageRange in UpdateFileWithPrintOptions: [1]
Jul 17 03:31:59 vithsutra kiosk-server[2006197]: DEBUG: PageRange in UpdateFileWithPrintOptions: [1]
Jul 17 03:31:59 vithsutra kiosk-server[2006197]: DEBUG: PageRange in UpdateFileWithPrintOptions: [1]
Jul 17 03:31:59 vithsutra kiosk-server[2006197]: {"time":"2026-07-17T03:31:59.642820391Z","level":"INFO","msg":"confirm upload completed","session_id":"3f8a86fa-c512-4d0c-84e8-edd94d84b764","total_sheets":3,"total_amount":3}
Jul 17 03:31:59 vithsutra kiosk-server[2006197]: {"time":"2026-07-17T03:31:59.643003613Z","level":"INFO","msg":"request","method":"POST","path":"/files/upload/confirm","status":200,"bytes":740,"duration_ms":972,"request_id":"vithsutra/yJhBRTSzdo-004486","remote_addr":"2409:40f2:3056:1216:c66d:d335:ed17:e605"}
Jul 17 03:31:59 vithsutra kiosk-server[2006197]: {"time":"2026-07-17T03:31:59.823365199Z","level":"INFO","msg":"request","method":"OPTIONS","path":"/payments/create","status":204,"bytes":0,"duration_ms":0,"request_id":"vithsutra/yJhBRTSzdo-004487","remote_addr":"2409:40f2:3056:1216:c66d:d335:ed17:e605"}
Jul 17 03:31:59 vithsutra kiosk-server[2006197]: {"time":"2026-07-17T03:31:59.984997603Z","level":"INFO","msg":"create payment order started","session_id":"3f8a86fa-c512-4d0c-84e8-edd94d84b764","amount_paise_frontend":300}
Jul 17 03:32:00 vithsutra kiosk-server[2006197]: {"time":"2026-07-17T03:32:00.368396209Z","level":"INFO","msg":"razorpay order created","session_id":"3f8a86fa-c512-4d0c-84e8-edd94d84b764","razorpay_order_id":"order_TEQFcFU2uKEZWp","amount_paise":300}
Jul 17 03:32:00 vithsutra kiosk-server[2006197]: {"time":"2026-07-17T03:32:00.477492395Z","level":"INFO","msg":"create payment order completed","session_id":"3f8a86fa-c512-4d0c-84e8-edd94d84b764","payment_id":"b58bc691-70ae-496f-8dbc-e020b28dd1bf","razorpay_order_id":"order_TEQFcFU2uKEZWp"}
Jul 17 03:32:00 vithsutra kiosk-server[2006197]: {"time":"2026-07-17T03:32:00.477529068Z","level":"INFO","msg":"Amount:","Amount_paise":300}
Jul 17 03:32:00 vithsutra kiosk-server[2006197]: {"time":"2026-07-17T03:32:00.477626469Z","level":"INFO","msg":"request","method":"POST","path":"/payments/create","status":201,"bytes":232,"duration_ms":492,"request_id":"vithsutra/yJhBRTSzdo-004488","remote_addr":"2409:40f2:3056:1216:c66d:d335:ed17:e605"}
Jul 17 03:32:47 vithsutra kiosk-server[2006197]: {"time":"2026-07-17T03:32:47.169389753Z","level":"INFO","msg":"webhook received","event":"payment.captured"}
Jul 17 03:32:47 vithsutra kiosk-server[2006197]: {"time":"2026-07-17T03:32:47.169421553Z","level":"INFO","msg":"processing payment success","razorpay_order_id":"order_TEQFcFU2uKEZWp","razorpay_payment_id":"pay_TEQG58yAIkHVHV"}
Jul 17 03:32:48 vithsutra kiosk-server[2006197]: {"time":"2026-07-17T03:32:48.01053771Z","level":"INFO","msg":"file promoted","session_id":"3f8a86fa-c512-4d0c-84e8-edd94d84b764","file_id":"97c465fd-0f0c-4912-8826-62123e1bd75f","final_key":"uploads/final/187e7938-6c88-4eee-96a0-9074b0e2b5d6/3f8a86fa-c512-4d0c-84e8-edd94d84b764/97c465fd-0f0c-4912-8826-62123e1bd75f.pdf"}
Jul 17 03:32:48 vithsutra kiosk-server[2006197]: {"time":"2026-07-17T03:32:48.114915813Z","level":"INFO","msg":"file promoted","session_id":"3f8a86fa-c512-4d0c-84e8-edd94d84b764","file_id":"a8ac53b1-70f7-47e9-98a9-1d3b1feccbe2","final_key":"uploads/final/187e7938-6c88-4eee-96a0-9074b0e2b5d6/3f8a86fa-c512-4d0c-84e8-edd94d84b764/a8ac53b1-70f7-47e9-98a9-1d3b1feccbe2.pdf"}
Jul 17 03:32:48 vithsutra kiosk-server[2006197]: {"time":"2026-07-17T03:32:48.23187249Z","level":"INFO","msg":"file promoted","session_id":"3f8a86fa-c512-4d0c-84e8-edd94d84b764","file_id":"fc02853f-952f-4aee-b186-aea8d07b280a","final_key":"uploads/final/187e7938-6c88-4eee-96a0-9074b0e2b5d6/3f8a86fa-c512-4d0c-84e8-edd94d84b764/fc02853f-952f-4aee-b186-aea8d07b280a.pdf"}
Jul 17 03:32:48 vithsutra kiosk-server[2006197]: {"time":"2026-07-17T03:32:48.777191664Z","level":"INFO","msg":"payment success committed","session_id":"3f8a86fa-c512-4d0c-84e8-edd94d84b764","razorpay_order_id":"order_TEQFcFU2uKEZWp","razorpay_payment_id":"pay_TEQG58yAIkHVHV","files_promoted":3}
Jul 17 03:32:48 vithsutra kiosk-server[2006197]: {"time":"2026-07-17T03:32:48.77730519Z","level":"INFO","msg":"request","method":"POST","path":"/webhooks/razorpay","status":200,"bytes":21,"duration_ms":1608,"request_id":"vithsutra/yJhBRTSzdo-004489","remote_addr":"52.66.75.174"}
Jul 17 03:32:53 vithsutra kiosk-server[2006197]: {"time":"2026-07-17T03:32:53.867470069Z","level":"INFO","msg":"request","method":"OPTIONS","path":"/payments/status/3f8a86fa-c512-4d0c-84e8-edd94d84b764","status":204,"bytes":0,"duration_ms":0,"request_id":"vithsutra/yJhBRTSzdo-004490","remote_addr":"2409:40f2:3056:1216:c66d:d335:ed17:e605"}
Jul 17 03:32:54 vithsutra kiosk-server[2006197]: {"time":"2026-07-17T03:32:54.619440139Z","level":"INFO","msg":"get job by session ID started","session_id":"3f8a86fa-c512-4d0c-84e8-edd94d84b764"}
Jul 17 03:32:54 vithsutra kiosk-server[2006197]: {"time":"2026-07-17T03:32:54.674094265Z","level":"INFO","msg":"Token Debugging","Token:":"419206"}
Jul 17 03:32:54 vithsutra kiosk-server[2006197]: {"time":"2026-07-17T03:32:54.729891182Z","level":"INFO","msg":"get job by session ID completed","session_id":"3f8a86fa-c512-4d0c-84e8-edd94d84b764","file_count":3}
Jul 17 03:32:54 vithsutra kiosk-server[2006197]: {"time":"2026-07-17T03:32:54.730036857Z","level":"INFO","msg":"request","method":"GET","path":"/payments/status/3f8a86fa-c512-4d0c-84e8-edd94d84b764","status":200,"bytes":1519,"duration_ms":110,"request_id":"vithsutra/yJhBRTSzdo-004491","remote_addr":"2409:40f2:3056:1216:c66d:d335:ed17:e605"}
Jul 17 03:33:00 vithsutra kiosk-server[2006197]: {"time":"2026-07-17T03:33:00.660278732Z","level":"INFO","msg":"get job by token started","token":419206}
Jul 17 03:33:00 vithsutra kiosk-server[2006197]: DEBUG PRESIGN GET URL: https://aiet-printflow-upload-prod.s3.ap-south-1.amazonaws.com/uploads/final/187e7938-6c88-4eee-96a0-9074b0e2b5d6/3f8a86fa-c512-4d0c-84e8-edd94d84b764/97c465fd-0f0c-4912-8826-62123e1bd75f.pdf?X-Amz-Algorithm=AWS4-HMAC-SHA256&X-Amz-Checksum-Mode=ENABLED&X-Amz-Credential=AKIAURY6ZINDKCABHGV3%2F20260717%2Fap-south-1%2Fs3%2Faws4_request&X-Amz-Date=20260717T033300Z&X-Amz-Expires=900&X-Amz-SignedHeaders=host&x-id=GetObject&X-Amz-Signature=44f3120cef0d3ff743cf92bb57d425994bb186510c64e5afa5fa106d4b08bc05
Jul 17 03:33:00 vithsutra kiosk-server[2006197]: {"time":"2026-07-17T03:33:00.825235126Z","level":"INFO","msg":"final_Key_Bebugging","final_key:":"uploads/final/187e7938-6c88-4eee-96a0-9074b0e2b5d6/3f8a86fa-c512-4d0c-84e8-edd94d84b764/97c465fd-0f0c-4912-8826-62123e1bd75f.pdf"}
Jul 17 03:33:00 vithsutra kiosk-server[2006197]: DEBUG PRESIGN GET URL: https://aiet-printflow-upload-prod.s3.ap-south-1.amazonaws.com/uploads/final/187e7938-6c88-4eee-96a0-9074b0e2b5d6/3f8a86fa-c512-4d0c-84e8-edd94d84b764/a8ac53b1-70f7-47e9-98a9-1d3b1feccbe2.pdf?X-Amz-Algorithm=AWS4-HMAC-SHA256&X-Amz-Checksum-Mode=ENABLED&X-Amz-Credential=AKIAURY6ZINDKCABHGV3%2F20260717%2Fap-south-1%2Fs3%2Faws4_request&X-Amz-Date=20260717T033300Z&X-Amz-Expires=900&X-Amz-SignedHeaders=host&x-id=GetObject&X-Amz-Signature=0aa9cc04afe1d222de2ace727d538653107f784d2fa0d719f29f5271a0bb41bf
Jul 17 03:33:00 vithsutra kiosk-server[2006197]: {"time":"2026-07-17T03:33:00.825450949Z","level":"INFO","msg":"final_Key_Bebugging","final_key:":"uploads/final/187e7938-6c88-4eee-96a0-9074b0e2b5d6/3f8a86fa-c512-4d0c-84e8-edd94d84b764/a8ac53b1-70f7-47e9-98a9-1d3b1feccbe2.pdf"}
Jul 17 03:33:00 vithsutra kiosk-server[2006197]: DEBUG PRESIGN GET URL: https://aiet-printflow-upload-prod.s3.ap-south-1.amazonaws.com/uploads/final/187e7938-6c88-4eee-96a0-9074b0e2b5d6/3f8a86fa-c512-4d0c-84e8-edd94d84b764/fc02853f-952f-4aee-b186-aea8d07b280a.pdf?X-Amz-Algorithm=AWS4-HMAC-SHA256&X-Amz-Checksum-Mode=ENABLED&X-Amz-Credential=AKIAURY6ZINDKCABHGV3%2F20260717%2Fap-south-1%2Fs3%2Faws4_request&X-Amz-Date=20260717T033300Z&X-Amz-Expires=900&X-Amz-SignedHeaders=host&x-id=GetObject&X-Amz-Signature=650afac33f12dedb31be51a9050a406f4fdad4469a4fd7a934fe67b9073ff31e
Jul 17 03:33:00 vithsutra kiosk-server[2006197]: {"time":"2026-07-17T03:33:00.825654413Z","level":"INFO","msg":"final_Key_Bebugging","final_key:":"uploads/final/187e7938-6c88-4eee-96a0-9074b0e2b5d6/3f8a86fa-c512-4d0c-84e8-edd94d84b764/fc02853f-952f-4aee-b186-aea8d07b280a.pdf"}
Jul 17 03:33:00 vithsutra kiosk-server[2006197]: {"time":"2026-07-17T03:33:00.825670672Z","level":"INFO","msg":"get job by token completed","token":419206,"session_id":"3f8a86fa-c512-4d0c-84e8-edd94d84b764","file_count":3}
Jul 17 03:33:00 vithsutra kiosk-server[2006197]: {"time":"2026-07-17T03:33:00.825775661Z","level":"INFO","msg":"request","method":"POST","path":"/print/jobs/token","status":200,"bytes":2499,"duration_ms":165,"request_id":"vithsutra/yJhBRTSzdo-004492","remote_addr":"103.89.233.254"}
Jul 17 03:33:47 vithsutra kiosk-server[2006197]: {"time":"2026-07-17T03:33:47.876594464Z","level":"INFO","msg":"expire session after printing started","session_id":"3f8a86fa-c512-4d0c-84e8-edd94d84b764"}
Jul 17 03:33:48 vithsutra kiosk-server[2006197]: {"time":"2026-07-17T03:33:48.039957214Z","level":"INFO","msg":"session marked completed","session_id":"3f8a86fa-c512-4d0c-84e8-edd94d84b764"}
Jul 17 03:33:48 vithsutra kiosk-server[2006197]: {"time":"2026-07-17T03:33:48.14911734Z","level":"WARN","msg":"no completed file found for session 3f8a86fa-c512-4d0c-84e8-edd94d84b764","code":"no_completed_file"}
Jul 17 03:33:48 vithsutra kiosk-server[2006197]: {"time":"2026-07-17T03:33:48.149206632Z","level":"INFO","msg":"request","method":"POST","path":"/print/jobs/expire","status":404,"bytes":124,"duration_ms":272,"request_id":"vithsutra/yJhBRTSzdo-004493","remote_addr":"103.89.233.254"}
Jul 17 03:34:00 vithsutra kiosk-server[2006197]: {"time":"2026-07-17T03:34:00.730000487Z","level":"INFO","msg":"expire session after printing started","session_id":"3f8a86fa-c512-4d0c-84e8-edd94d84b764"}
Jul 17 03:34:00 vithsutra kiosk-server[2006197]: {"time":"2026-07-17T03:34:00.78407612Z","level":"WARN","msg":"this session has already been completed","code":"session_already_completed"}
Jul 17 03:34:00 vithsutra kiosk-server[2006197]: {"time":"2026-07-17T03:34:00.784135077Z","level":"INFO","msg":"request","method":"POST","path":"/print/jobs/expire","status":400,"bytes":99,"duration_ms":54,"request_id":"vithsutra/yJhBRTSzdo-004494","remote_addr":"103.89.233.254"}
Jul 17 03:34:13 vithsutra kiosk-server[2006197]: {"time":"2026-07-17T03:34:13.954287396Z","level":"INFO","msg":"expire session after printing started","session_id":"3f8a86fa-c512-4d0c-84e8-edd94d84b764"}
Jul 17 03:34:14 vithsutra kiosk-server[2006197]: {"time":"2026-07-17T03:34:14.009339261Z","level":"WARN","msg":"this session has already been completed","code":"session_already_completed"}
Jul 17 03:34:14 vithsutra kiosk-server[2006197]: {"time":"2026-07-17T03:34:14.009427096Z","level":"INFO","msg":"request","method":"POST","path":"/print/jobs/expire","status":400,"bytes":99,"duration_ms":55,"request_id":"vithsutra/yJhBRTSzdo-004495","remote_addr":"103.89.233.254"}
Jul 17 03:36:16 vithsutra kiosk-server[2006197]: {"time":"2026-07-17T03:36:16.17818422Z","level":"INFO","msg":"request","method":"OPTIONS","path":"/auth/google","status":204,"bytes":0,"duration_ms":0,"request_id":"vithsutra/yJhBRTSzdo-004496","remote_addr":"103.89.233.254"}
Jul 17 03:36:16 vithsutra kiosk-server[2006197]: {"time":"2026-07-17T03:36:16.469648391Z","level":"INFO","msg":"google auth started"}
Jul 17 03:36:16 vithsutra kiosk-server[2006197]: {"time":"2026-07-17T03:36:16.470065264Z","level":"INFO","msg":"google token verified","google_id":"105263207096074529188","email":"4al23cd055@aiet.org.in"}
Jul 17 03:36:17 vithsutra kiosk-server[2006197]: {"time":"2026-07-17T03:36:17.412230596Z","level":"INFO","msg":"new user — creating account","google_id":"105263207096074529188","email":"4al23cd055@aiet.org.in"}
Jul 17 03:36:17 vithsutra kiosk-server[2006197]: {"time":"2026-07-17T03:36:17.520481585Z","level":"INFO","msg":"new user created","user_id":"03a67405-bf12-42ba-b892-a022fb8ae3f4","email":"4al23cd055@aiet.org.in"}
Jul 17 03:36:17 vithsutra kiosk-server[2006197]: {"time":"2026-07-17T03:36:17.520618164Z","level":"INFO","msg":"google auth completed","user_id":"03a67405-bf12-42ba-b892-a022fb8ae3f4","email":"4al23cd055@aiet.org.in"}
Jul 17 03:36:17 vithsutra kiosk-server[2006197]: {"time":"2026-07-17T03:36:17.520695579Z","level":"INFO","msg":"request","method":"POST","path":"/auth/google","status":200,"bytes":455,"duration_ms":1051,"request_id":"vithsutra/yJhBRTSzdo-004497","remote_addr":"103.89.233.254"}
Jul 17 03:36:28 vithsutra kiosk-server[2006197]: {"time":"2026-07-17T03:36:28.66876856Z","level":"INFO","msg":"request","method":"OPTIONS","path":"/files/upload/init","status":204,"bytes":0,"duration_ms":0,"request_id":"vithsutra/yJhBRTSzdo-004498","remote_addr":"103.89.233.254"}
Jul 17 03:36:28 vithsutra kiosk-server[2006197]: {"time":"2026-07-17T03:36:28.825529273Z","level":"INFO","msg":"USERID","userId:":"03a67405-bf12-42ba-b892-a022fb8ae3f4"}
Jul 17 03:36:28 vithsutra kiosk-server[2006197]: {"time":"2026-07-17T03:36:28.825573392Z","level":"INFO","msg":"USEREMAIL","userEmail:":"4al23cd055@aiet.org.in"}
Jul 17 03:36:28 vithsutra kiosk-server[2006197]: {"time":"2026-07-17T03:36:28.825590967Z","level":"INFO","msg":"init upload started","user_id":"03a67405-bf12-42ba-b892-a022fb8ae3f4","file_count":1,"request_payload":{"files":[{"file_name":"agreement GAO .pdf","content_type":"application/pdf"}]}}
Jul 17 03:36:28 vithsutra kiosk-server[2006197]: {"time":"2026-07-17T03:36:28.987799388Z","level":"INFO","msg":"upload session created","session_id":"773caaf9-6b1c-4cfa-ad37-1cc16735822b","user_id":"03a67405-bf12-42ba-b892-a022fb8ae3f4","expires_at":"2026-07-24T03:36:28.879333495Z"}
Jul 17 03:36:29 vithsutra kiosk-server[2006197]: {"time":"2026-07-17T03:36:29.153683743Z","level":"INFO","msg":"init upload completed","session_id":"773caaf9-6b1c-4cfa-ad37-1cc16735822b","user_id":"03a67405-bf12-42ba-b892-a022fb8ae3f4","file_count":1}
Jul 17 03:36:29 vithsutra kiosk-server[2006197]: {"time":"2026-07-17T03:36:29.153822397Z","level":"INFO","msg":"request","method":"POST","path":"/files/upload/init","status":201,"bytes":977,"duration_ms":328,"request_id":"vithsutra/yJhBRTSzdo-004499","remote_addr":"103.89.233.254"}
Jul 17 03:36:29 vithsutra kiosk-server[2006197]: {"time":"2026-07-17T03:36:29.630992891Z","level":"INFO","msg":"request","method":"OPTIONS","path":"/files/upload/confirm","status":204,"bytes":0,"duration_ms":0,"request_id":"vithsutra/yJhBRTSzdo-004500","remote_addr":"103.89.233.254"}
Jul 17 03:36:29 vithsutra kiosk-server[2006197]: {"time":"2026-07-17T03:36:29.786248904Z","level":"INFO","msg":"confirm upload started","session_id":"773caaf9-6b1c-4cfa-ad37-1cc16735822b","file_count":1}
Jul 17 03:36:29 vithsutra kiosk-server[2006197]: {"time":"2026-07-17T03:36:29.893921095Z","level":"INFO","msg":"session validated for confirm","session_id":"773caaf9-6b1c-4cfa-ad37-1cc16735822b","status":"created"}
Jul 17 03:36:30 vithsutra kiosk-server[2006197]: DEBUG HeadObject → bucket: aiet-printflow-upload-prod  key: uploads/staging/03a67405-bf12-42ba-b892-a022fb8ae3f4/773caaf9-6b1c-4cfa-ad37-1cc16735822b/75ee910f-80fb-41f5-8cb1-b628aeaf27b6.pdf
Jul 17 03:36:30 vithsutra kiosk-server[2006197]: {"time":"2026-07-17T03:36:30.191121559Z","level":"INFO","msg":"file price calculated","price":2,"sheets":2,"num_of_pages":2,"copies":1,"page_layout":1,"printing_mode":"monochromatic","printing_side":"single_side"}
Jul 17 03:36:30 vithsutra kiosk-server[2006197]: {"time":"2026-07-17T03:36:30.191176361Z","level":"INFO","msg":"Total done bebug","TotalAmount:":2,"TotalSheetes:":2}
Jul 17 03:36:30 vithsutra kiosk-server[2006197]: {"time":"2026-07-17T03:36:30.191195805Z","level":"INFO","msg":"Page Range bebugging","page_range:":["1-2"]}
Jul 17 03:36:30 vithsutra kiosk-server[2006197]: {"time":"2026-07-17T03:36:30.191214668Z","level":"INFO","msg":"file confirmed","session_id":"773caaf9-6b1c-4cfa-ad37-1cc16735822b","file_id":"75ee910f-80fb-41f5-8cb1-b628aeaf27b6","file_name":"agreement GAO .pdf","sheets":2,"price":2}
Jul 17 03:36:30 vithsutra kiosk-server[2006197]: DEBUG: PageRange in UpdateFileWithPrintOptions: [1-2]
Jul 17 03:36:30 vithsutra kiosk-server[2006197]: {"time":"2026-07-17T03:36:30.514169639Z","level":"INFO","msg":"confirm upload completed","session_id":"773caaf9-6b1c-4cfa-ad37-1cc16735822b","total_sheets":2,"total_amount":2}
Jul 17 03:36:30 vithsutra kiosk-server[2006197]: {"time":"2026-07-17T03:36:30.514292279Z","level":"INFO","msg":"request","method":"POST","path":"/files/upload/confirm","status":200,"bytes":352,"duration_ms":728,"request_id":"vithsutra/yJhBRTSzdo-004501","remote_addr":"103.89.233.254"}
Jul 17 03:36:30 vithsutra kiosk-server[2006197]: {"time":"2026-07-17T03:36:30.670401158Z","level":"INFO","msg":"request","method":"OPTIONS","path":"/payments/create","status":204,"bytes":0,"duration_ms":0,"request_id":"vithsutra/yJhBRTSzdo-004502","remote_addr":"103.89.233.254"}
Jul 17 03:36:30 vithsutra kiosk-server[2006197]: {"time":"2026-07-17T03:36:30.8225915Z","level":"INFO","msg":"create payment order started","session_id":"773caaf9-6b1c-4cfa-ad37-1cc16735822b","amount_paise_frontend":200}
Jul 17 03:36:31 vithsutra kiosk-server[2006197]: {"time":"2026-07-17T03:36:31.247617162Z","level":"INFO","msg":"razorpay order created","session_id":"773caaf9-6b1c-4cfa-ad37-1cc16735822b","razorpay_order_id":"order_TEQKNvi2TOaPuG","amount_paise":200}
Jul 17 03:36:31 vithsutra kiosk-server[2006197]: {"time":"2026-07-17T03:36:31.356438025Z","level":"INFO","msg":"create payment order completed","session_id":"773caaf9-6b1c-4cfa-ad37-1cc16735822b","payment_id":"d9eba44a-a2cb-4e40-81ad-684343aa4022","razorpay_order_id":"order_TEQKNvi2TOaPuG"}
Jul 17 03:36:31 vithsutra kiosk-server[2006197]: {"time":"2026-07-17T03:36:31.356489713Z","level":"INFO","msg":"Amount:","Amount_paise":200}
Jul 17 03:36:31 vithsutra kiosk-server[2006197]: {"time":"2026-07-17T03:36:31.35657496Z","level":"INFO","msg":"request","method":"POST","path":"/payments/create","status":201,"bytes":232,"duration_ms":534,"request_id":"vithsutra/yJhBRTSzdo-004503","remote_addr":"103.89.233.254"}
Jul 17 03:44:42 vithsutra kiosk-server[2006197]: {"time":"2026-07-17T03:44:42.167700749Z","level":"INFO","msg":"request","method":"HEAD","path":"/","status":404,"bytes":19,"duration_ms":0,"request_id":"vithsutra/yJhBRTSzdo-004504","remote_addr":"2a09:bac0:1000:c48::1c:357"}
Jul 17 03:59:33 vithsutra kiosk-server[2006197]: {"time":"2026-07-17T03:59:33.944517476Z","level":"INFO","msg":"request","method":"OPTIONS","path":"/auth/google","status":204,"bytes":0,"duration_ms":0,"request_id":"vithsutra/yJhBRTSzdo-004505","remote_addr":"103.89.233.254"}
Jul 17 03:59:34 vithsutra kiosk-server[2006197]: {"time":"2026-07-17T03:59:34.268614542Z","level":"INFO","msg":"google auth started"}
Jul 17 03:59:34 vithsutra kiosk-server[2006197]: {"time":"2026-07-17T03:59:34.26903612Z","level":"INFO","msg":"google token verified","google_id":"112997337824222894995","email":"anilnay4@gmail.com"}
Jul 17 03:59:35 vithsutra kiosk-server[2006197]: {"time":"2026-07-17T03:59:35.367398673Z","level":"INFO","msg":"new user — creating account","google_id":"112997337824222894995","email":"anilnay4@gmail.com"}
Jul 17 03:59:35 vithsutra kiosk-server[2006197]: {"time":"2026-07-17T03:59:35.477853039Z","level":"INFO","msg":"new user created","user_id":"6911ef10-fba9-4f90-b64a-eef0f9ca64f5","email":"anilnay4@gmail.com"}
Jul 17 03:59:35 vithsutra kiosk-server[2006197]: {"time":"2026-07-17T03:59:35.477970229Z","level":"INFO","msg":"google auth completed","user_id":"6911ef10-fba9-4f90-b64a-eef0f9ca64f5","email":"anilnay4@gmail.com"}
Jul 17 03:59:35 vithsutra kiosk-server[2006197]: {"time":"2026-07-17T03:59:35.478037396Z","level":"INFO","msg":"request","method":"POST","path":"/auth/google","status":200,"bytes":434,"duration_ms":1209,"request_id":"vithsutra/yJhBRTSzdo-004506","remote_addr":"103.89.233.254"}
Jul 17 04:00:56 vithsutra kiosk-server[2006197]: {"time":"2026-07-17T04:00:56.836094965Z","level":"INFO","msg":"request","method":"OPTIONS","path":"/files/upload/init","status":204,"bytes":0,"duration_ms":0,"request_id":"vithsutra/yJhBRTSzdo-004507","remote_addr":"103.89.233.254"}
Jul 17 04:00:57 vithsutra kiosk-server[2006197]: {"time":"2026-07-17T04:00:57.361727594Z","level":"INFO","msg":"USERID","userId:":"6911ef10-fba9-4f90-b64a-eef0f9ca64f5"}
Jul 17 04:00:57 vithsutra kiosk-server[2006197]: {"time":"2026-07-17T04:00:57.3617673Z","level":"INFO","msg":"USEREMAIL","userEmail:":"anilnay4@gmail.com"}
Jul 17 04:00:57 vithsutra kiosk-server[2006197]: {"time":"2026-07-17T04:00:57.361781008Z","level":"INFO","msg":"init upload started","user_id":"6911ef10-fba9-4f90-b64a-eef0f9ca64f5","file_count":3,"request_payload":{"files":[{"file_name":"anil.pdf","content_type":"application/pdf"},{"file_name":"NSB_resume (2).pdf","content_type":"application/pdf"},{"file_name":"pnv_resume (1).pdf","content_type":"application/pdf"}]}}
Jul 17 04:00:57 vithsutra kiosk-server[2006197]: {"time":"2026-07-17T04:00:57.521453133Z","level":"INFO","msg":"upload session created","session_id":"c6128f0d-8357-49c2-87f0-3f8915b6041f","user_id":"6911ef10-fba9-4f90-b64a-eef0f9ca64f5","expires_at":"2026-07-24T04:00:57.414642394Z"}
Jul 17 04:00:57 vithsutra kiosk-server[2006197]: {"time":"2026-07-17T04:00:57.791041342Z","level":"INFO","msg":"init upload completed","session_id":"c6128f0d-8357-49c2-87f0-3f8915b6041f","user_id":"6911ef10-fba9-4f90-b64a-eef0f9ca64f5","file_count":3}
Jul 17 04:00:57 vithsutra kiosk-server[2006197]: {"time":"2026-07-17T04:00:57.791249026Z","level":"INFO","msg":"request","method":"POST","path":"/files/upload/init","status":201,"bytes":2579,"duration_ms":429,"request_id":"vithsutra/yJhBRTSzdo-004508","remote_addr":"103.89.233.254"}
Jul 17 04:01:00 vithsutra kiosk-server[2006197]: {"time":"2026-07-17T04:01:00.486427202Z","level":"INFO","msg":"request","method":"OPTIONS","path":"/files/upload/confirm","status":204,"bytes":0,"duration_ms":0,"request_id":"vithsutra/yJhBRTSzdo-004509","remote_addr":"103.89.233.254"}
Jul 17 04:01:00 vithsutra kiosk-server[2006197]: {"time":"2026-07-17T04:01:00.889961848Z","level":"INFO","msg":"confirm upload started","session_id":"c6128f0d-8357-49c2-87f0-3f8915b6041f","file_count":3}
Jul 17 04:01:01 vithsutra kiosk-server[2006197]: {"time":"2026-07-17T04:01:01.000489527Z","level":"INFO","msg":"session validated for confirm","session_id":"c6128f0d-8357-49c2-87f0-3f8915b6041f","status":"created"}
Jul 17 04:01:01 vithsutra kiosk-server[2006197]: DEBUG HeadObject → bucket: aiet-printflow-upload-prod  key: uploads/staging/6911ef10-fba9-4f90-b64a-eef0f9ca64f5/c6128f0d-8357-49c2-87f0-3f8915b6041f/d8699ec6-32f9-4c7e-a4e8-9174ce9ddd7a.pdf
Jul 17 04:01:01 vithsutra kiosk-server[2006197]: {"time":"2026-07-17T04:01:01.266721512Z","level":"INFO","msg":"file price calculated","price":2,"sheets":2,"num_of_pages":1,"copies":2,"page_layout":1,"printing_mode":"monochromatic","printing_side":"single_side"}
Jul 17 04:01:01 vithsutra kiosk-server[2006197]: {"time":"2026-07-17T04:01:01.266748496Z","level":"INFO","msg":"Total done bebug","TotalAmount:":2,"TotalSheetes:":2}
Jul 17 04:01:01 vithsutra kiosk-server[2006197]: {"time":"2026-07-17T04:01:01.266757025Z","level":"INFO","msg":"Page Range bebugging","page_range:":["1"]}
Jul 17 04:01:01 vithsutra kiosk-server[2006197]: {"time":"2026-07-17T04:01:01.266766008Z","level":"INFO","msg":"file confirmed","session_id":"c6128f0d-8357-49c2-87f0-3f8915b6041f","file_id":"d8699ec6-32f9-4c7e-a4e8-9174ce9ddd7a","file_name":"anil.pdf","sheets":2,"price":2}
Jul 17 04:01:01 vithsutra kiosk-server[2006197]: DEBUG HeadObject → bucket: aiet-printflow-upload-prod  key: uploads/staging/6911ef10-fba9-4f90-b64a-eef0f9ca64f5/c6128f0d-8357-49c2-87f0-3f8915b6041f/6699b848-5a88-438c-a68f-de0b094cf163.pdf
Jul 17 04:01:01 vithsutra kiosk-server[2006197]: {"time":"2026-07-17T04:01:01.382546974Z","level":"INFO","msg":"file price calculated","price":2,"sheets":2,"num_of_pages":1,"copies":2,"page_layout":1,"printing_mode":"monochromatic","printing_side":"single_side"}
Jul 17 04:01:01 vithsutra kiosk-server[2006197]: {"time":"2026-07-17T04:01:01.382568836Z","level":"INFO","msg":"Total done bebug","TotalAmount:":4,"TotalSheetes:":4}
Jul 17 04:01:01 vithsutra kiosk-server[2006197]: {"time":"2026-07-17T04:01:01.382576686Z","level":"INFO","msg":"Page Range bebugging","page_range:":["1"]}
Jul 17 04:01:01 vithsutra kiosk-server[2006197]: {"time":"2026-07-17T04:01:01.382584563Z","level":"INFO","msg":"file confirmed","session_id":"c6128f0d-8357-49c2-87f0-3f8915b6041f","file_id":"6699b848-5a88-438c-a68f-de0b094cf163","file_name":"NSB_resume (2).pdf","sheets":2,"price":2}
Jul 17 04:01:01 vithsutra kiosk-server[2006197]: DEBUG HeadObject → bucket: aiet-printflow-upload-prod  key: uploads/staging/6911ef10-fba9-4f90-b64a-eef0f9ca64f5/c6128f0d-8357-49c2-87f0-3f8915b6041f/5af239b3-79bc-48f7-b1c1-b7e62ef2f2a3.pdf
Jul 17 04:01:01 vithsutra kiosk-server[2006197]: {"time":"2026-07-17T04:01:01.481239365Z","level":"INFO","msg":"file price calculated","price":2,"sheets":2,"num_of_pages":1,"copies":2,"page_layout":1,"printing_mode":"monochromatic","printing_side":"single_side"}
Jul 17 04:01:01 vithsutra kiosk-server[2006197]: {"time":"2026-07-17T04:01:01.481268379Z","level":"INFO","msg":"Total done bebug","TotalAmount:":6,"TotalSheetes:":6}
Jul 17 04:01:01 vithsutra kiosk-server[2006197]: {"time":"2026-07-17T04:01:01.481275906Z","level":"INFO","msg":"Page Range bebugging","page_range:":["1"]}
Jul 17 04:01:01 vithsutra kiosk-server[2006197]: {"time":"2026-07-17T04:01:01.481284431Z","level":"INFO","msg":"file confirmed","session_id":"c6128f0d-8357-49c2-87f0-3f8915b6041f","file_id":"5af239b3-79bc-48f7-b1c1-b7e62ef2f2a3","file_name":"pnv_resume (1).pdf","sheets":2,"price":2}
Jul 17 04:01:01 vithsutra kiosk-server[2006197]: DEBUG: PageRange in UpdateFileWithPrintOptions: [1]
Jul 17 04:01:01 vithsutra kiosk-server[2006197]: DEBUG: PageRange in UpdateFileWithPrintOptions: [1]
Jul 17 04:01:01 vithsutra kiosk-server[2006197]: DEBUG: PageRange in UpdateFileWithPrintOptions: [1]
Jul 17 04:01:02 vithsutra kiosk-server[2006197]: {"time":"2026-07-17T04:01:02.176333262Z","level":"INFO","msg":"confirm upload completed","session_id":"c6128f0d-8357-49c2-87f0-3f8915b6041f","total_sheets":6,"total_amount":6}
Jul 17 04:01:02 vithsutra kiosk-server[2006197]: {"time":"2026-07-17T04:01:02.176483842Z","level":"INFO","msg":"request","method":"POST","path":"/files/upload/confirm","status":200,"bytes":714,"duration_ms":1286,"request_id":"vithsutra/yJhBRTSzdo-004510","remote_addr":"103.89.233.254"}
Jul 17 04:01:02 vithsutra kiosk-server[2006197]: {"time":"2026-07-17T04:01:02.597593046Z","level":"INFO","msg":"request","method":"OPTIONS","path":"/payments/create","status":204,"bytes":0,"duration_ms":0,"request_id":"vithsutra/yJhBRTSzdo-004511","remote_addr":"103.89.233.254"}
Jul 17 04:01:02 vithsutra kiosk-server[2006197]: {"time":"2026-07-17T04:01:02.923683495Z","level":"INFO","msg":"create payment order started","session_id":"c6128f0d-8357-49c2-87f0-3f8915b6041f","amount_paise_frontend":600}
Jul 17 04:01:03 vithsutra kiosk-server[2006197]: {"time":"2026-07-17T04:01:03.3541348Z","level":"INFO","msg":"razorpay order created","session_id":"c6128f0d-8357-49c2-87f0-3f8915b6041f","razorpay_order_id":"order_TEQkInNfwNU3f4","amount_paise":600}
Jul 17 04:01:03 vithsutra kiosk-server[2006197]: {"time":"2026-07-17T04:01:03.464381211Z","level":"INFO","msg":"create payment order completed","session_id":"c6128f0d-8357-49c2-87f0-3f8915b6041f","payment_id":"60568c01-313c-4787-be08-cba0a46d54e4","razorpay_order_id":"order_TEQkInNfwNU3f4"}
Jul 17 04:01:03 vithsutra kiosk-server[2006197]: {"time":"2026-07-17T04:01:03.464429551Z","level":"INFO","msg":"Amount:","Amount_paise":600}
Jul 17 04:01:03 vithsutra kiosk-server[2006197]: {"time":"2026-07-17T04:01:03.464518915Z","level":"INFO","msg":"request","method":"POST","path":"/payments/create","status":201,"bytes":232,"duration_ms":540,"request_id":"vithsutra/yJhBRTSzdo-004512","remote_addr":"103.89.233.254"}
Jul 17 04:01:17 vithsutra kiosk-server[2006197]: {"time":"2026-07-17T04:01:17.575424412Z","level":"INFO","msg":"request","method":"GET","path":"/.env","status":404,"bytes":19,"duration_ms":0,"request_id":"vithsutra/yJhBRTSzdo-004513","remote_addr":"94.154.43.229"}
Jul 17 04:01:47 vithsutra kiosk-server[2006197]: {"time":"2026-07-17T04:01:47.782108155Z","level":"INFO","msg":"webhook received","event":"payment.failed"}
Jul 17 04:01:47 vithsutra kiosk-server[2006197]: {"time":"2026-07-17T04:01:47.782145912Z","level":"WARN","msg":"payment failed","razorpay_order_id":"order_TEQkInNfwNU3f4"}
Jul 17 04:01:47 vithsutra kiosk-server[2006197]: {"time":"2026-07-17T04:01:47.891116494Z","level":"INFO","msg":"payment failure recorded","razorpay_order_id":"order_TEQkInNfwNU3f4"}
Jul 17 04:01:47 vithsutra kiosk-server[2006197]: {"time":"2026-07-17T04:01:47.891217565Z","level":"INFO","msg":"request","method":"POST","path":"/webhooks/razorpay","status":200,"bytes":21,"duration_ms":109,"request_id":"vithsutra/yJhBRTSzdo-004514","remote_addr":"52.66.75.174"}
Jul 17 04:04:11 vithsutra kiosk-server[2006197]: {"time":"2026-07-17T04:04:11.566171841Z","level":"INFO","msg":"webhook received","event":"payment.captured"}
Jul 17 04:04:11 vithsutra kiosk-server[2006197]: {"time":"2026-07-17T04:04:11.566216473Z","level":"INFO","msg":"processing payment success","razorpay_order_id":"order_TEQkInNfwNU3f4","razorpay_payment_id":"pay_TEQkiplJMPq0xl"}
Jul 17 04:04:13 vithsutra kiosk-server[2006197]: {"time":"2026-07-17T04:04:13.191363542Z","level":"INFO","msg":"file promoted","session_id":"c6128f0d-8357-49c2-87f0-3f8915b6041f","file_id":"d8699ec6-32f9-4c7e-a4e8-9174ce9ddd7a","final_key":"uploads/final/6911ef10-fba9-4f90-b64a-eef0f9ca64f5/c6128f0d-8357-49c2-87f0-3f8915b6041f/d8699ec6-32f9-4c7e-a4e8-9174ce9ddd7a.pdf"}
Jul 17 04:04:13 vithsutra kiosk-server[2006197]: {"time":"2026-07-17T04:04:13.321655008Z","level":"INFO","msg":"file promoted","session_id":"c6128f0d-8357-49c2-87f0-3f8915b6041f","file_id":"6699b848-5a88-438c-a68f-de0b094cf163","final_key":"uploads/final/6911ef10-fba9-4f90-b64a-eef0f9ca64f5/c6128f0d-8357-49c2-87f0-3f8915b6041f/6699b848-5a88-438c-a68f-de0b094cf163.pdf"}
Jul 17 04:04:13 vithsutra kiosk-server[2006197]: {"time":"2026-07-17T04:04:13.508338368Z","level":"INFO","msg":"file promoted","session_id":"c6128f0d-8357-49c2-87f0-3f8915b6041f","file_id":"5af239b3-79bc-48f7-b1c1-b7e62ef2f2a3","final_key":"uploads/final/6911ef10-fba9-4f90-b64a-eef0f9ca64f5/c6128f0d-8357-49c2-87f0-3f8915b6041f/5af239b3-79bc-48f7-b1c1-b7e62ef2f2a3.pdf"}
Jul 17 04:04:14 vithsutra kiosk-server[2006197]: {"time":"2026-07-17T04:04:14.076497442Z","level":"INFO","msg":"payment success committed","session_id":"c6128f0d-8357-49c2-87f0-3f8915b6041f","razorpay_order_id":"order_TEQkInNfwNU3f4","razorpay_payment_id":"pay_TEQkiplJMPq0xl","files_promoted":3}
Jul 17 04:04:14 vithsutra kiosk-server[2006197]: {"time":"2026-07-17T04:04:14.076665874Z","level":"INFO","msg":"request","method":"POST","path":"/webhooks/razorpay","status":200,"bytes":21,"duration_ms":2510,"request_id":"vithsutra/yJhBRTSzdo-004515","remote_addr":"52.66.75.174"}
Jul 17 04:04:18 vithsutra kiosk-server[2006197]: {"time":"2026-07-17T04:04:18.307080901Z","level":"INFO","msg":"request","method":"OPTIONS","path":"/payments/status/c6128f0d-8357-49c2-87f0-3f8915b6041f","status":204,"bytes":0,"duration_ms":0,"request_id":"vithsutra/yJhBRTSzdo-004516","remote_addr":"103.89.233.254"}
Jul 17 04:04:19 vithsutra kiosk-server[2006197]: {"time":"2026-07-17T04:04:19.820529301Z","level":"INFO","msg":"get job by session ID started","session_id":"c6128f0d-8357-49c2-87f0-3f8915b6041f"}
Jul 17 04:04:19 vithsutra kiosk-server[2006197]: {"time":"2026-07-17T04:04:19.877296084Z","level":"INFO","msg":"Token Debugging","Token:":"281753"}
Jul 17 04:04:19 vithsutra kiosk-server[2006197]: {"time":"2026-07-17T04:04:19.935194806Z","level":"INFO","msg":"get job by session ID completed","session_id":"c6128f0d-8357-49c2-87f0-3f8915b6041f","file_count":3}
Jul 17 04:04:19 vithsutra kiosk-server[2006197]: {"time":"2026-07-17T04:04:19.935290792Z","level":"INFO","msg":"request","method":"GET","path":"/payments/status/c6128f0d-8357-49c2-87f0-3f8915b6041f","status":200,"bytes":1493,"duration_ms":114,"request_id":"vithsutra/yJhBRTSzdo-004517","remote_addr":"103.89.233.254"}
Jul 17 04:05:14 vithsutra kiosk-server[2006197]: {"time":"2026-07-17T04:05:14.229588641Z","level":"INFO","msg":"get job by token started","token":281753}
Jul 17 04:05:14 vithsutra kiosk-server[2006197]: DEBUG PRESIGN GET URL: https://aiet-printflow-upload-prod.s3.ap-south-1.amazonaws.com/uploads/final/6911ef10-fba9-4f90-b64a-eef0f9ca64f5/c6128f0d-8357-49c2-87f0-3f8915b6041f/d8699ec6-32f9-4c7e-a4e8-9174ce9ddd7a.pdf?X-Amz-Algorithm=AWS4-HMAC-SHA256&X-Amz-Checksum-Mode=ENABLED&X-Amz-Credential=AKIAURY6ZINDKCABHGV3%2F20260717%2Fap-south-1%2Fs3%2Faws4_request&X-Amz-Date=20260717T040514Z&X-Amz-Expires=900&X-Amz-SignedHeaders=host&x-id=GetObject&X-Amz-Signature=f26a9c6ed47b5be2b69482ae0731e9ce37601f8465c39e6c6953163862dc7330
Jul 17 04:05:14 vithsutra kiosk-server[2006197]: {"time":"2026-07-17T04:05:14.400865491Z","level":"INFO","msg":"final_Key_Bebugging","final_key:":"uploads/final/6911ef10-fba9-4f90-b64a-eef0f9ca64f5/c6128f0d-8357-49c2-87f0-3f8915b6041f/d8699ec6-32f9-4c7e-a4e8-9174ce9ddd7a.pdf"}
Jul 17 04:05:14 vithsutra kiosk-server[2006197]: DEBUG PRESIGN GET URL: https://aiet-printflow-upload-prod.s3.ap-south-1.amazonaws.com/uploads/final/6911ef10-fba9-4f90-b64a-eef0f9ca64f5/c6128f0d-8357-49c2-87f0-3f8915b6041f/6699b848-5a88-438c-a68f-de0b094cf163.pdf?X-Amz-Algorithm=AWS4-HMAC-SHA256&X-Amz-Checksum-Mode=ENABLED&X-Amz-Credential=AKIAURY6ZINDKCABHGV3%2F20260717%2Fap-south-1%2Fs3%2Faws4_request&X-Amz-Date=20260717T040514Z&X-Amz-Expires=900&X-Amz-SignedHeaders=host&x-id=GetObject&X-Amz-Signature=1b8d537dd3dd1dde151cc8e92f4fc68f8bfca5b61b61df09bb1492d0985d5704
Jul 17 04:05:14 vithsutra kiosk-server[2006197]: {"time":"2026-07-17T04:05:14.401111625Z","level":"INFO","msg":"final_Key_Bebugging","final_key:":"uploads/final/6911ef10-fba9-4f90-b64a-eef0f9ca64f5/c6128f0d-8357-49c2-87f0-3f8915b6041f/6699b848-5a88-438c-a68f-de0b094cf163.pdf"}
Jul 17 04:05:14 vithsutra kiosk-server[2006197]: DEBUG PRESIGN GET URL: https://aiet-printflow-upload-prod.s3.ap-south-1.amazonaws.com/uploads/final/6911ef10-fba9-4f90-b64a-eef0f9ca64f5/c6128f0d-8357-49c2-87f0-3f8915b6041f/5af239b3-79bc-48f7-b1c1-b7e62ef2f2a3.pdf?X-Amz-Algorithm=AWS4-HMAC-SHA256&X-Amz-Checksum-Mode=ENABLED&X-Amz-Credential=AKIAURY6ZINDKCABHGV3%2F20260717%2Fap-south-1%2Fs3%2Faws4_request&X-Amz-Date=20260717T040514Z&X-Amz-Expires=900&X-Amz-SignedHeaders=host&x-id=GetObject&X-Amz-Signature=cebd4ffba3514fab01b1ba58a05a626ee48868c7a37aa922db6d1c1f282a961d
Jul 17 04:05:14 vithsutra kiosk-server[2006197]: {"time":"2026-07-17T04:05:14.401308381Z","level":"INFO","msg":"final_Key_Bebugging","final_key:":"uploads/final/6911ef10-fba9-4f90-b64a-eef0f9ca64f5/c6128f0d-8357-49c2-87f0-3f8915b6041f/5af239b3-79bc-48f7-b1c1-b7e62ef2f2a3.pdf"}
Jul 17 04:05:14 vithsutra kiosk-server[2006197]: {"time":"2026-07-17T04:05:14.401328103Z","level":"INFO","msg":"get job by token completed","token":281753,"session_id":"c6128f0d-8357-49c2-87f0-3f8915b6041f","file_count":3}
Jul 17 04:05:14 vithsutra kiosk-server[2006197]: {"time":"2026-07-17T04:05:14.401457268Z","level":"INFO","msg":"request","method":"POST","path":"/print/jobs/token","status":200,"bytes":2473,"duration_ms":171,"request_id":"vithsutra/yJhBRTSzdo-004518","remote_addr":"103.89.233.254"}
Jul 17 04:05:44 vithsutra kiosk-server[2006197]: {"time":"2026-07-17T04:05:44.247640475Z","level":"INFO","msg":"expire session after printing started","session_id":"c6128f0d-8357-49c2-87f0-3f8915b6041f"}
Jul 17 04:05:44 vithsutra kiosk-server[2006197]: {"time":"2026-07-17T04:05:44.425033884Z","level":"INFO","msg":"session marked completed","session_id":"c6128f0d-8357-49c2-87f0-3f8915b6041f"}
Jul 17 04:05:44 vithsutra kiosk-server[2006197]: {"time":"2026-07-17T04:05:44.623269608Z","level":"WARN","msg":"no completed file found for session c6128f0d-8357-49c2-87f0-3f8915b6041f","code":"no_completed_file"}
Jul 17 04:05:44 vithsutra kiosk-server[2006197]: {"time":"2026-07-17T04:05:44.623328766Z","level":"INFO","msg":"request","method":"POST","path":"/print/jobs/expire","status":404,"bytes":124,"duration_ms":375,"request_id":"vithsutra/yJhBRTSzdo-004519","remote_addr":"103.89.233.254"}
Jul 17 04:06:00 vithsutra kiosk-server[2006197]: {"time":"2026-07-17T04:06:00.520170249Z","level":"INFO","msg":"expire session after printing started","session_id":"c6128f0d-8357-49c2-87f0-3f8915b6041f"}
Jul 17 04:06:00 vithsutra kiosk-server[2006197]: {"time":"2026-07-17T04:06:00.576100982Z","level":"WARN","msg":"this session has already been completed","code":"session_already_completed"}
Jul 17 04:06:00 vithsutra kiosk-server[2006197]: {"time":"2026-07-17T04:06:00.576161809Z","level":"INFO","msg":"request","method":"POST","path":"/print/jobs/expire","status":400,"bytes":99,"duration_ms":56,"request_id":"vithsutra/yJhBRTSzdo-004520","remote_addr":"103.89.233.254"}
Jul 17 04:06:17 vithsutra kiosk-server[2006197]: {"time":"2026-07-17T04:06:17.147903999Z","level":"INFO","msg":"expire session after printing started","session_id":"c6128f0d-8357-49c2-87f0-3f8915b6041f"}
Jul 17 04:06:17 vithsutra kiosk-server[2006197]: {"time":"2026-07-17T04:06:17.204158173Z","level":"WARN","msg":"this session has already been completed","code":"session_already_completed"}
Jul 17 04:06:17 vithsutra kiosk-server[2006197]: {"time":"2026-07-17T04:06:17.20428145Z","level":"INFO","msg":"request","method":"POST","path":"/print/jobs/expire","status":400,"bytes":99,"duration_ms":56,"request_id":"vithsutra/yJhBRTSzdo-004521","remote_addr":"103.89.233.254"}
Jul 17 04:39:43 vithsutra kiosk-server[2006197]: {"time":"2026-07-17T04:39:43.611642657Z","level":"INFO","msg":"request","method":"OPTIONS","path":"/auth/google","status":204,"bytes":0,"duration_ms":0,"request_id":"vithsutra/yJhBRTSzdo-004522","remote_addr":"2401:4900:c90f:692e:f8d9:2d73:13e:318e"}
Jul 17 04:39:43 vithsutra kiosk-server[2006197]: {"time":"2026-07-17T04:39:43.767070338Z","level":"INFO","msg":"google auth started"}
Jul 17 04:39:43 vithsutra kiosk-server[2006197]: {"time":"2026-07-17T04:39:43.76742121Z","level":"INFO","msg":"google token verified","google_id":"117514433875534887284","email":"sankalpakaddipudi@gmail.com"}
Jul 17 04:39:44 vithsutra kiosk-server[2006197]: {"time":"2026-07-17T04:39:44.710488822Z","level":"INFO","msg":"new user — creating account","google_id":"117514433875534887284","email":"sankalpakaddipudi@gmail.com"}
Jul 17 04:39:44 vithsutra kiosk-server[2006197]: {"time":"2026-07-17T04:39:44.819133514Z","level":"INFO","msg":"new user created","user_id":"ffff86d1-2be0-4a0b-ab08-7b998915f5d1","email":"sankalpakaddipudi@gmail.com"}
Jul 17 04:39:44 vithsutra kiosk-server[2006197]: {"time":"2026-07-17T04:39:44.81928481Z","level":"INFO","msg":"google auth completed","user_id":"ffff86d1-2be0-4a0b-ab08-7b998915f5d1","email":"sankalpakaddipudi@gmail.com"}
Jul 17 04:39:44 vithsutra kiosk-server[2006197]: {"time":"2026-07-17T04:39:44.819368365Z","level":"INFO","msg":"request","method":"POST","path":"/auth/google","status":200,"bytes":471,"duration_ms":1052,"request_id":"vithsutra/yJhBRTSzdo-004523","remote_addr":"2401:4900:c90f:692e:f8d9:2d73:13e:318e"}
Jul 17 04:44:37 vithsutra kiosk-server[2006197]: {"time":"2026-07-17T04:44:37.411683236Z","level":"INFO","msg":"request","method":"OPTIONS","path":"/files/upload/init","status":204,"bytes":0,"duration_ms":0,"request_id":"vithsutra/yJhBRTSzdo-004524","remote_addr":"2401:4900:c90f:692e:f8d9:2d73:13e:318e"}
Jul 17 04:44:37 vithsutra kiosk-server[2006197]: {"time":"2026-07-17T04:44:37.65756175Z","level":"INFO","msg":"USERID","userId:":"ffff86d1-2be0-4a0b-ab08-7b998915f5d1"}
Jul 17 04:44:37 vithsutra kiosk-server[2006197]: {"time":"2026-07-17T04:44:37.657602931Z","level":"INFO","msg":"USEREMAIL","userEmail:":"sankalpakaddipudi@gmail.com"}
Jul 17 04:44:37 vithsutra kiosk-server[2006197]: {"time":"2026-07-17T04:44:37.657617203Z","level":"INFO","msg":"init upload started","user_id":"ffff86d1-2be0-4a0b-ab08-7b998915f5d1","file_count":1,"request_payload":{"files":[{"file_name":"1000045373.pdf","content_type":"application/pdf"}]}}
Jul 17 04:44:38 vithsutra kiosk-server[2006197]: {"time":"2026-07-17T04:44:38.925642031Z","level":"INFO","msg":"upload session created","session_id":"467fdff0-93c4-4fd8-b199-98fa6744802f","user_id":"ffff86d1-2be0-4a0b-ab08-7b998915f5d1","expires_at":"2026-07-24T04:44:38.818147269Z"}
Jul 17 04:44:39 vithsutra kiosk-server[2006197]: {"time":"2026-07-17T04:44:39.08478399Z","level":"INFO","msg":"init upload completed","session_id":"467fdff0-93c4-4fd8-b199-98fa6744802f","user_id":"ffff86d1-2be0-4a0b-ab08-7b998915f5d1","file_count":1}
Jul 17 04:44:39 vithsutra kiosk-server[2006197]: {"time":"2026-07-17T04:44:39.084953136Z","level":"INFO","msg":"request","method":"POST","path":"/files/upload/init","status":201,"bytes":973,"duration_ms":1427,"request_id":"vithsutra/yJhBRTSzdo-004525","remote_addr":"2401:4900:c90f:692e:f8d9:2d73:13e:318e"}
Jul 17 04:44:41 vithsutra kiosk-server[2006197]: {"time":"2026-07-17T04:44:41.334621179Z","level":"INFO","msg":"request","method":"OPTIONS","path":"/files/upload/confirm","status":204,"bytes":0,"duration_ms":0,"request_id":"vithsutra/yJhBRTSzdo-004526","remote_addr":"2401:4900:c90f:692e:f8d9:2d73:13e:318e"}
Jul 17 04:44:41 vithsutra kiosk-server[2006197]: {"time":"2026-07-17T04:44:41.573532677Z","level":"INFO","msg":"confirm upload started","session_id":"467fdff0-93c4-4fd8-b199-98fa6744802f","file_count":1}
Jul 17 04:44:41 vithsutra kiosk-server[2006197]: {"time":"2026-07-17T04:44:41.679359547Z","level":"INFO","msg":"session validated for confirm","session_id":"467fdff0-93c4-4fd8-b199-98fa6744802f","status":"created"}
Jul 17 04:44:41 vithsutra kiosk-server[2006197]: DEBUG HeadObject → bucket: aiet-printflow-upload-prod  key: uploads/staging/ffff86d1-2be0-4a0b-ab08-7b998915f5d1/467fdff0-93c4-4fd8-b199-98fa6744802f/0e1da063-4d03-442e-92fa-c315a1217ce9.pdf
Jul 17 04:44:42 vithsutra kiosk-server[2006197]: {"time":"2026-07-17T04:44:42.256622864Z","level":"INFO","msg":"file price calculated","price":5,"sheets":1,"num_of_pages":1,"copies":1,"page_layout":1,"printing_mode":"color","printing_side":"single_side"}
Jul 17 04:44:42 vithsutra kiosk-server[2006197]: {"time":"2026-07-17T04:44:42.256656844Z","level":"INFO","msg":"Total done bebug","TotalAmount:":5,"TotalSheetes:":1}
Jul 17 04:44:42 vithsutra kiosk-server[2006197]: {"time":"2026-07-17T04:44:42.256665843Z","level":"INFO","msg":"Page Range bebugging","page_range:":["1"]}
Jul 17 04:44:42 vithsutra kiosk-server[2006197]: {"time":"2026-07-17T04:44:42.256674609Z","level":"INFO","msg":"file confirmed","session_id":"467fdff0-93c4-4fd8-b199-98fa6744802f","file_id":"0e1da063-4d03-442e-92fa-c315a1217ce9","file_name":"1000045373.pdf","sheets":1,"price":5}
Jul 17 04:44:42 vithsutra kiosk-server[2006197]: DEBUG: PageRange in UpdateFileWithPrintOptions: [1]
Jul 17 04:44:42 vithsutra kiosk-server[2006197]: {"time":"2026-07-17T04:44:42.573404983Z","level":"INFO","msg":"confirm upload completed","session_id":"467fdff0-93c4-4fd8-b199-98fa6744802f","total_sheets":1,"total_amount":5}
Jul 17 04:44:42 vithsutra kiosk-server[2006197]: {"time":"2026-07-17T04:44:42.573572444Z","level":"INFO","msg":"request","method":"POST","path":"/files/upload/confirm","status":200,"bytes":348,"duration_ms":1000,"request_id":"vithsutra/yJhBRTSzdo-004527","remote_addr":"2401:4900:c90f:692e:f8d9:2d73:13e:318e"}
Jul 17 04:44:42 vithsutra kiosk-server[2006197]: {"time":"2026-07-17T04:44:42.741937901Z","level":"INFO","msg":"request","method":"OPTIONS","path":"/payments/create","status":204,"bytes":0,"duration_ms":0,"request_id":"vithsutra/yJhBRTSzdo-004528","remote_addr":"2401:4900:c90f:692e:f8d9:2d73:13e:318e"}
Jul 17 04:44:42 vithsutra kiosk-server[2006197]: {"time":"2026-07-17T04:44:42.939001736Z","level":"INFO","msg":"create payment order started","session_id":"467fdff0-93c4-4fd8-b199-98fa6744802f","amount_paise_frontend":500}
Jul 17 04:44:44 vithsutra kiosk-server[2006197]: {"time":"2026-07-17T04:44:44.017054725Z","level":"INFO","msg":"razorpay order created","session_id":"467fdff0-93c4-4fd8-b199-98fa6744802f","razorpay_order_id":"order_TERURMP5WaYX0D","amount_paise":500}
Jul 17 04:44:44 vithsutra kiosk-server[2006197]: {"time":"2026-07-17T04:44:44.123381949Z","level":"INFO","msg":"create payment order completed","session_id":"467fdff0-93c4-4fd8-b199-98fa6744802f","payment_id":"50411e74-2b49-4ef2-866c-bb1a69b22dc1","razorpay_order_id":"order_TERURMP5WaYX0D"}
Jul 17 04:44:44 vithsutra kiosk-server[2006197]: {"time":"2026-07-17T04:44:44.123429116Z","level":"INFO","msg":"Amount:","Amount_paise":500}
Jul 17 04:44:44 vithsutra kiosk-server[2006197]: {"time":"2026-07-17T04:44:44.123503992Z","level":"INFO","msg":"request","method":"POST","path":"/payments/create","status":201,"bytes":232,"duration_ms":1184,"request_id":"vithsutra/yJhBRTSzdo-004529","remote_addr":"2401:4900:c90f:692e:f8d9:2d73:13e:318e"}
Jul 17 04:45:17 vithsutra kiosk-server[2006197]: {"time":"2026-07-17T04:45:17.333002406Z","level":"INFO","msg":"webhook received","event":"payment.captured"}
Jul 17 04:45:17 vithsutra kiosk-server[2006197]: {"time":"2026-07-17T04:45:17.333019505Z","level":"INFO","msg":"processing payment success","razorpay_order_id":"order_TERURMP5WaYX0D","razorpay_payment_id":"pay_TERUmdGggv9yyG"}
Jul 17 04:45:17 vithsutra kiosk-server[2006197]: {"time":"2026-07-17T04:45:17.856333877Z","level":"INFO","msg":"file promoted","session_id":"467fdff0-93c4-4fd8-b199-98fa6744802f","file_id":"0e1da063-4d03-442e-92fa-c315a1217ce9","final_key":"uploads/final/ffff86d1-2be0-4a0b-ab08-7b998915f5d1/467fdff0-93c4-4fd8-b199-98fa6744802f/0e1da063-4d03-442e-92fa-c315a1217ce9.pdf"}
Jul 17 04:45:18 vithsutra kiosk-server[2006197]: {"time":"2026-07-17T04:45:18.290591942Z","level":"INFO","msg":"payment success committed","session_id":"467fdff0-93c4-4fd8-b199-98fa6744802f","razorpay_order_id":"order_TERURMP5WaYX0D","razorpay_payment_id":"pay_TERUmdGggv9yyG","files_promoted":1}
Jul 17 04:45:18 vithsutra kiosk-server[2006197]: {"time":"2026-07-17T04:45:18.290696321Z","level":"INFO","msg":"request","method":"POST","path":"/webhooks/razorpay","status":200,"bytes":21,"duration_ms":957,"request_id":"vithsutra/yJhBRTSzdo-004530","remote_addr":"52.66.75.174"}
Jul 17 04:45:43 vithsutra kiosk-server[2006197]: {"time":"2026-07-17T04:45:43.674098702Z","level":"INFO","msg":"request","method":"OPTIONS","path":"/payments/status/467fdff0-93c4-4fd8-b199-98fa6744802f","status":204,"bytes":0,"duration_ms":0,"request_id":"vithsutra/yJhBRTSzdo-004531","remote_addr":"2401:4900:c90f:692e:f8d9:2d73:13e:318e"}
Jul 17 04:45:43 vithsutra kiosk-server[2006197]: {"time":"2026-07-17T04:45:43.80495065Z","level":"INFO","msg":"get job by session ID started","session_id":"467fdff0-93c4-4fd8-b199-98fa6744802f"}
Jul 17 04:45:43 vithsutra kiosk-server[2006197]: {"time":"2026-07-17T04:45:43.857373154Z","level":"INFO","msg":"Token Debugging","Token:":"581821"}
Jul 17 04:45:43 vithsutra kiosk-server[2006197]: {"time":"2026-07-17T04:45:43.911417483Z","level":"INFO","msg":"get job by session ID completed","session_id":"467fdff0-93c4-4fd8-b199-98fa6744802f","file_count":1}
Jul 17 04:45:43 vithsutra kiosk-server[2006197]: {"time":"2026-07-17T04:45:43.911608663Z","level":"INFO","msg":"request","method":"GET","path":"/payments/status/467fdff0-93c4-4fd8-b199-98fa6744802f","status":200,"bytes":673,"duration_ms":106,"request_id":"vithsutra/yJhBRTSzdo-004532","remote_addr":"2401:4900:c90f:692e:f8d9:2d73:13e:318e"}
Jul 17 04:45:51 vithsutra kiosk-server[2006197]: {"time":"2026-07-17T04:45:51.50020363Z","level":"INFO","msg":"get job by token started","token":581821}
Jul 17 04:45:51 vithsutra kiosk-server[2006197]: DEBUG PRESIGN GET URL: https://aiet-printflow-upload-prod.s3.ap-south-1.amazonaws.com/uploads/final/ffff86d1-2be0-4a0b-ab08-7b998915f5d1/467fdff0-93c4-4fd8-b199-98fa6744802f/0e1da063-4d03-442e-92fa-c315a1217ce9.pdf?X-Amz-Algorithm=AWS4-HMAC-SHA256&X-Amz-Checksum-Mode=ENABLED&X-Amz-Credential=AKIAURY6ZINDKCABHGV3%2F20260717%2Fap-south-1%2Fs3%2Faws4_request&X-Amz-Date=20260717T044551Z&X-Amz-Expires=900&X-Amz-SignedHeaders=host&x-id=GetObject&X-Amz-Signature=b45454c8fc53e63a046761589944051bd97d39521597f7a480574b936f3b933d
Jul 17 04:45:51 vithsutra kiosk-server[2006197]: {"time":"2026-07-17T04:45:51.6599674Z","level":"INFO","msg":"final_Key_Bebugging","final_key:":"uploads/final/ffff86d1-2be0-4a0b-ab08-7b998915f5d1/467fdff0-93c4-4fd8-b199-98fa6744802f/0e1da063-4d03-442e-92fa-c315a1217ce9.pdf"}
Jul 17 04:45:51 vithsutra kiosk-server[2006197]: {"time":"2026-07-17T04:45:51.659996513Z","level":"INFO","msg":"get job by token completed","token":581821,"session_id":"467fdff0-93c4-4fd8-b199-98fa6744802f","file_count":1}
Jul 17 04:45:51 vithsutra kiosk-server[2006197]: {"time":"2026-07-17T04:45:51.660084407Z","level":"INFO","msg":"request","method":"POST","path":"/print/jobs/token","status":200,"bytes":939,"duration_ms":160,"request_id":"vithsutra/yJhBRTSzdo-004533","remote_addr":"103.89.233.254"}
Jul 17 04:46:16 vithsutra kiosk-server[2006197]: {"time":"2026-07-17T04:46:16.607686832Z","level":"INFO","msg":"expire session after printing started","session_id":"467fdff0-93c4-4fd8-b199-98fa6744802f"}
Jul 17 04:46:16 vithsutra kiosk-server[2006197]: {"time":"2026-07-17T04:46:16.769677091Z","level":"INFO","msg":"session marked completed","session_id":"467fdff0-93c4-4fd8-b199-98fa6744802f"}
Jul 17 04:46:16 vithsutra kiosk-server[2006197]: {"time":"2026-07-17T04:46:16.878353824Z","level":"WARN","msg":"no completed file found for session 467fdff0-93c4-4fd8-b199-98fa6744802f","code":"no_completed_file"}
Jul 17 04:46:16 vithsutra kiosk-server[2006197]: {"time":"2026-07-17T04:46:16.878465603Z","level":"INFO","msg":"request","method":"POST","path":"/print/jobs/expire","status":404,"bytes":124,"duration_ms":270,"request_id":"vithsutra/yJhBRTSzdo-004534","remote_addr":"103.89.233.254"}
Jul 17 04:53:24 vithsutra kiosk-server[2006197]: {"time":"2026-07-17T04:53:24.305317226Z","level":"INFO","msg":"request","method":"OPTIONS","path":"/auth/google","status":204,"bytes":0,"duration_ms":0,"request_id":"vithsutra/yJhBRTSzdo-004535","remote_addr":"2409:40f2:3040:5a2f:b87a:f030:42e:5e8c"}
Jul 17 04:53:24 vithsutra kiosk-server[2006197]: {"time":"2026-07-17T04:53:24.470049181Z","level":"INFO","msg":"google auth started"}
Jul 17 04:53:24 vithsutra kiosk-server[2006197]: {"time":"2026-07-17T04:53:24.470196873Z","level":"INFO","msg":"google token verified","google_id":"111487796086110360634","email":"vishwanathtinabo@gmail.com"}
Jul 17 04:53:25 vithsutra kiosk-server[2006197]: {"time":"2026-07-17T04:53:25.336648189Z","level":"INFO","msg":"returning user authenticated","user_id":"8a10f081-e83c-4c70-84a8-c62a61261642","email":"vishwanathtinabo@gmail.com"}
Jul 17 04:53:25 vithsutra kiosk-server[2006197]: {"time":"2026-07-17T04:53:25.336726223Z","level":"INFO","msg":"google auth completed","user_id":"8a10f081-e83c-4c70-84a8-c62a61261642","email":"vishwanathtinabo@gmail.com"}
Jul 17 04:53:25 vithsutra kiosk-server[2006197]: {"time":"2026-07-17T04:53:25.336774128Z","level":"INFO","msg":"request","method":"POST","path":"/auth/google","status":200,"bytes":467,"duration_ms":866,"request_id":"vithsutra/yJhBRTSzdo-004536","remote_addr":"2409:40f2:3040:5a2f:b87a:f030:42e:5e8c"}
Jul 17 04:55:44 vithsutra kiosk-server[2006197]: {"time":"2026-07-17T04:55:44.643448111Z","level":"INFO","msg":"request","method":"OPTIONS","path":"/auth/google","status":204,"bytes":0,"duration_ms":0,"request_id":"vithsutra/yJhBRTSzdo-004537","remote_addr":"2409:40f2:3040:5a2f:8838:ecff:febc:ece4"}
Jul 17 04:55:45 vithsutra kiosk-server[2006197]: {"time":"2026-07-17T04:55:45.512862345Z","level":"INFO","msg":"google auth started"}
Jul 17 04:55:45 vithsutra kiosk-server[2006197]: {"time":"2026-07-17T04:55:45.51301396Z","level":"INFO","msg":"google token verified","google_id":"105092533080306720723","email":"vkotumbeerkar@gmail.com"}
Jul 17 04:55:47 vithsutra kiosk-server[2006197]: {"time":"2026-07-17T04:55:47.643386858Z","level":"INFO","msg":"returning user authenticated","user_id":"bfde7de4-b2d5-4324-bd02-e5d8206c29c7","email":"vkotumbeerkar@gmail.com"}
Jul 17 04:55:47 vithsutra kiosk-server[2006197]: {"time":"2026-07-17T04:55:47.64353028Z","level":"INFO","msg":"google auth completed","user_id":"bfde7de4-b2d5-4324-bd02-e5d8206c29c7","email":"vkotumbeerkar@gmail.com"}
Jul 17 04:55:47 vithsutra kiosk-server[2006197]: {"time":"2026-07-17T04:55:47.643606601Z","level":"INFO","msg":"request","method":"POST","path":"/auth/google","status":200,"bytes":462,"duration_ms":2130,"request_id":"vithsutra/yJhBRTSzdo-004538","remote_addr":"2409:40f2:3040:5a2f:8838:ecff:febc:ece4"}
Jul 17 04:56:27 vithsutra kiosk-server[2006197]: {"time":"2026-07-17T04:56:27.903187343Z","level":"INFO","msg":"request","method":"OPTIONS","path":"/files/upload/init","status":204,"bytes":0,"duration_ms":0,"request_id":"vithsutra/yJhBRTSzdo-004539","remote_addr":"2409:40f2:3040:5a2f:8838:ecff:febc:ece4"}
Jul 17 04:56:28 vithsutra kiosk-server[2006197]: {"time":"2026-07-17T04:56:28.305105184Z","level":"INFO","msg":"USERID","userId:":"bfde7de4-b2d5-4324-bd02-e5d8206c29c7"}
Jul 17 04:56:28 vithsutra kiosk-server[2006197]: {"time":"2026-07-17T04:56:28.305150706Z","level":"INFO","msg":"USEREMAIL","userEmail:":"vkotumbeerkar@gmail.com"}
Jul 17 04:56:28 vithsutra kiosk-server[2006197]: {"time":"2026-07-17T04:56:28.305167039Z","level":"INFO","msg":"init upload started","user_id":"bfde7de4-b2d5-4324-bd02-e5d8206c29c7","file_count":2,"request_payload":{"files":[{"file_name":"res.pdf","content_type":"application/pdf"},{"file_name":"VINAY_RESUME.pdf","content_type":"application/pdf"}]}}
Jul 17 04:56:28 vithsutra kiosk-server[2006197]: {"time":"2026-07-17T04:56:28.7599535Z","level":"INFO","msg":"upload session created","session_id":"2f633340-1b4a-4798-805a-72107407202b","user_id":"bfde7de4-b2d5-4324-bd02-e5d8206c29c7","expires_at":"2026-07-24T04:56:28.64144951Z"}
Jul 17 04:56:28 vithsutra kiosk-server[2006197]: {"time":"2026-07-17T04:56:28.985933591Z","level":"INFO","msg":"init upload completed","session_id":"2f633340-1b4a-4798-805a-72107407202b","user_id":"bfde7de4-b2d5-4324-bd02-e5d8206c29c7","file_count":2}
Jul 17 04:56:28 vithsutra kiosk-server[2006197]: {"time":"2026-07-17T04:56:28.986137306Z","level":"INFO","msg":"request","method":"POST","path":"/files/upload/init","status":201,"bytes":1769,"duration_ms":681,"request_id":"vithsutra/yJhBRTSzdo-004540","remote_addr":"2409:40f2:3040:5a2f:8838:ecff:febc:ece4"}
Jul 17 04:56:30 vithsutra kiosk-server[2006197]: {"time":"2026-07-17T04:56:30.209335767Z","level":"INFO","msg":"request","method":"OPTIONS","path":"/files/upload/confirm","status":204,"bytes":0,"duration_ms":0,"request_id":"vithsutra/yJhBRTSzdo-004541","remote_addr":"2409:40f2:3040:5a2f:8838:ecff:febc:ece4"}
Jul 17 04:56:30 vithsutra kiosk-server[2006197]: {"time":"2026-07-17T04:56:30.747208607Z","level":"INFO","msg":"confirm upload started","session_id":"2f633340-1b4a-4798-805a-72107407202b","file_count":2}
Jul 17 04:56:30 vithsutra kiosk-server[2006197]: {"time":"2026-07-17T04:56:30.885826182Z","level":"INFO","msg":"session validated for confirm","session_id":"2f633340-1b4a-4798-805a-72107407202b","status":"created"}
Jul 17 04:56:31 vithsutra kiosk-server[2006197]: DEBUG HeadObject → bucket: aiet-printflow-upload-prod  key: uploads/staging/bfde7de4-b2d5-4324-bd02-e5d8206c29c7/2f633340-1b4a-4798-805a-72107407202b/00d5e025-7ac7-4914-bdfe-3034a10395fc.pdf
Jul 17 04:56:31 vithsutra kiosk-server[2006197]: {"time":"2026-07-17T04:56:31.278322305Z","level":"INFO","msg":"file price calculated","price":1,"sheets":1,"num_of_pages":1,"copies":1,"page_layout":1,"printing_mode":"monochromatic","printing_side":"single_side"}
Jul 17 04:56:31 vithsutra kiosk-server[2006197]: {"time":"2026-07-17T04:56:31.278379636Z","level":"INFO","msg":"Total done bebug","TotalAmount:":1,"TotalSheetes:":1}
Jul 17 04:56:31 vithsutra kiosk-server[2006197]: {"time":"2026-07-17T04:56:31.278399401Z","level":"INFO","msg":"Page Range bebugging","page_range:":["1"]}
Jul 17 04:56:31 vithsutra kiosk-server[2006197]: {"time":"2026-07-17T04:56:31.278419451Z","level":"INFO","msg":"file confirmed","session_id":"2f633340-1b4a-4798-805a-72107407202b","file_id":"00d5e025-7ac7-4914-bdfe-3034a10395fc","file_name":"res.pdf","sheets":1,"price":1}
Jul 17 04:56:31 vithsutra kiosk-server[2006197]: DEBUG HeadObject → bucket: aiet-printflow-upload-prod  key: uploads/staging/bfde7de4-b2d5-4324-bd02-e5d8206c29c7/2f633340-1b4a-4798-805a-72107407202b/ef55b801-1f87-4853-8c61-d101a4d996c4.pdf
Jul 17 04:56:31 vithsutra kiosk-server[2006197]: {"time":"2026-07-17T04:56:31.358882134Z","level":"INFO","msg":"file price calculated","price":1,"sheets":1,"num_of_pages":1,"copies":1,"page_layout":1,"printing_mode":"monochromatic","printing_side":"single_side"}
Jul 17 04:56:31 vithsutra kiosk-server[2006197]: {"time":"2026-07-17T04:56:31.358966264Z","level":"INFO","msg":"Total done bebug","TotalAmount:":2,"TotalSheetes:":2}
Jul 17 04:56:31 vithsutra kiosk-server[2006197]: {"time":"2026-07-17T04:56:31.358992985Z","level":"INFO","msg":"Page Range bebugging","page_range:":["1"]}
Jul 17 04:56:31 vithsutra kiosk-server[2006197]: {"time":"2026-07-17T04:56:31.35901724Z","level":"INFO","msg":"file confirmed","session_id":"2f633340-1b4a-4798-805a-72107407202b","file_id":"ef55b801-1f87-4853-8c61-d101a4d996c4","file_name":"VINAY_RESUME.pdf","sheets":1,"price":1}
Jul 17 04:56:31 vithsutra kiosk-server[2006197]: DEBUG: PageRange in UpdateFileWithPrintOptions: [1]
Jul 17 04:56:31 vithsutra kiosk-server[2006197]: DEBUG: PageRange in UpdateFileWithPrintOptions: [1]
Jul 17 04:56:31 vithsutra kiosk-server[2006197]: {"time":"2026-07-17T04:56:31.742133894Z","level":"INFO","msg":"confirm upload completed","session_id":"2f633340-1b4a-4798-805a-72107407202b","total_sheets":2,"total_amount":2}
Jul 17 04:56:31 vithsutra kiosk-server[2006197]: {"time":"2026-07-17T04:56:31.742280224Z","level":"INFO","msg":"request","method":"POST","path":"/files/upload/confirm","status":200,"bytes":525,"duration_ms":995,"request_id":"vithsutra/yJhBRTSzdo-004542","remote_addr":"2409:40f2:3040:5a2f:8838:ecff:febc:ece4"}
Jul 17 04:56:32 vithsutra kiosk-server[2006197]: {"time":"2026-07-17T04:56:32.16214802Z","level":"INFO","msg":"request","method":"OPTIONS","path":"/payments/create","status":204,"bytes":0,"duration_ms":0,"request_id":"vithsutra/yJhBRTSzdo-004543","remote_addr":"2409:40f2:3040:5a2f:8838:ecff:febc:ece4"}
Jul 17 04:56:32 vithsutra kiosk-server[2006197]: {"time":"2026-07-17T04:56:32.57467638Z","level":"INFO","msg":"create payment order started","session_id":"2f633340-1b4a-4798-805a-72107407202b","amount_paise_frontend":200}
Jul 17 04:56:32 vithsutra kiosk-server[2006197]: {"time":"2026-07-17T04:56:32.939888115Z","level":"INFO","msg":"razorpay order created","session_id":"2f633340-1b4a-4798-805a-72107407202b","razorpay_order_id":"order_TERgvC7MC9SW5n","amount_paise":200}
Jul 17 04:56:33 vithsutra kiosk-server[2006197]: {"time":"2026-07-17T04:56:33.053268725Z","level":"INFO","msg":"create payment order completed","session_id":"2f633340-1b4a-4798-805a-72107407202b","payment_id":"67d99368-8e14-42fe-8431-95f697158552","razorpay_order_id":"order_TERgvC7MC9SW5n"}
Jul 17 04:56:33 vithsutra kiosk-server[2006197]: {"time":"2026-07-17T04:56:33.053316127Z","level":"INFO","msg":"Amount:","Amount_paise":200}
Jul 17 04:56:33 vithsutra kiosk-server[2006197]: {"time":"2026-07-17T04:56:33.053394412Z","level":"INFO","msg":"request","method":"POST","path":"/payments/create","status":201,"bytes":232,"duration_ms":478,"request_id":"vithsutra/yJhBRTSzdo-004544","remote_addr":"2409:40f2:3040:5a2f:8838:ecff:febc:ece4"}
Jul 17 04:56:51 vithsutra kiosk-server[2006197]: {"time":"2026-07-17T04:56:51.025345909Z","level":"INFO","msg":"USERID","userId:":"bfde7de4-b2d5-4324-bd02-e5d8206c29c7"}
Jul 17 04:56:51 vithsutra kiosk-server[2006197]: {"time":"2026-07-17T04:56:51.025391071Z","level":"INFO","msg":"USEREMAIL","userEmail:":"vkotumbeerkar@gmail.com"}
Jul 17 04:56:51 vithsutra kiosk-server[2006197]: {"time":"2026-07-17T04:56:51.025407956Z","level":"INFO","msg":"init upload started","user_id":"bfde7de4-b2d5-4324-bd02-e5d8206c29c7","file_count":2,"request_payload":{"files":[{"file_name":"res.pdf","content_type":"application/pdf"},{"file_name":"VINAY_RESUME.pdf","content_type":"application/pdf"}]}}
Jul 17 04:56:51 vithsutra kiosk-server[2006197]: {"time":"2026-07-17T04:56:51.135364633Z","level":"INFO","msg":"upload session created","session_id":"072d0e6c-6c7c-44a7-a439-9e01632707b2","user_id":"bfde7de4-b2d5-4324-bd02-e5d8206c29c7","expires_at":"2026-07-24T04:56:51.081555082Z"}
Jul 17 04:56:51 vithsutra kiosk-server[2006197]: {"time":"2026-07-17T04:56:51.323588757Z","level":"INFO","msg":"init upload completed","session_id":"072d0e6c-6c7c-44a7-a439-9e01632707b2","user_id":"bfde7de4-b2d5-4324-bd02-e5d8206c29c7","file_count":2}
Jul 17 04:56:51 vithsutra kiosk-server[2006197]: {"time":"2026-07-17T04:56:51.323907377Z","level":"INFO","msg":"request","method":"POST","path":"/files/upload/init","status":201,"bytes":1770,"duration_ms":298,"request_id":"vithsutra/yJhBRTSzdo-004545","remote_addr":"2409:40f2:3040:5a2f:8838:ecff:febc:ece4"}
Jul 17 04:56:52 vithsutra kiosk-server[2006197]: {"time":"2026-07-17T04:56:52.360209454Z","level":"INFO","msg":"confirm upload started","session_id":"072d0e6c-6c7c-44a7-a439-9e01632707b2","file_count":2}
Jul 17 04:56:52 vithsutra kiosk-server[2006197]: {"time":"2026-07-17T04:56:52.413993045Z","level":"INFO","msg":"session validated for confirm","session_id":"072d0e6c-6c7c-44a7-a439-9e01632707b2","status":"created"}
Jul 17 04:56:52 vithsutra kiosk-server[2006197]: DEBUG HeadObject → bucket: aiet-printflow-upload-prod  key: uploads/staging/bfde7de4-b2d5-4324-bd02-e5d8206c29c7/072d0e6c-6c7c-44a7-a439-9e01632707b2/cce69362-b4fc-4950-81de-11fc126fc4c1.pdf
Jul 17 04:56:52 vithsutra kiosk-server[2006197]: {"time":"2026-07-17T04:56:52.738424174Z","level":"INFO","msg":"file price calculated","price":2,"sheets":2,"num_of_pages":1,"copies":2,"page_layout":1,"printing_mode":"monochromatic","printing_side":"single_side"}
Jul 17 04:56:52 vithsutra kiosk-server[2006197]: {"time":"2026-07-17T04:56:52.738476193Z","level":"INFO","msg":"Total done bebug","TotalAmount:":2,"TotalSheetes:":2}
Jul 17 04:56:52 vithsutra kiosk-server[2006197]: {"time":"2026-07-17T04:56:52.738494355Z","level":"INFO","msg":"Page Range bebugging","page_range:":["1"]}
Jul 17 04:56:52 vithsutra kiosk-server[2006197]: {"time":"2026-07-17T04:56:52.738512897Z","level":"INFO","msg":"file confirmed","session_id":"072d0e6c-6c7c-44a7-a439-9e01632707b2","file_id":"cce69362-b4fc-4950-81de-11fc126fc4c1","file_name":"res.pdf","sheets":2,"price":2}
Jul 17 04:56:52 vithsutra kiosk-server[2006197]: DEBUG HeadObject → bucket: aiet-printflow-upload-prod  key: uploads/staging/bfde7de4-b2d5-4324-bd02-e5d8206c29c7/072d0e6c-6c7c-44a7-a439-9e01632707b2/58e1f596-887f-4be9-b5aa-3a2cce90fcac.pdf
Jul 17 04:56:52 vithsutra kiosk-server[2006197]: {"time":"2026-07-17T04:56:52.817122473Z","level":"INFO","msg":"file price calculated","price":2,"sheets":2,"num_of_pages":1,"copies":2,"page_layout":1,"printing_mode":"monochromatic","printing_side":"single_side"}
Jul 17 04:56:52 vithsutra kiosk-server[2006197]: {"time":"2026-07-17T04:56:52.8171537Z","level":"INFO","msg":"Total done bebug","TotalAmount:":4,"TotalSheetes:":4}
Jul 17 04:56:52 vithsutra kiosk-server[2006197]: {"time":"2026-07-17T04:56:52.817164027Z","level":"INFO","msg":"Page Range bebugging","page_range:":["1"]}
Jul 17 04:56:52 vithsutra kiosk-server[2006197]: {"time":"2026-07-17T04:56:52.817174993Z","level":"INFO","msg":"file confirmed","session_id":"072d0e6c-6c7c-44a7-a439-9e01632707b2","file_id":"58e1f596-887f-4be9-b5aa-3a2cce90fcac","file_name":"VINAY_RESUME.pdf","sheets":2,"price":2}
Jul 17 04:56:52 vithsutra kiosk-server[2006197]: DEBUG: PageRange in UpdateFileWithPrintOptions: [1]
Jul 17 04:56:52 vithsutra kiosk-server[2006197]: DEBUG: PageRange in UpdateFileWithPrintOptions: [1]
Jul 17 04:56:53 vithsutra kiosk-server[2006197]: {"time":"2026-07-17T04:56:53.113569174Z","level":"INFO","msg":"confirm upload completed","session_id":"072d0e6c-6c7c-44a7-a439-9e01632707b2","total_sheets":4,"total_amount":4}
Jul 17 04:56:53 vithsutra kiosk-server[2006197]: {"time":"2026-07-17T04:56:53.113682412Z","level":"INFO","msg":"request","method":"POST","path":"/files/upload/confirm","status":200,"bytes":525,"duration_ms":753,"request_id":"vithsutra/yJhBRTSzdo-004546","remote_addr":"2409:40f2:3040:5a2f:8838:ecff:febc:ece4"}
Jul 17 04:56:53 vithsutra kiosk-server[2006197]: {"time":"2026-07-17T04:56:53.520126896Z","level":"INFO","msg":"create payment order started","session_id":"072d0e6c-6c7c-44a7-a439-9e01632707b2","amount_paise_frontend":400}
Jul 17 04:56:53 vithsutra kiosk-server[2006197]: {"time":"2026-07-17T04:56:53.660946897Z","level":"INFO","msg":"razorpay order created","session_id":"072d0e6c-6c7c-44a7-a439-9e01632707b2","razorpay_order_id":"order_TERhHnP0QloHhY","amount_paise":400}
Jul 17 04:56:53 vithsutra kiosk-server[2006197]: {"time":"2026-07-17T04:56:53.729187201Z","level":"INFO","msg":"create payment order completed","session_id":"072d0e6c-6c7c-44a7-a439-9e01632707b2","payment_id":"65d29105-2edc-4286-ae96-aabf29aa6136","razorpay_order_id":"order_TERhHnP0QloHhY"}
Jul 17 04:56:53 vithsutra kiosk-server[2006197]: {"time":"2026-07-17T04:56:53.729238915Z","level":"INFO","msg":"Amount:","Amount_paise":400}
Jul 17 04:56:53 vithsutra kiosk-server[2006197]: {"time":"2026-07-17T04:56:53.729321631Z","level":"INFO","msg":"request","method":"POST","path":"/payments/create","status":201,"bytes":232,"duration_ms":209,"request_id":"vithsutra/yJhBRTSzdo-004547","remote_addr":"2409:40f2:3040:5a2f:8838:ecff:febc:ece4"}
Jul 17 04:57:20 vithsutra kiosk-server[2006197]: {"time":"2026-07-17T04:57:20.767602011Z","level":"INFO","msg":"webhook received","event":"payment.captured"}
Jul 17 04:57:20 vithsutra kiosk-server[2006197]: {"time":"2026-07-17T04:57:20.767618038Z","level":"INFO","msg":"processing payment success","razorpay_order_id":"order_TERhHnP0QloHhY","razorpay_payment_id":"pay_TERhTmLkMOnoVq"}
Jul 17 04:57:21 vithsutra kiosk-server[2006197]: {"time":"2026-07-17T04:57:21.463999235Z","level":"INFO","msg":"file promoted","session_id":"072d0e6c-6c7c-44a7-a439-9e01632707b2","file_id":"cce69362-b4fc-4950-81de-11fc126fc4c1","final_key":"uploads/final/bfde7de4-b2d5-4324-bd02-e5d8206c29c7/072d0e6c-6c7c-44a7-a439-9e01632707b2/cce69362-b4fc-4950-81de-11fc126fc4c1.pdf"}
Jul 17 04:57:21 vithsutra kiosk-server[2006197]: {"time":"2026-07-17T04:57:21.584114413Z","level":"INFO","msg":"file promoted","session_id":"072d0e6c-6c7c-44a7-a439-9e01632707b2","file_id":"58e1f596-887f-4be9-b5aa-3a2cce90fcac","final_key":"uploads/final/bfde7de4-b2d5-4324-bd02-e5d8206c29c7/072d0e6c-6c7c-44a7-a439-9e01632707b2/58e1f596-887f-4be9-b5aa-3a2cce90fcac.pdf"}
Jul 17 04:57:22 vithsutra kiosk-server[2006197]: {"time":"2026-07-17T04:57:22.121733996Z","level":"INFO","msg":"payment success committed","session_id":"072d0e6c-6c7c-44a7-a439-9e01632707b2","razorpay_order_id":"order_TERhHnP0QloHhY","razorpay_payment_id":"pay_TERhTmLkMOnoVq","files_promoted":2}
Jul 17 04:57:22 vithsutra kiosk-server[2006197]: {"time":"2026-07-17T04:57:22.121866415Z","level":"INFO","msg":"request","method":"POST","path":"/webhooks/razorpay","status":200,"bytes":21,"duration_ms":1354,"request_id":"vithsutra/yJhBRTSzdo-004548","remote_addr":"52.66.76.63"}
Jul 17 04:57:32 vithsutra kiosk-server[2006197]: {"time":"2026-07-17T04:57:32.488670433Z","level":"INFO","msg":"request","method":"OPTIONS","path":"/payments/status/072d0e6c-6c7c-44a7-a439-9e01632707b2","status":204,"bytes":0,"duration_ms":0,"request_id":"vithsutra/yJhBRTSzdo-004549","remote_addr":"2409:40f2:3040:5a2f:8838:ecff:febc:ece4"}
Jul 17 04:57:32 vithsutra kiosk-server[2006197]: {"time":"2026-07-17T04:57:32.879675412Z","level":"INFO","msg":"get job by session ID started","session_id":"072d0e6c-6c7c-44a7-a439-9e01632707b2"}
Jul 17 04:57:32 vithsutra kiosk-server[2006197]: {"time":"2026-07-17T04:57:32.933715058Z","level":"INFO","msg":"Token Debugging","Token:":"616209"}
Jul 17 04:57:32 vithsutra kiosk-server[2006197]: {"time":"2026-07-17T04:57:32.989143839Z","level":"INFO","msg":"get job by session ID completed","session_id":"072d0e6c-6c7c-44a7-a439-9e01632707b2","file_count":2}
Jul 17 04:57:32 vithsutra kiosk-server[2006197]: {"time":"2026-07-17T04:57:32.989298441Z","level":"INFO","msg":"request","method":"GET","path":"/payments/status/072d0e6c-6c7c-44a7-a439-9e01632707b2","status":200,"bytes":1081,"duration_ms":109,"request_id":"vithsutra/yJhBRTSzdo-004550","remote_addr":"2409:40f2:3040:5a2f:8838:ecff:febc:ece4"}
Jul 17 04:57:53 vithsutra kiosk-server[2006197]: {"time":"2026-07-17T04:57:53.065267231Z","level":"WARN","msg":"token is invalid","code":"validation_error"}
Jul 17 04:57:53 vithsutra kiosk-server[2006197]: {"time":"2026-07-17T04:57:53.065340365Z","level":"INFO","msg":"request","method":"POST","path":"/print/jobs/token","status":400,"bytes":67,"duration_ms":0,"request_id":"vithsutra/yJhBRTSzdo-004551","remote_addr":"103.89.233.254"}
Jul 17 04:58:54 vithsutra kiosk-server[2006197]: {"time":"2026-07-17T04:58:54.935782969Z","level":"INFO","msg":"get job by token started","token":616209}
Jul 17 04:58:55 vithsutra kiosk-server[2006197]: DEBUG PRESIGN GET URL: https://aiet-printflow-upload-prod.s3.ap-south-1.amazonaws.com/uploads/final/bfde7de4-b2d5-4324-bd02-e5d8206c29c7/072d0e6c-6c7c-44a7-a439-9e01632707b2/cce69362-b4fc-4950-81de-11fc126fc4c1.pdf?X-Amz-Algorithm=AWS4-HMAC-SHA256&X-Amz-Checksum-Mode=ENABLED&X-Amz-Credential=AKIAURY6ZINDKCABHGV3%2F20260717%2Fap-south-1%2Fs3%2Faws4_request&X-Amz-Date=20260717T045855Z&X-Amz-Expires=900&X-Amz-SignedHeaders=host&x-id=GetObject&X-Amz-Signature=2f6717d7374b6d8ee242de8e1b06a37c73e1ae9c0e52ce5d7ac308f45be0ab40
Jul 17 04:58:55 vithsutra kiosk-server[2006197]: {"time":"2026-07-17T04:58:55.09944463Z","level":"INFO","msg":"final_Key_Bebugging","final_key:":"uploads/final/bfde7de4-b2d5-4324-bd02-e5d8206c29c7/072d0e6c-6c7c-44a7-a439-9e01632707b2/cce69362-b4fc-4950-81de-11fc126fc4c1.pdf"}
Jul 17 04:58:55 vithsutra kiosk-server[2006197]: DEBUG PRESIGN GET URL: https://aiet-printflow-upload-prod.s3.ap-south-1.amazonaws.com/uploads/final/bfde7de4-b2d5-4324-bd02-e5d8206c29c7/072d0e6c-6c7c-44a7-a439-9e01632707b2/58e1f596-887f-4be9-b5aa-3a2cce90fcac.pdf?X-Amz-Algorithm=AWS4-HMAC-SHA256&X-Amz-Checksum-Mode=ENABLED&X-Amz-Credential=AKIAURY6ZINDKCABHGV3%2F20260717%2Fap-south-1%2Fs3%2Faws4_request&X-Amz-Date=20260717T045855Z&X-Amz-Expires=900&X-Amz-SignedHeaders=host&x-id=GetObject&X-Amz-Signature=081466d25a081e9949a203dab222358c3fb0fd202c21b2fff04326c4eee11950
Jul 17 04:58:55 vithsutra kiosk-server[2006197]: {"time":"2026-07-17T04:58:55.099641098Z","level":"INFO","msg":"final_Key_Bebugging","final_key:":"uploads/final/bfde7de4-b2d5-4324-bd02-e5d8206c29c7/072d0e6c-6c7c-44a7-a439-9e01632707b2/58e1f596-887f-4be9-b5aa-3a2cce90fcac.pdf"}
Jul 17 04:58:55 vithsutra kiosk-server[2006197]: {"time":"2026-07-17T04:58:55.099660732Z","level":"INFO","msg":"get job by token completed","token":616209,"session_id":"072d0e6c-6c7c-44a7-a439-9e01632707b2","file_count":2}
Jul 17 04:58:55 vithsutra kiosk-server[2006197]: {"time":"2026-07-17T04:58:55.099733178Z","level":"INFO","msg":"request","method":"POST","path":"/print/jobs/token","status":200,"bytes":1704,"duration_ms":164,"request_id":"vithsutra/yJhBRTSzdo-004552","remote_addr":"103.89.233.254"}
Jul 17 04:59:02 vithsutra kiosk-server[2006197]: {"time":"2026-07-17T04:59:02.14701961Z","level":"INFO","msg":"request","method":"GET","path":"/","status":404,"bytes":19,"duration_ms":0,"request_id":"vithsutra/yJhBRTSzdo-004553","remote_addr":"94.154.43.186"}
Jul 17 04:59:42 vithsutra kiosk-server[2006197]: {"time":"2026-07-17T04:59:42.627299842Z","level":"INFO","msg":"expire session after printing started","session_id":"072d0e6c-6c7c-44a7-a439-9e01632707b2"}
Jul 17 04:59:42 vithsutra kiosk-server[2006197]: {"time":"2026-07-17T04:59:42.794934129Z","level":"INFO","msg":"session marked completed","session_id":"072d0e6c-6c7c-44a7-a439-9e01632707b2"}
Jul 17 04:59:42 vithsutra kiosk-server[2006197]: {"time":"2026-07-17T04:59:42.903442009Z","level":"WARN","msg":"no completed file found for session 072d0e6c-6c7c-44a7-a439-9e01632707b2","code":"no_completed_file"}
Jul 17 04:59:42 vithsutra kiosk-server[2006197]: {"time":"2026-07-17T04:59:42.903563874Z","level":"INFO","msg":"request","method":"POST","path":"/print/jobs/expire","status":404,"bytes":124,"duration_ms":276,"request_id":"vithsutra/yJhBRTSzdo-004554","remote_addr":"103.89.233.254"}
Jul 17 04:59:58 vithsutra kiosk-server[2006197]: {"time":"2026-07-17T04:59:58.66011341Z","level":"INFO","msg":"expire session after printing started","session_id":"072d0e6c-6c7c-44a7-a439-9e01632707b2"}
Jul 17 04:59:58 vithsutra kiosk-server[2006197]: {"time":"2026-07-17T04:59:58.714161544Z","level":"WARN","msg":"this session has already been completed","code":"session_already_completed"}
Jul 17 04:59:58 vithsutra kiosk-server[2006197]: {"time":"2026-07-17T04:59:58.714274298Z","level":"INFO","msg":"request","method":"POST","path":"/print/jobs/expire","status":400,"bytes":99,"duration_ms":54,"request_id":"vithsutra/yJhBRTSzdo-004555","remote_addr":"103.89.233.254"}
Jul 17 05:02:52 vithsutra kiosk-server[2006197]: {"time":"2026-07-17T05:02:52.194381533Z","level":"INFO","msg":"request","method":"OPTIONS","path":"/files/upload/init","status":204,"bytes":0,"duration_ms":0,"request_id":"vithsutra/yJhBRTSzdo-004556","remote_addr":"2401:4900:c90b:86ae:ad28:e7f5:8a4c:3082"}
Jul 17 05:02:52 vithsutra kiosk-server[2006197]: {"time":"2026-07-17T05:02:52.425203888Z","level":"INFO","msg":"USERID","userId:":"2204c54d-bcf5-4724-b480-be77e5646b87"}
Jul 17 05:02:52 vithsutra kiosk-server[2006197]: {"time":"2026-07-17T05:02:52.425236851Z","level":"INFO","msg":"USEREMAIL","userEmail:":"smithabhat29@gmail.com"}
Jul 17 05:02:52 vithsutra kiosk-server[2006197]: {"time":"2026-07-17T05:02:52.425248843Z","level":"INFO","msg":"init upload started","user_id":"2204c54d-bcf5-4724-b480-be77e5646b87","file_count":5,"request_payload":{"files":[{"file_name":"IFM Certificate.pdf","content_type":"application/pdf"},{"file_name":"EIB Certificate.pdf","content_type":"application/pdf"},{"file_name":"INN AND DESIGN 2.pdf","content_type":"application/pdf"},{"file_name":"IND 1st.pdf","content_type":"application/pdf"},{"file_name":"IFM 2.pdf","content_type":"application/pdf"}]}}
Jul 17 05:02:54 vithsutra kiosk-server[2006197]: {"time":"2026-07-17T05:02:54.704112241Z","level":"INFO","msg":"upload session created","session_id":"18174776-02e0-4206-84dd-f0026e952515","user_id":"2204c54d-bcf5-4724-b480-be77e5646b87","expires_at":"2026-07-24T05:02:54.58695316Z"}
Jul 17 05:02:55 vithsutra kiosk-server[2006197]: {"time":"2026-07-17T05:02:55.119109791Z","level":"INFO","msg":"init upload completed","session_id":"18174776-02e0-4206-84dd-f0026e952515","user_id":"2204c54d-bcf5-4724-b480-be77e5646b87","file_count":5}
Jul 17 05:02:55 vithsutra kiosk-server[2006197]: {"time":"2026-07-17T05:02:55.119489725Z","level":"INFO","msg":"request","method":"POST","path":"/files/upload/init","status":201,"bytes":4188,"duration_ms":2694,"request_id":"vithsutra/yJhBRTSzdo-004557","remote_addr":"2401:4900:c90b:86ae:ad28:e7f5:8a4c:3082"}
Jul 17 05:02:57 vithsutra kiosk-server[2006197]: {"time":"2026-07-17T05:02:57.288459116Z","level":"INFO","msg":"request","method":"OPTIONS","path":"/files/upload/confirm","status":204,"bytes":0,"duration_ms":0,"request_id":"vithsutra/yJhBRTSzdo-004558","remote_addr":"2401:4900:c90b:86ae:ad28:e7f5:8a4c:3082"}
Jul 17 05:02:57 vithsutra kiosk-server[2006197]: {"time":"2026-07-17T05:02:57.481075018Z","level":"INFO","msg":"confirm upload started","session_id":"18174776-02e0-4206-84dd-f0026e952515","file_count":5}
Jul 17 05:02:57 vithsutra kiosk-server[2006197]: {"time":"2026-07-17T05:02:57.598512107Z","level":"INFO","msg":"session validated for confirm","session_id":"18174776-02e0-4206-84dd-f0026e952515","status":"created"}
Jul 17 05:02:57 vithsutra kiosk-server[2006197]: DEBUG HeadObject → bucket: aiet-printflow-upload-prod  key: uploads/staging/2204c54d-bcf5-4724-b480-be77e5646b87/18174776-02e0-4206-84dd-f0026e952515/1206e678-3ced-4d23-85ea-a793aa9a6303.pdf
Jul 17 05:02:57 vithsutra kiosk-server[2006197]: {"time":"2026-07-17T05:02:57.926281299Z","level":"INFO","msg":"file price calculated","price":1,"sheets":1,"num_of_pages":1,"copies":1,"page_layout":1,"printing_mode":"monochromatic","printing_side":"single_side"}
Jul 17 05:02:57 vithsutra kiosk-server[2006197]: {"time":"2026-07-17T05:02:57.926341784Z","level":"INFO","msg":"Total done bebug","TotalAmount:":1,"TotalSheetes:":1}
Jul 17 05:02:57 vithsutra kiosk-server[2006197]: {"time":"2026-07-17T05:02:57.92635815Z","level":"INFO","msg":"Page Range bebugging","page_range:":["1"]}
Jul 17 05:02:57 vithsutra kiosk-server[2006197]: {"time":"2026-07-17T05:02:57.926375592Z","level":"INFO","msg":"file confirmed","session_id":"18174776-02e0-4206-84dd-f0026e952515","file_id":"1206e678-3ced-4d23-85ea-a793aa9a6303","file_name":"IFM Certificate.pdf","sheets":1,"price":1}
Jul 17 05:02:57 vithsutra kiosk-server[2006197]: DEBUG HeadObject → bucket: aiet-printflow-upload-prod  key: uploads/staging/2204c54d-bcf5-4724-b480-be77e5646b87/18174776-02e0-4206-84dd-f0026e952515/8873d7a9-c007-4267-8f53-f78447317985.pdf
Jul 17 05:02:58 vithsutra kiosk-server[2006197]: {"time":"2026-07-17T05:02:58.010151302Z","level":"INFO","msg":"file price calculated","price":1,"sheets":1,"num_of_pages":1,"copies":1,"page_layout":1,"printing_mode":"monochromatic","printing_side":"single_side"}
Jul 17 05:02:58 vithsutra kiosk-server[2006197]: {"time":"2026-07-17T05:02:58.010211893Z","level":"INFO","msg":"Total done bebug","TotalAmount:":2,"TotalSheetes:":2}
Jul 17 05:02:58 vithsutra kiosk-server[2006197]: {"time":"2026-07-17T05:02:58.010230031Z","level":"INFO","msg":"Page Range bebugging","page_range:":["1"]}
Jul 17 05:02:58 vithsutra kiosk-server[2006197]: {"time":"2026-07-17T05:02:58.010249464Z","level":"INFO","msg":"file confirmed","session_id":"18174776-02e0-4206-84dd-f0026e952515","file_id":"8873d7a9-c007-4267-8f53-f78447317985","file_name":"EIB Certificate.pdf","sheets":1,"price":1}
Jul 17 05:02:58 vithsutra kiosk-server[2006197]: DEBUG HeadObject → bucket: aiet-printflow-upload-prod  key: uploads/staging/2204c54d-bcf5-4724-b480-be77e5646b87/18174776-02e0-4206-84dd-f0026e952515/436c987e-3df9-4f61-ad9a-9627797097f3.pdf
Jul 17 05:02:58 vithsutra kiosk-server[2006197]: {"time":"2026-07-17T05:02:58.097545603Z","level":"INFO","msg":"file price calculated","price":1,"sheets":1,"num_of_pages":1,"copies":1,"page_layout":1,"printing_mode":"monochromatic","printing_side":"single_side"}
Jul 17 05:02:58 vithsutra kiosk-server[2006197]: {"time":"2026-07-17T05:02:58.097576596Z","level":"INFO","msg":"Total done bebug","TotalAmount:":3,"TotalSheetes:":3}
Jul 17 05:02:58 vithsutra kiosk-server[2006197]: {"time":"2026-07-17T05:02:58.097586566Z","level":"INFO","msg":"Page Range bebugging","page_range:":["1"]}
Jul 17 05:02:58 vithsutra kiosk-server[2006197]: {"time":"2026-07-17T05:02:58.097596815Z","level":"INFO","msg":"file confirmed","session_id":"18174776-02e0-4206-84dd-f0026e952515","file_id":"436c987e-3df9-4f61-ad9a-9627797097f3","file_name":"INN AND DESIGN 2.pdf","sheets":1,"price":1}
Jul 17 05:02:58 vithsutra kiosk-server[2006197]: DEBUG HeadObject → bucket: aiet-printflow-upload-prod  key: uploads/staging/2204c54d-bcf5-4724-b480-be77e5646b87/18174776-02e0-4206-84dd-f0026e952515/be235e0a-fd13-4ee3-bf98-78c30e6b8df3.pdf
Jul 17 05:02:58 vithsutra kiosk-server[2006197]: {"time":"2026-07-17T05:02:58.187071852Z","level":"INFO","msg":"file price calculated","price":1,"sheets":1,"num_of_pages":1,"copies":1,"page_layout":1,"printing_mode":"monochromatic","printing_side":"single_side"}
Jul 17 05:02:58 vithsutra kiosk-server[2006197]: {"time":"2026-07-17T05:02:58.187113545Z","level":"INFO","msg":"Total done bebug","TotalAmount:":4,"TotalSheetes:":4}
Jul 17 05:02:58 vithsutra kiosk-server[2006197]: {"time":"2026-07-17T05:02:58.187127433Z","level":"INFO","msg":"Page Range bebugging","page_range:":["1"]}
Jul 17 05:02:58 vithsutra kiosk-server[2006197]: {"time":"2026-07-17T05:02:58.187143297Z","level":"INFO","msg":"file confirmed","session_id":"18174776-02e0-4206-84dd-f0026e952515","file_id":"be235e0a-fd13-4ee3-bf98-78c30e6b8df3","file_name":"IND 1st.pdf","sheets":1,"price":1}
Jul 17 05:02:58 vithsutra kiosk-server[2006197]: DEBUG HeadObject → bucket: aiet-printflow-upload-prod  key: uploads/staging/2204c54d-bcf5-4724-b480-be77e5646b87/18174776-02e0-4206-84dd-f0026e952515/6ecfe0ab-32f0-472b-b62d-7073ea53a1e8.pdf
Jul 17 05:02:58 vithsutra kiosk-server[2006197]: {"time":"2026-07-17T05:02:58.271363702Z","level":"INFO","msg":"file price calculated","price":1,"sheets":1,"num_of_pages":1,"copies":1,"page_layout":1,"printing_mode":"monochromatic","printing_side":"single_side"}
Jul 17 05:02:58 vithsutra kiosk-server[2006197]: {"time":"2026-07-17T05:02:58.271396653Z","level":"INFO","msg":"Total done bebug","TotalAmount:":5,"TotalSheetes:":5}
Jul 17 05:02:58 vithsutra kiosk-server[2006197]: {"time":"2026-07-17T05:02:58.27140687Z","level":"INFO","msg":"Page Range bebugging","page_range:":["1"]}
Jul 17 05:02:58 vithsutra kiosk-server[2006197]: {"time":"2026-07-17T05:02:58.271418105Z","level":"INFO","msg":"file confirmed","session_id":"18174776-02e0-4206-84dd-f0026e952515","file_id":"6ecfe0ab-32f0-472b-b62d-7073ea53a1e8","file_name":"IFM 2.pdf","sheets":1,"price":1}
Jul 17 05:02:58 vithsutra kiosk-server[2006197]: DEBUG: PageRange in UpdateFileWithPrintOptions: [1]
Jul 17 05:02:58 vithsutra kiosk-server[2006197]: DEBUG: PageRange in UpdateFileWithPrintOptions: [1]
Jul 17 05:02:58 vithsutra kiosk-server[2006197]: DEBUG: PageRange in UpdateFileWithPrintOptions: [1]
Jul 17 05:02:58 vithsutra kiosk-server[2006197]: DEBUG: PageRange in UpdateFileWithPrintOptions: [1]
Jul 17 05:02:58 vithsutra kiosk-server[2006197]: DEBUG: PageRange in UpdateFileWithPrintOptions: [1]
Jul 17 05:02:58 vithsutra kiosk-server[2006197]: {"time":"2026-07-17T05:02:58.853067605Z","level":"INFO","msg":"confirm upload completed","session_id":"18174776-02e0-4206-84dd-f0026e952515","total_sheets":5,"total_amount":5}
Jul 17 05:02:58 vithsutra kiosk-server[2006197]: {"time":"2026-07-17T05:02:58.853249912Z","level":"INFO","msg":"request","method":"POST","path":"/files/upload/confirm","status":200,"bytes":1084,"duration_ms":1372,"request_id":"vithsutra/yJhBRTSzdo-004559","remote_addr":"2401:4900:c90b:86ae:ad28:e7f5:8a4c:3082"}
Jul 17 05:02:59 vithsutra kiosk-server[2006197]: {"time":"2026-07-17T05:02:59.177501152Z","level":"INFO","msg":"request","method":"OPTIONS","path":"/payments/create","status":204,"bytes":0,"duration_ms":0,"request_id":"vithsutra/yJhBRTSzdo-004560","remote_addr":"2401:4900:c90b:86ae:ad28:e7f5:8a4c:3082"}
Jul 17 05:02:59 vithsutra kiosk-server[2006197]: {"time":"2026-07-17T05:02:59.380539141Z","level":"INFO","msg":"create payment order started","session_id":"18174776-02e0-4206-84dd-f0026e952515","amount_paise_frontend":500}
Jul 17 05:02:59 vithsutra kiosk-server[2006197]: {"time":"2026-07-17T05:02:59.571495766Z","level":"INFO","msg":"razorpay order created","session_id":"18174776-02e0-4206-84dd-f0026e952515","razorpay_order_id":"order_TERnjDaWGFS3MG","amount_paise":500}
Jul 17 05:02:59 vithsutra kiosk-server[2006197]: {"time":"2026-07-17T05:02:59.69093578Z","level":"INFO","msg":"create payment order completed","session_id":"18174776-02e0-4206-84dd-f0026e952515","payment_id":"333fa20b-0b35-4719-936d-a9acd86c1449","razorpay_order_id":"order_TERnjDaWGFS3MG"}
Jul 17 05:02:59 vithsutra kiosk-server[2006197]: {"time":"2026-07-17T05:02:59.690959925Z","level":"INFO","msg":"Amount:","Amount_paise":500}
Jul 17 05:02:59 vithsutra kiosk-server[2006197]: {"time":"2026-07-17T05:02:59.690999267Z","level":"INFO","msg":"request","method":"POST","path":"/payments/create","status":201,"bytes":232,"duration_ms":310,"request_id":"vithsutra/yJhBRTSzdo-004561","remote_addr":"2401:4900:c90b:86ae:ad28:e7f5:8a4c:3082"}
Jul 17 05:03:23 vithsutra kiosk-server[2006197]: {"time":"2026-07-17T05:03:23.450542449Z","level":"INFO","msg":"webhook received","event":"payment.captured"}
Jul 17 05:03:23 vithsutra kiosk-server[2006197]: {"time":"2026-07-17T05:03:23.450584732Z","level":"INFO","msg":"processing payment success","razorpay_order_id":"order_TERnjDaWGFS3MG","razorpay_payment_id":"pay_TERnnwoikoSCXQ"}
Jul 17 05:03:24 vithsutra kiosk-server[2006197]: {"time":"2026-07-17T05:03:24.059467847Z","level":"INFO","msg":"file promoted","session_id":"18174776-02e0-4206-84dd-f0026e952515","file_id":"1206e678-3ced-4d23-85ea-a793aa9a6303","final_key":"uploads/final/2204c54d-bcf5-4724-b480-be77e5646b87/18174776-02e0-4206-84dd-f0026e952515/1206e678-3ced-4d23-85ea-a793aa9a6303.pdf"}
Jul 17 05:03:24 vithsutra kiosk-server[2006197]: {"time":"2026-07-17T05:03:24.170509405Z","level":"INFO","msg":"file promoted","session_id":"18174776-02e0-4206-84dd-f0026e952515","file_id":"8873d7a9-c007-4267-8f53-f78447317985","final_key":"uploads/final/2204c54d-bcf5-4724-b480-be77e5646b87/18174776-02e0-4206-84dd-f0026e952515/8873d7a9-c007-4267-8f53-f78447317985.pdf"}
Jul 17 05:03:24 vithsutra kiosk-server[2006197]: {"time":"2026-07-17T05:03:24.270310815Z","level":"INFO","msg":"file promoted","session_id":"18174776-02e0-4206-84dd-f0026e952515","file_id":"436c987e-3df9-4f61-ad9a-9627797097f3","final_key":"uploads/final/2204c54d-bcf5-4724-b480-be77e5646b87/18174776-02e0-4206-84dd-f0026e952515/436c987e-3df9-4f61-ad9a-9627797097f3.pdf"}
Jul 17 05:03:24 vithsutra kiosk-server[2006197]: {"time":"2026-07-17T05:03:24.422706147Z","level":"INFO","msg":"file promoted","session_id":"18174776-02e0-4206-84dd-f0026e952515","file_id":"be235e0a-fd13-4ee3-bf98-78c30e6b8df3","final_key":"uploads/final/2204c54d-bcf5-4724-b480-be77e5646b87/18174776-02e0-4206-84dd-f0026e952515/be235e0a-fd13-4ee3-bf98-78c30e6b8df3.pdf"}
Jul 17 05:03:24 vithsutra kiosk-server[2006197]: {"time":"2026-07-17T05:03:24.513049894Z","level":"INFO","msg":"file promoted","session_id":"18174776-02e0-4206-84dd-f0026e952515","file_id":"6ecfe0ab-32f0-472b-b62d-7073ea53a1e8","final_key":"uploads/final/2204c54d-bcf5-4724-b480-be77e5646b87/18174776-02e0-4206-84dd-f0026e952515/6ecfe0ab-32f0-472b-b62d-7073ea53a1e8.pdf"}
Jul 17 05:03:25 vithsutra kiosk-server[2006197]: {"time":"2026-07-17T05:03:25.218411672Z","level":"INFO","msg":"payment success committed","session_id":"18174776-02e0-4206-84dd-f0026e952515","razorpay_order_id":"order_TERnjDaWGFS3MG","razorpay_payment_id":"pay_TERnnwoikoSCXQ","files_promoted":5}
Jul 17 05:03:25 vithsutra kiosk-server[2006197]: {"time":"2026-07-17T05:03:25.218517016Z","level":"INFO","msg":"request","method":"POST","path":"/webhooks/razorpay","status":200,"bytes":21,"duration_ms":1768,"request_id":"vithsutra/yJhBRTSzdo-004562","remote_addr":"52.66.75.174"}
Jul 17 05:03:36 vithsutra kiosk-server[2006197]: {"time":"2026-07-17T05:03:36.919020815Z","level":"INFO","msg":"request","method":"OPTIONS","path":"/payments/status/18174776-02e0-4206-84dd-f0026e952515","status":204,"bytes":0,"duration_ms":0,"request_id":"vithsutra/yJhBRTSzdo-004563","remote_addr":"2401:4900:c90b:86ae:ad28:e7f5:8a4c:3082"}
Jul 17 05:03:37 vithsutra kiosk-server[2006197]: {"time":"2026-07-17T05:03:37.10912863Z","level":"INFO","msg":"get job by session ID started","session_id":"18174776-02e0-4206-84dd-f0026e952515"}
Jul 17 05:03:37 vithsutra kiosk-server[2006197]: {"time":"2026-07-17T05:03:37.167044453Z","level":"INFO","msg":"Token Debugging","Token:":"489692"}
Jul 17 05:03:37 vithsutra kiosk-server[2006197]: {"time":"2026-07-17T05:03:37.22588771Z","level":"INFO","msg":"get job by session ID completed","session_id":"18174776-02e0-4206-84dd-f0026e952515","file_count":5}
Jul 17 05:03:37 vithsutra kiosk-server[2006197]: {"time":"2026-07-17T05:03:37.226111809Z","level":"INFO","msg":"request","method":"GET","path":"/payments/status/18174776-02e0-4206-84dd-f0026e952515","status":200,"bytes":2309,"duration_ms":117,"request_id":"vithsutra/yJhBRTSzdo-004564","remote_addr":"2401:4900:c90b:86ae:ad28:e7f5:8a4c:3082"}
Jul 17 05:16:58 vithsutra kiosk-server[2006197]: {"time":"2026-07-17T05:16:58.605900804Z","level":"INFO","msg":"request","method":"OPTIONS","path":"/files/upload/init","status":204,"bytes":0,"duration_ms":0,"request_id":"vithsutra/yJhBRTSzdo-004565","remote_addr":"2409:40f2:3149:8dbb:a887:1f79:eced:e5da"}
Jul 17 05:16:59 vithsutra kiosk-server[2006197]: {"time":"2026-07-17T05:16:59.079191824Z","level":"INFO","msg":"USERID","userId:":"ad1c23f1-ba73-42e9-b807-743e5e8891eb"}
Jul 17 05:16:59 vithsutra kiosk-server[2006197]: {"time":"2026-07-17T05:16:59.079244748Z","level":"INFO","msg":"USEREMAIL","userEmail:":"teju05tejas@gmail.com"}
Jul 17 05:16:59 vithsutra kiosk-server[2006197]: {"time":"2026-07-17T05:16:59.079259997Z","level":"INFO","msg":"init upload started","user_id":"ad1c23f1-ba73-42e9-b807-743e5e8891eb","file_count":2,"request_payload":{"files":[{"file_name":"Undertaking-Internship (1).pdf","content_type":"application/pdf"},{"file_name":"Offer Letter (1).pdf","content_type":"application/pdf"}]}}
Jul 17 05:17:00 vithsutra kiosk-server[2006197]: {"time":"2026-07-17T05:17:00.120243133Z","level":"INFO","msg":"upload session created","session_id":"05c98283-8243-4fb6-822a-d2608be77427","user_id":"ad1c23f1-ba73-42e9-b807-743e5e8891eb","expires_at":"2026-07-24T05:17:00.014761064Z"}
Jul 17 05:17:00 vithsutra kiosk-server[2006197]: {"time":"2026-07-17T05:17:00.329588301Z","level":"INFO","msg":"init upload completed","session_id":"05c98283-8243-4fb6-822a-d2608be77427","user_id":"ad1c23f1-ba73-42e9-b807-743e5e8891eb","file_count":2}
Jul 17 05:17:00 vithsutra kiosk-server[2006197]: {"time":"2026-07-17T05:17:00.329688352Z","level":"INFO","msg":"request","method":"POST","path":"/files/upload/init","status":201,"bytes":1797,"duration_ms":1250,"request_id":"vithsutra/yJhBRTSzdo-004566","remote_addr":"2409:40f2:3149:8dbb:a887:1f79:eced:e5da"}
Jul 17 05:17:03 vithsutra kiosk-server[2006197]: {"time":"2026-07-17T05:17:03.18916243Z","level":"INFO","msg":"request","method":"OPTIONS","path":"/files/upload/confirm","status":204,"bytes":0,"duration_ms":0,"request_id":"vithsutra/yJhBRTSzdo-004567","remote_addr":"2409:40f2:3149:8dbb:a887:1f79:eced:e5da"}
Jul 17 05:17:03 vithsutra kiosk-server[2006197]: {"time":"2026-07-17T05:17:03.582522795Z","level":"INFO","msg":"confirm upload started","session_id":"05c98283-8243-4fb6-822a-d2608be77427","file_count":2}
Jul 17 05:17:03 vithsutra kiosk-server[2006197]: {"time":"2026-07-17T05:17:03.687588954Z","level":"INFO","msg":"session validated for confirm","session_id":"05c98283-8243-4fb6-822a-d2608be77427","status":"created"}
Jul 17 05:17:03 vithsutra kiosk-server[2006197]: DEBUG HeadObject → bucket: aiet-printflow-upload-prod  key: uploads/staging/ad1c23f1-ba73-42e9-b807-743e5e8891eb/05c98283-8243-4fb6-822a-d2608be77427/44a735f3-b56a-4bed-9a31-4599698c109d.pdf
Jul 17 05:17:03 vithsutra kiosk-server[2006197]: {"time":"2026-07-17T05:17:03.977992211Z","level":"INFO","msg":"file price calculated","price":10,"sheets":2,"num_of_pages":2,"copies":1,"page_layout":1,"printing_mode":"color","printing_side":"single_side"}
Jul 17 05:17:03 vithsutra kiosk-server[2006197]: {"time":"2026-07-17T05:17:03.978065505Z","level":"INFO","msg":"Total done bebug","TotalAmount:":10,"TotalSheetes:":2}
Jul 17 05:17:03 vithsutra kiosk-server[2006197]: {"time":"2026-07-17T05:17:03.978088258Z","level":"INFO","msg":"Page Range bebugging","page_range:":["1-2"]}
Jul 17 05:17:03 vithsutra kiosk-server[2006197]: {"time":"2026-07-17T05:17:03.978110828Z","level":"INFO","msg":"file confirmed","session_id":"05c98283-8243-4fb6-822a-d2608be77427","file_id":"44a735f3-b56a-4bed-9a31-4599698c109d","file_name":"Undertaking-Internship (1).pdf","sheets":2,"price":10}
Jul 17 05:17:04 vithsutra kiosk-server[2006197]: DEBUG HeadObject → bucket: aiet-printflow-upload-prod  key: uploads/staging/ad1c23f1-ba73-42e9-b807-743e5e8891eb/05c98283-8243-4fb6-822a-d2608be77427/e15067f3-c75a-4154-a3cd-239bd60fef3f.pdf
Jul 17 05:17:04 vithsutra kiosk-server[2006197]: {"time":"2026-07-17T05:17:04.057264185Z","level":"INFO","msg":"file price calculated","price":10,"sheets":1,"num_of_pages":2,"copies":1,"page_layout":1,"printing_mode":"color","printing_side":"double_side"}
Jul 17 05:17:04 vithsutra kiosk-server[2006197]: {"time":"2026-07-17T05:17:04.057313336Z","level":"INFO","msg":"Total done bebug","TotalAmount:":20,"TotalSheetes:":3}
Jul 17 05:17:04 vithsutra kiosk-server[2006197]: {"time":"2026-07-17T05:17:04.05732883Z","level":"INFO","msg":"Page Range bebugging","page_range:":["1-2"]}
Jul 17 05:17:04 vithsutra kiosk-server[2006197]: {"time":"2026-07-17T05:17:04.057343024Z","level":"INFO","msg":"file confirmed","session_id":"05c98283-8243-4fb6-822a-d2608be77427","file_id":"e15067f3-c75a-4154-a3cd-239bd60fef3f","file_name":"Offer Letter (1).pdf","sheets":1,"price":10}
Jul 17 05:17:04 vithsutra kiosk-server[2006197]: DEBUG: PageRange in UpdateFileWithPrintOptions: [1-2]
Jul 17 05:17:04 vithsutra kiosk-server[2006197]: DEBUG: PageRange in UpdateFileWithPrintOptions: [1-2]
Jul 17 05:17:04 vithsutra kiosk-server[2006197]: {"time":"2026-07-17T05:17:04.422231477Z","level":"INFO","msg":"confirm upload completed","session_id":"05c98283-8243-4fb6-822a-d2608be77427","total_sheets":3,"total_amount":20}
Jul 17 05:17:04 vithsutra kiosk-server[2006197]: {"time":"2026-07-17T05:17:04.422373765Z","level":"INFO","msg":"request","method":"POST","path":"/files/upload/confirm","status":200,"bytes":555,"duration_ms":840,"request_id":"vithsutra/yJhBRTSzdo-004568","remote_addr":"2409:40f2:3149:8dbb:a887:1f79:eced:e5da"}
Jul 17 05:17:04 vithsutra kiosk-server[2006197]: {"time":"2026-07-17T05:17:04.829044517Z","level":"INFO","msg":"request","method":"OPTIONS","path":"/payments/create","status":204,"bytes":0,"duration_ms":0,"request_id":"vithsutra/yJhBRTSzdo-004569","remote_addr":"2409:40f2:3149:8dbb:a887:1f79:eced:e5da"}
Jul 17 05:17:05 vithsutra kiosk-server[2006197]: {"time":"2026-07-17T05:17:05.22482762Z","level":"INFO","msg":"create payment order started","session_id":"05c98283-8243-4fb6-822a-d2608be77427","amount_paise_frontend":2000}
Jul 17 05:17:05 vithsutra kiosk-server[2006197]: {"time":"2026-07-17T05:17:05.612218556Z","level":"INFO","msg":"razorpay order created","session_id":"05c98283-8243-4fb6-822a-d2608be77427","razorpay_order_id":"order_TES2chgz76Viak","amount_paise":2000}
Jul 17 05:17:05 vithsutra kiosk-server[2006197]: {"time":"2026-07-17T05:17:05.718493593Z","level":"INFO","msg":"create payment order completed","session_id":"05c98283-8243-4fb6-822a-d2608be77427","payment_id":"792cad61-49c1-45e4-b636-7681022119b4","razorpay_order_id":"order_TES2chgz76Viak"}
Jul 17 05:17:05 vithsutra kiosk-server[2006197]: {"time":"2026-07-17T05:17:05.718546676Z","level":"INFO","msg":"Amount:","Amount_paise":2000}
Jul 17 05:17:05 vithsutra kiosk-server[2006197]: {"time":"2026-07-17T05:17:05.718697909Z","level":"INFO","msg":"request","method":"POST","path":"/payments/create","status":201,"bytes":233,"duration_ms":494,"request_id":"vithsutra/yJhBRTSzdo-004570","remote_addr":"2409:40f2:3149:8dbb:a887:1f79:eced:e5da"}
Jul 17 05:17:31 vithsutra kiosk-server[2006197]: {"time":"2026-07-17T05:17:31.868022299Z","level":"INFO","msg":"webhook received","event":"payment.captured"}
Jul 17 05:17:31 vithsutra kiosk-server[2006197]: {"time":"2026-07-17T05:17:31.868079422Z","level":"INFO","msg":"processing payment success","razorpay_order_id":"order_TES2chgz76Viak","razorpay_payment_id":"pay_TES2klI2KH7ghP"}
Jul 17 05:17:32 vithsutra kiosk-server[2006197]: {"time":"2026-07-17T05:17:32.361733708Z","level":"INFO","msg":"file promoted","session_id":"05c98283-8243-4fb6-822a-d2608be77427","file_id":"44a735f3-b56a-4bed-9a31-4599698c109d","final_key":"uploads/final/ad1c23f1-ba73-42e9-b807-743e5e8891eb/05c98283-8243-4fb6-822a-d2608be77427/44a735f3-b56a-4bed-9a31-4599698c109d.pdf"}
Jul 17 05:17:32 vithsutra kiosk-server[2006197]: {"time":"2026-07-17T05:17:32.451350995Z","level":"INFO","msg":"file promoted","session_id":"05c98283-8243-4fb6-822a-d2608be77427","file_id":"e15067f3-c75a-4154-a3cd-239bd60fef3f","final_key":"uploads/final/ad1c23f1-ba73-42e9-b807-743e5e8891eb/05c98283-8243-4fb6-822a-d2608be77427/e15067f3-c75a-4154-a3cd-239bd60fef3f.pdf"}
Jul 17 05:17:32 vithsutra kiosk-server[2006197]: {"time":"2026-07-17T05:17:32.92022658Z","level":"INFO","msg":"payment success committed","session_id":"05c98283-8243-4fb6-822a-d2608be77427","razorpay_order_id":"order_TES2chgz76Viak","razorpay_payment_id":"pay_TES2klI2KH7ghP","files_promoted":2}
Jul 17 05:17:32 vithsutra kiosk-server[2006197]: {"time":"2026-07-17T05:17:32.920324595Z","level":"INFO","msg":"request","method":"POST","path":"/webhooks/razorpay","status":200,"bytes":21,"duration_ms":1052,"request_id":"vithsutra/yJhBRTSzdo-004571","remote_addr":"52.66.75.174"}
Jul 17 05:17:42 vithsutra kiosk-server[2006197]: {"time":"2026-07-17T05:17:42.790124165Z","level":"INFO","msg":"request","method":"OPTIONS","path":"/payments/status/05c98283-8243-4fb6-822a-d2608be77427","status":204,"bytes":0,"duration_ms":0,"request_id":"vithsutra/yJhBRTSzdo-004572","remote_addr":"2409:40f2:3149:8dbb:a887:1f79:eced:e5da"}
Jul 17 05:17:43 vithsutra kiosk-server[2006197]: {"time":"2026-07-17T05:17:43.211778984Z","level":"INFO","msg":"get job by session ID started","session_id":"05c98283-8243-4fb6-822a-d2608be77427"}
Jul 17 05:17:43 vithsutra kiosk-server[2006197]: {"time":"2026-07-17T05:17:43.265006412Z","level":"INFO","msg":"Token Debugging","Token:":"196188"}
Jul 17 05:17:43 vithsutra kiosk-server[2006197]: {"time":"2026-07-17T05:17:43.319212623Z","level":"INFO","msg":"get job by session ID completed","session_id":"05c98283-8243-4fb6-822a-d2608be77427","file_count":2}
Jul 17 05:17:43 vithsutra kiosk-server[2006197]: {"time":"2026-07-17T05:17:43.319332962Z","level":"INFO","msg":"request","method":"GET","path":"/payments/status/05c98283-8243-4fb6-822a-d2608be77427","status":200,"bytes":1099,"duration_ms":107,"request_id":"vithsutra/yJhBRTSzdo-004573","remote_addr":"2409:40f2:3149:8dbb:a887:1f79:eced:e5da"}
Jul 17 05:18:06 vithsutra kiosk-server[2006197]: {"time":"2026-07-17T05:18:06.508998918Z","level":"INFO","msg":"get job by token started","token":555555}
Jul 17 05:18:06 vithsutra kiosk-server[2006197]: {"time":"2026-07-17T05:18:06.614274395Z","level":"WARN","msg":"the token you entered is invalid","code":"invalid_token"}
Jul 17 05:18:06 vithsutra kiosk-server[2006197]: {"time":"2026-07-17T05:18:06.614361403Z","level":"INFO","msg":"request","method":"POST","path":"/print/jobs/token","status":404,"bytes":80,"duration_ms":105,"request_id":"vithsutra/yJhBRTSzdo-004574","remote_addr":"103.89.233.254"}
Jul 17 05:19:35 vithsutra kiosk-server[2006197]: {"time":"2026-07-17T05:19:35.089706028Z","level":"INFO","msg":"request","method":"OPTIONS","path":"/files/jobs/active","status":204,"bytes":0,"duration_ms":0,"request_id":"vithsutra/yJhBRTSzdo-004575","remote_addr":"2401:4900:c90b:86ae:ad28:e7f5:8a4c:3082"}
Jul 17 05:19:35 vithsutra kiosk-server[2006197]: {"time":"2026-07-17T05:19:35.459000403Z","level":"INFO","msg":"get recent print jobs started","user_id":"2204c54d-bcf5-4724-b480-be77e5646b87"}
Jul 17 05:19:35 vithsutra kiosk-server[2006197]: {"time":"2026-07-17T05:19:35.721434544Z","level":"INFO","msg":"get recent print jobs completed","user_id":"2204c54d-bcf5-4724-b480-be77e5646b87","job_count":1}
Jul 17 05:19:35 vithsutra kiosk-server[2006197]: {"time":"2026-07-17T05:19:35.721667347Z","level":"INFO","msg":"request","method":"GET","path":"/files/jobs/active","status":200,"bytes":2495,"duration_ms":262,"request_id":"vithsutra/yJhBRTSzdo-004576","remote_addr":"2401:4900:c90b:86ae:ad28:e7f5:8a4c:3082"}
Jul 17 05:19:56 vithsutra kiosk-server[2006197]: {"time":"2026-07-17T05:19:56.287262842Z","level":"WARN","msg":"token is invalid","code":"validation_error"}
Jul 17 05:19:56 vithsutra kiosk-server[2006197]: {"time":"2026-07-17T05:19:56.287356051Z","level":"INFO","msg":"request","method":"POST","path":"/print/jobs/token","status":400,"bytes":67,"duration_ms":0,"request_id":"vithsutra/yJhBRTSzdo-004577","remote_addr":"103.89.233.254"}
Jul 17 05:20:15 vithsutra kiosk-server[2006197]: {"time":"2026-07-17T05:20:15.870649545Z","level":"INFO","msg":"get job by token started","token":111111}
Jul 17 05:20:15 vithsutra kiosk-server[2006197]: {"time":"2026-07-17T05:20:15.923307068Z","level":"WARN","msg":"the token you entered is invalid","code":"invalid_token"}
Jul 17 05:20:15 vithsutra kiosk-server[2006197]: {"time":"2026-07-17T05:20:15.923422957Z","level":"INFO","msg":"request","method":"POST","path":"/print/jobs/token","status":404,"bytes":80,"duration_ms":52,"request_id":"vithsutra/yJhBRTSzdo-004578","remote_addr":"103.89.233.254"}
Jul 17 05:20:21 vithsutra kiosk-server[2006197]: {"time":"2026-07-17T05:20:21.827269629Z","level":"INFO","msg":"get job by token started","token":933333}
Jul 17 05:20:21 vithsutra kiosk-server[2006197]: {"time":"2026-07-17T05:20:21.880086678Z","level":"WARN","msg":"the token you entered is invalid","code":"invalid_token"}
Jul 17 05:20:21 vithsutra kiosk-server[2006197]: {"time":"2026-07-17T05:20:21.880133717Z","level":"INFO","msg":"request","method":"POST","path":"/print/jobs/token","status":404,"bytes":80,"duration_ms":52,"request_id":"vithsutra/yJhBRTSzdo-004579","remote_addr":"103.89.233.254"}
Jul 17 05:20:31 vithsutra kiosk-server[2006197]: {"time":"2026-07-17T05:20:31.64857651Z","level":"WARN","msg":"token is invalid","code":"validation_error"}
Jul 17 05:20:31 vithsutra kiosk-server[2006197]: {"time":"2026-07-17T05:20:31.648666184Z","level":"INFO","msg":"request","method":"POST","path":"/print/jobs/token","status":400,"bytes":67,"duration_ms":0,"request_id":"vithsutra/yJhBRTSzdo-004580","remote_addr":"103.89.233.254"}
Jul 17 05:21:50 vithsutra kiosk-server[2006197]: {"time":"2026-07-17T05:21:50.38002899Z","level":"INFO","msg":"get job by token started","token":255000}
Jul 17 05:21:50 vithsutra kiosk-server[2006197]: {"time":"2026-07-17T05:21:50.433439203Z","level":"WARN","msg":"the token you entered is invalid","code":"invalid_token"}
Jul 17 05:21:50 vithsutra kiosk-server[2006197]: {"time":"2026-07-17T05:21:50.433531072Z","level":"INFO","msg":"request","method":"POST","path":"/print/jobs/token","status":404,"bytes":80,"duration_ms":53,"request_id":"vithsutra/yJhBRTSzdo-004581","remote_addr":"103.89.233.254"}
Jul 17 05:22:09 vithsutra kiosk-server[2006197]: {"time":"2026-07-17T05:22:09.161463351Z","level":"INFO","msg":"get job by token started","token":114444}
Jul 17 05:22:10 vithsutra kiosk-server[2006197]: {"time":"2026-07-17T05:22:10.117727777Z","level":"WARN","msg":"the token you entered is invalid","code":"invalid_token"}
Jul 17 05:22:10 vithsutra kiosk-server[2006197]: {"time":"2026-07-17T05:22:10.117868176Z","level":"INFO","msg":"request","method":"POST","path":"/print/jobs/token","status":404,"bytes":80,"duration_ms":956,"request_id":"vithsutra/yJhBRTSzdo-004582","remote_addr":"103.89.233.254"}
Jul 17 05:22:29 vithsutra kiosk-server[2006197]: {"time":"2026-07-17T05:22:29.515608059Z","level":"WARN","msg":"token is invalid","code":"validation_error"}
Jul 17 05:22:29 vithsutra kiosk-server[2006197]: {"time":"2026-07-17T05:22:29.515692507Z","level":"INFO","msg":"request","method":"POST","path":"/print/jobs/token","status":400,"bytes":67,"duration_ms":0,"request_id":"vithsutra/yJhBRTSzdo-004583","remote_addr":"103.89.233.254"}
Jul 17 05:22:36 vithsutra kiosk-server[2006197]: {"time":"2026-07-17T05:22:36.440155223Z","level":"WARN","msg":"token is invalid","code":"validation_error"}
Jul 17 05:22:36 vithsutra kiosk-server[2006197]: {"time":"2026-07-17T05:22:36.440238962Z","level":"INFO","msg":"request","method":"POST","path":"/print/jobs/token","status":400,"bytes":67,"duration_ms":0,"request_id":"vithsutra/yJhBRTSzdo-004584","remote_addr":"103.89.233.254"}
Jul 17 05:26:08 vithsutra kiosk-server[2006197]: {"time":"2026-07-17T05:26:08.132653366Z","level":"INFO","msg":"get job by token started","token":489692}
Jul 17 05:26:09 vithsutra kiosk-server[2006197]: DEBUG PRESIGN GET URL: https://aiet-printflow-upload-prod.s3.ap-south-1.amazonaws.com/uploads/final/2204c54d-bcf5-4724-b480-be77e5646b87/18174776-02e0-4206-84dd-f0026e952515/1206e678-3ced-4d23-85ea-a793aa9a6303.pdf?X-Amz-Algorithm=AWS4-HMAC-SHA256&X-Amz-Checksum-Mode=ENABLED&X-Amz-Credential=AKIAURY6ZINDKCABHGV3%2F20260717%2Fap-south-1%2Fs3%2Faws4_request&X-Amz-Date=20260717T052609Z&X-Amz-Expires=900&X-Amz-SignedHeaders=host&x-id=GetObject&X-Amz-Signature=1d19d802b67eb7c9fa6a4d7cb4863710590def4bd97eb68e232ba419f282dfd3
Jul 17 05:26:09 vithsutra kiosk-server[2006197]: {"time":"2026-07-17T05:26:09.586662206Z","level":"INFO","msg":"final_Key_Bebugging","final_key:":"uploads/final/2204c54d-bcf5-4724-b480-be77e5646b87/18174776-02e0-4206-84dd-f0026e952515/1206e678-3ced-4d23-85ea-a793aa9a6303.pdf"}
Jul 17 05:26:09 vithsutra kiosk-server[2006197]: DEBUG PRESIGN GET URL: https://aiet-printflow-upload-prod.s3.ap-south-1.amazonaws.com/uploads/final/2204c54d-bcf5-4724-b480-be77e5646b87/18174776-02e0-4206-84dd-f0026e952515/8873d7a9-c007-4267-8f53-f78447317985.pdf?X-Amz-Algorithm=AWS4-HMAC-SHA256&X-Amz-Checksum-Mode=ENABLED&X-Amz-Credential=AKIAURY6ZINDKCABHGV3%2F20260717%2Fap-south-1%2Fs3%2Faws4_request&X-Amz-Date=20260717T052609Z&X-Amz-Expires=900&X-Amz-SignedHeaders=host&x-id=GetObject&X-Amz-Signature=0bff32a9bae6b3b648c01d950f2c31ad58b4b36651f5e6c645fd0c4e240cd77f
Jul 17 05:26:09 vithsutra kiosk-server[2006197]: {"time":"2026-07-17T05:26:09.586944847Z","level":"INFO","msg":"final_Key_Bebugging","final_key:":"uploads/final/2204c54d-bcf5-4724-b480-be77e5646b87/18174776-02e0-4206-84dd-f0026e952515/8873d7a9-c007-4267-8f53-f78447317985.pdf"}
Jul 17 05:26:09 vithsutra kiosk-server[2006197]: DEBUG PRESIGN GET URL: https://aiet-printflow-upload-prod.s3.ap-south-1.amazonaws.com/uploads/final/2204c54d-bcf5-4724-b480-be77e5646b87/18174776-02e0-4206-84dd-f0026e952515/436c987e-3df9-4f61-ad9a-9627797097f3.pdf?X-Amz-Algorithm=AWS4-HMAC-SHA256&X-Amz-Checksum-Mode=ENABLED&X-Amz-Credential=AKIAURY6ZINDKCABHGV3%2F20260717%2Fap-south-1%2Fs3%2Faws4_request&X-Amz-Date=20260717T052609Z&X-Amz-Expires=900&X-Amz-SignedHeaders=host&x-id=GetObject&X-Amz-Signature=c4f9aea080ba0c2c2587c550fa1686f6e934643092639f4e464c0ca03addbf87
Jul 17 05:26:09 vithsutra kiosk-server[2006197]: {"time":"2026-07-17T05:26:09.587167682Z","level":"INFO","msg":"final_Key_Bebugging","final_key:":"uploads/final/2204c54d-bcf5-4724-b480-be77e5646b87/18174776-02e0-4206-84dd-f0026e952515/436c987e-3df9-4f61-ad9a-9627797097f3.pdf"}
Jul 17 05:26:09 vithsutra kiosk-server[2006197]: DEBUG PRESIGN GET URL: https://aiet-printflow-upload-prod.s3.ap-south-1.amazonaws.com/uploads/final/2204c54d-bcf5-4724-b480-be77e5646b87/18174776-02e0-4206-84dd-f0026e952515/be235e0a-fd13-4ee3-bf98-78c30e6b8df3.pdf?X-Amz-Algorithm=AWS4-HMAC-SHA256&X-Amz-Checksum-Mode=ENABLED&X-Amz-Credential=AKIAURY6ZINDKCABHGV3%2F20260717%2Fap-south-1%2Fs3%2Faws4_request&X-Amz-Date=20260717T052609Z&X-Amz-Expires=900&X-Amz-SignedHeaders=host&x-id=GetObject&X-Amz-Signature=a333258ca78782d982a56f9deefbf93fb3c44551a80c07d90077635f2e0e336b
Jul 17 05:26:09 vithsutra kiosk-server[2006197]: {"time":"2026-07-17T05:26:09.587379098Z","level":"INFO","msg":"final_Key_Bebugging","final_key:":"uploads/final/2204c54d-bcf5-4724-b480-be77e5646b87/18174776-02e0-4206-84dd-f0026e952515/be235e0a-fd13-4ee3-bf98-78c30e6b8df3.pdf"}
Jul 17 05:26:09 vithsutra kiosk-server[2006197]: DEBUG PRESIGN GET URL: https://aiet-printflow-upload-prod.s3.ap-south-1.amazonaws.com/uploads/final/2204c54d-bcf5-4724-b480-be77e5646b87/18174776-02e0-4206-84dd-f0026e952515/6ecfe0ab-32f0-472b-b62d-7073ea53a1e8.pdf?X-Amz-Algorithm=AWS4-HMAC-SHA256&X-Amz-Checksum-Mode=ENABLED&X-Amz-Credential=AKIAURY6ZINDKCABHGV3%2F20260717%2Fap-south-1%2Fs3%2Faws4_request&X-Amz-Date=20260717T052609Z&X-Amz-Expires=900&X-Amz-SignedHeaders=host&x-id=GetObject&X-Amz-Signature=bc05da1e99c363b3ffdab8e62bc1bf867dbd2eabd09eb4b6312f2e70b4e8a723
Jul 17 05:26:09 vithsutra kiosk-server[2006197]: {"time":"2026-07-17T05:26:09.587586749Z","level":"INFO","msg":"final_Key_Bebugging","final_key:":"uploads/final/2204c54d-bcf5-4724-b480-be77e5646b87/18174776-02e0-4206-84dd-f0026e952515/6ecfe0ab-32f0-472b-b62d-7073ea53a1e8.pdf"}
Jul 17 05:26:09 vithsutra kiosk-server[2006197]: {"time":"2026-07-17T05:26:09.587604317Z","level":"INFO","msg":"get job by token completed","token":489692,"session_id":"18174776-02e0-4206-84dd-f0026e952515","file_count":5}
Jul 17 05:26:09 vithsutra kiosk-server[2006197]: {"time":"2026-07-17T05:26:09.58786927Z","level":"INFO","msg":"request","method":"POST","path":"/print/jobs/token","status":200,"bytes":4003,"duration_ms":1455,"request_id":"vithsutra/yJhBRTSzdo-004585","remote_addr":"103.89.233.254"}
Jul 17 05:26:37 vithsutra kiosk-server[2006197]: {"time":"2026-07-17T05:26:37.380746052Z","level":"INFO","msg":"expire session after printing started","session_id":"18174776-02e0-4206-84dd-f0026e952515"}
Jul 17 05:26:37 vithsutra kiosk-server[2006197]: {"time":"2026-07-17T05:26:37.65335022Z","level":"INFO","msg":"session marked completed","session_id":"18174776-02e0-4206-84dd-f0026e952515"}
Jul 17 05:26:37 vithsutra kiosk-server[2006197]: {"time":"2026-07-17T05:26:37.79134456Z","level":"WARN","msg":"no completed file found for session 18174776-02e0-4206-84dd-f0026e952515","code":"no_completed_file"}
Jul 17 05:26:37 vithsutra kiosk-server[2006197]: {"time":"2026-07-17T05:26:37.791449989Z","level":"INFO","msg":"request","method":"POST","path":"/print/jobs/expire","status":404,"bytes":124,"duration_ms":410,"request_id":"vithsutra/yJhBRTSzdo-004586","remote_addr":"103.89.233.254"}
Jul 17 05:26:50 vithsutra kiosk-server[2006197]: {"time":"2026-07-17T05:26:50.474144832Z","level":"INFO","msg":"expire session after printing started","session_id":"18174776-02e0-4206-84dd-f0026e952515"}
Jul 17 05:26:50 vithsutra kiosk-server[2006197]: {"time":"2026-07-17T05:26:50.542518117Z","level":"WARN","msg":"this session has already been completed","code":"session_already_completed"}
Jul 17 05:26:50 vithsutra kiosk-server[2006197]: {"time":"2026-07-17T05:26:50.542631132Z","level":"INFO","msg":"request","method":"POST","path":"/print/jobs/expire","status":400,"bytes":99,"duration_ms":68,"request_id":"vithsutra/yJhBRTSzdo-004587","remote_addr":"103.89.233.254"}
Jul 17 05:27:03 vithsutra kiosk-server[2006197]: {"time":"2026-07-17T05:27:03.753641159Z","level":"INFO","msg":"expire session after printing started","session_id":"18174776-02e0-4206-84dd-f0026e952515"}
Jul 17 05:27:03 vithsutra kiosk-server[2006197]: {"time":"2026-07-17T05:27:03.820828933Z","level":"WARN","msg":"this session has already been completed","code":"session_already_completed"}
Jul 17 05:27:03 vithsutra kiosk-server[2006197]: {"time":"2026-07-17T05:27:03.820951022Z","level":"INFO","msg":"request","method":"POST","path":"/print/jobs/expire","status":400,"bytes":99,"duration_ms":67,"request_id":"vithsutra/yJhBRTSzdo-004588","remote_addr":"103.89.233.254"}
Jul 17 05:27:16 vithsutra kiosk-server[2006197]: {"time":"2026-07-17T05:27:16.739295566Z","level":"INFO","msg":"expire session after printing started","session_id":"18174776-02e0-4206-84dd-f0026e952515"}
Jul 17 05:27:16 vithsutra kiosk-server[2006197]: {"time":"2026-07-17T05:27:16.807125623Z","level":"WARN","msg":"this session has already been completed","code":"session_already_completed"}
Jul 17 05:27:16 vithsutra kiosk-server[2006197]: {"time":"2026-07-17T05:27:16.807168729Z","level":"INFO","msg":"request","method":"POST","path":"/print/jobs/expire","status":400,"bytes":99,"duration_ms":67,"request_id":"vithsutra/yJhBRTSzdo-004589","remote_addr":"103.89.233.254"}
Jul 17 05:27:30 vithsutra kiosk-server[2006197]: {"time":"2026-07-17T05:27:30.071150018Z","level":"INFO","msg":"expire session after printing started","session_id":"18174776-02e0-4206-84dd-f0026e952515"}
Jul 17 05:27:30 vithsutra kiosk-server[2006197]: {"time":"2026-07-17T05:27:30.138826602Z","level":"WARN","msg":"this session has already been completed","code":"session_already_completed"}
Jul 17 05:27:30 vithsutra kiosk-server[2006197]: {"time":"2026-07-17T05:27:30.138963811Z","level":"INFO","msg":"request","method":"POST","path":"/print/jobs/expire","status":400,"bytes":99,"duration_ms":67,"request_id":"vithsutra/yJhBRTSzdo-004590","remote_addr":"103.89.233.254"}
Jul 17 05:27:42 vithsutra kiosk-server[2006197]: {"time":"2026-07-17T05:27:42.353302228Z","level":"INFO","msg":"get job by token started","token":196188}
Jul 17 05:27:42 vithsutra kiosk-server[2006197]: DEBUG PRESIGN GET URL: https://aiet-printflow-upload-prod.s3.ap-south-1.amazonaws.com/uploads/final/ad1c23f1-ba73-42e9-b807-743e5e8891eb/05c98283-8243-4fb6-822a-d2608be77427/44a735f3-b56a-4bed-9a31-4599698c109d.pdf?X-Amz-Algorithm=AWS4-HMAC-SHA256&X-Amz-Checksum-Mode=ENABLED&X-Amz-Credential=AKIAURY6ZINDKCABHGV3%2F20260717%2Fap-south-1%2Fs3%2Faws4_request&X-Amz-Date=20260717T052742Z&X-Amz-Expires=900&X-Amz-SignedHeaders=host&x-id=GetObject&X-Amz-Signature=b18f5e9b16e3a4a2dcd792ba1c120228263a31b20913e4479f810026e3e6490f
Jul 17 05:27:42 vithsutra kiosk-server[2006197]: {"time":"2026-07-17T05:27:42.490880059Z","level":"INFO","msg":"final_Key_Bebugging","final_key:":"uploads/final/ad1c23f1-ba73-42e9-b807-743e5e8891eb/05c98283-8243-4fb6-822a-d2608be77427/44a735f3-b56a-4bed-9a31-4599698c109d.pdf"}
Jul 17 05:27:42 vithsutra kiosk-server[2006197]: DEBUG PRESIGN GET URL: https://aiet-printflow-upload-prod.s3.ap-south-1.amazonaws.com/uploads/final/ad1c23f1-ba73-42e9-b807-743e5e8891eb/05c98283-8243-4fb6-822a-d2608be77427/e15067f3-c75a-4154-a3cd-239bd60fef3f.pdf?X-Amz-Algorithm=AWS4-HMAC-SHA256&X-Amz-Checksum-Mode=ENABLED&X-Amz-Credential=AKIAURY6ZINDKCABHGV3%2F20260717%2Fap-south-1%2Fs3%2Faws4_request&X-Amz-Date=20260717T052742Z&X-Amz-Expires=900&X-Amz-SignedHeaders=host&x-id=GetObject&X-Amz-Signature=0e47bc783275c07e040a28d02a0b35a8bca5654ea47bd2a966ad4c3cb917f024
Jul 17 05:27:42 vithsutra kiosk-server[2006197]: {"time":"2026-07-17T05:27:42.491241674Z","level":"INFO","msg":"final_Key_Bebugging","final_key:":"uploads/final/ad1c23f1-ba73-42e9-b807-743e5e8891eb/05c98283-8243-4fb6-822a-d2608be77427/e15067f3-c75a-4154-a3cd-239bd60fef3f.pdf"}
Jul 17 05:27:42 vithsutra kiosk-server[2006197]: {"time":"2026-07-17T05:27:42.491265865Z","level":"INFO","msg":"get job by token completed","token":196188,"session_id":"05c98283-8243-4fb6-822a-d2608be77427","file_count":2}
Jul 17 05:27:42 vithsutra kiosk-server[2006197]: {"time":"2026-07-17T05:27:42.491355783Z","level":"INFO","msg":"request","method":"POST","path":"/print/jobs/token","status":200,"bytes":1722,"duration_ms":138,"request_id":"vithsutra/yJhBRTSzdo-004591","remote_addr":"103.89.233.254"}
Jul 17 05:28:04 vithsutra kiosk-server[2006197]: {"time":"2026-07-17T05:28:04.356947576Z","level":"INFO","msg":"expire session after printing started","session_id":"05c98283-8243-4fb6-822a-d2608be77427"}
Jul 17 05:28:04 vithsutra kiosk-server[2006197]: {"time":"2026-07-17T05:28:04.493577985Z","level":"INFO","msg":"session marked completed","session_id":"05c98283-8243-4fb6-822a-d2608be77427"}
Jul 17 05:28:04 vithsutra kiosk-server[2006197]: {"time":"2026-07-17T05:28:04.562420464Z","level":"WARN","msg":"no completed file found for session 05c98283-8243-4fb6-822a-d2608be77427","code":"no_completed_file"}
Jul 17 05:28:04 vithsutra kiosk-server[2006197]: {"time":"2026-07-17T05:28:04.562509758Z","level":"INFO","msg":"request","method":"POST","path":"/print/jobs/expire","status":404,"bytes":124,"duration_ms":205,"request_id":"vithsutra/yJhBRTSzdo-004592","remote_addr":"103.89.233.254"}
Jul 17 05:28:21 vithsutra kiosk-server[2006197]: {"time":"2026-07-17T05:28:21.136166946Z","level":"INFO","msg":"expire session after printing started","session_id":"05c98283-8243-4fb6-822a-d2608be77427"}
Jul 17 05:28:21 vithsutra kiosk-server[2006197]: {"time":"2026-07-17T05:28:21.203947647Z","level":"WARN","msg":"this session has already been completed","code":"session_already_completed"}
Jul 17 05:28:21 vithsutra kiosk-server[2006197]: {"time":"2026-07-17T05:28:21.204069921Z","level":"INFO","msg":"request","method":"POST","path":"/print/jobs/expire","status":400,"bytes":99,"duration_ms":68,"request_id":"vithsutra/yJhBRTSzdo-004593","remote_addr":"103.89.233.254"}
Jul 17 05:31:05 vithsutra kiosk-server[2006197]: {"time":"2026-07-17T05:31:05.301528288Z","level":"INFO","msg":"request","method":"OPTIONS","path":"/files/upload/init","status":204,"bytes":0,"duration_ms":0,"request_id":"vithsutra/yJhBRTSzdo-004594","remote_addr":"2409:40f2:3007:be25:d1e7:d886:3388:3dc0"}
Jul 17 05:31:05 vithsutra kiosk-server[2006197]: {"time":"2026-07-17T05:31:05.453231175Z","level":"INFO","msg":"USERID","userId:":"2a7a1513-23d1-4b24-afd4-f610e34309dc"}
Jul 17 05:31:05 vithsutra kiosk-server[2006197]: {"time":"2026-07-17T05:31:05.453271711Z","level":"INFO","msg":"USEREMAIL","userEmail:":"afradm59@gmail.com"}
Jul 17 05:31:05 vithsutra kiosk-server[2006197]: {"time":"2026-07-17T05:31:05.45328711Z","level":"INFO","msg":"init upload started","user_id":"2a7a1513-23d1-4b24-afd4-f610e34309dc","file_count":1,"request_payload":{"files":[{"file_name":"updated resume.pdf","content_type":"application/pdf"}]}}
Jul 17 05:31:06 vithsutra kiosk-server[2006197]: {"time":"2026-07-17T05:31:06.773994486Z","level":"INFO","msg":"upload session created","session_id":"467aa4ca-df95-4992-970e-addc3fb13955","user_id":"2a7a1513-23d1-4b24-afd4-f610e34309dc","expires_at":"2026-07-24T05:31:06.63677509Z"}
Jul 17 05:31:06 vithsutra kiosk-server[2006197]: {"time":"2026-07-17T05:31:06.981982412Z","level":"INFO","msg":"init upload completed","session_id":"467aa4ca-df95-4992-970e-addc3fb13955","user_id":"2a7a1513-23d1-4b24-afd4-f610e34309dc","file_count":1}
Jul 17 05:31:06 vithsutra kiosk-server[2006197]: {"time":"2026-07-17T05:31:06.982211517Z","level":"INFO","msg":"request","method":"POST","path":"/files/upload/init","status":201,"bytes":976,"duration_ms":1529,"request_id":"vithsutra/yJhBRTSzdo-004595","remote_addr":"2409:40f2:3007:be25:d1e7:d886:3388:3dc0"}
Jul 17 05:31:07 vithsutra kiosk-server[2006197]: {"time":"2026-07-17T05:31:07.774907872Z","level":"INFO","msg":"request","method":"OPTIONS","path":"/files/upload/confirm","status":204,"bytes":0,"duration_ms":0,"request_id":"vithsutra/yJhBRTSzdo-004596","remote_addr":"2409:40f2:3007:be25:d1e7:d886:3388:3dc0"}
Jul 17 05:31:07 vithsutra kiosk-server[2006197]: {"time":"2026-07-17T05:31:07.909362297Z","level":"INFO","msg":"confirm upload started","session_id":"467aa4ca-df95-4992-970e-addc3fb13955","file_count":1}
Jul 17 05:31:08 vithsutra kiosk-server[2006197]: {"time":"2026-07-17T05:31:08.04542182Z","level":"INFO","msg":"session validated for confirm","session_id":"467aa4ca-df95-4992-970e-addc3fb13955","status":"created"}
Jul 17 05:31:08 vithsutra kiosk-server[2006197]: DEBUG HeadObject → bucket: aiet-printflow-upload-prod  key: uploads/staging/2a7a1513-23d1-4b24-afd4-f610e34309dc/467aa4ca-df95-4992-970e-addc3fb13955/640bf593-582a-4c45-9bd6-b5e382f6b2ec.pdf
Jul 17 05:31:08 vithsutra kiosk-server[2006197]: {"time":"2026-07-17T05:31:08.635387815Z","level":"INFO","msg":"file price calculated","price":1,"sheets":1,"num_of_pages":1,"copies":1,"page_layout":1,"printing_mode":"monochromatic","printing_side":"single_side"}
Jul 17 05:31:08 vithsutra kiosk-server[2006197]: {"time":"2026-07-17T05:31:08.635448913Z","level":"INFO","msg":"Total done bebug","TotalAmount:":1,"TotalSheetes:":1}
Jul 17 05:31:08 vithsutra kiosk-server[2006197]: {"time":"2026-07-17T05:31:08.635469839Z","level":"INFO","msg":"Page Range bebugging","page_range:":["1"]}
Jul 17 05:31:08 vithsutra kiosk-server[2006197]: {"time":"2026-07-17T05:31:08.635492135Z","level":"INFO","msg":"file confirmed","session_id":"467aa4ca-df95-4992-970e-addc3fb13955","file_id":"640bf593-582a-4c45-9bd6-b5e382f6b2ec","file_name":"updated resume.pdf","sheets":1,"price":1}
Jul 17 05:31:08 vithsutra kiosk-server[2006197]: DEBUG: PageRange in UpdateFileWithPrintOptions: [1]
Jul 17 05:31:09 vithsutra kiosk-server[2006197]: {"time":"2026-07-17T05:31:09.047955252Z","level":"INFO","msg":"confirm upload completed","session_id":"467aa4ca-df95-4992-970e-addc3fb13955","total_sheets":1,"total_amount":1}
Jul 17 05:31:09 vithsutra kiosk-server[2006197]: {"time":"2026-07-17T05:31:09.048107372Z","level":"INFO","msg":"request","method":"POST","path":"/files/upload/confirm","status":200,"bytes":352,"duration_ms":1139,"request_id":"vithsutra/yJhBRTSzdo-004597","remote_addr":"2409:40f2:3007:be25:d1e7:d886:3388:3dc0"}
Jul 17 05:31:09 vithsutra kiosk-server[2006197]: {"time":"2026-07-17T05:31:09.321526204Z","level":"INFO","msg":"request","method":"OPTIONS","path":"/payments/create","status":204,"bytes":0,"duration_ms":0,"request_id":"vithsutra/yJhBRTSzdo-004598","remote_addr":"2409:40f2:3007:be25:d1e7:d886:3388:3dc0"}
Jul 17 05:31:09 vithsutra kiosk-server[2006197]: {"time":"2026-07-17T05:31:09.445349966Z","level":"INFO","msg":"create payment order started","session_id":"467aa4ca-df95-4992-970e-addc3fb13955","amount_paise_frontend":100}
Jul 17 05:31:09 vithsutra kiosk-server[2006197]: {"time":"2026-07-17T05:31:09.939478574Z","level":"INFO","msg":"razorpay order created","session_id":"467aa4ca-df95-4992-970e-addc3fb13955","razorpay_order_id":"order_TESHUJL5vGvrxp","amount_paise":100}
Jul 17 05:31:10 vithsutra kiosk-server[2006197]: {"time":"2026-07-17T05:31:10.075330709Z","level":"INFO","msg":"create payment order completed","session_id":"467aa4ca-df95-4992-970e-addc3fb13955","payment_id":"baa505c9-f300-48e2-9711-9dd7f921a52d","razorpay_order_id":"order_TESHUJL5vGvrxp"}
Jul 17 05:31:10 vithsutra kiosk-server[2006197]: {"time":"2026-07-17T05:31:10.0753738Z","level":"INFO","msg":"Amount:","Amount_paise":100}
Jul 17 05:31:10 vithsutra kiosk-server[2006197]: {"time":"2026-07-17T05:31:10.075443727Z","level":"INFO","msg":"request","method":"POST","path":"/payments/create","status":201,"bytes":232,"duration_ms":630,"request_id":"vithsutra/yJhBRTSzdo-004599","remote_addr":"2409:40f2:3007:be25:d1e7:d886:3388:3dc0"}
Jul 17 05:31:32 vithsutra kiosk-server[2006197]: {"time":"2026-07-17T05:31:32.332330384Z","level":"INFO","msg":"webhook received","event":"payment.captured"}
Jul 17 05:31:32 vithsutra kiosk-server[2006197]: {"time":"2026-07-17T05:31:32.332366594Z","level":"INFO","msg":"processing payment success","razorpay_order_id":"order_TESHUJL5vGvrxp","razorpay_payment_id":"pay_TESHf92QrkdsoF"}
Jul 17 05:31:32 vithsutra kiosk-server[2006197]: {"time":"2026-07-17T05:31:32.980191492Z","level":"INFO","msg":"file promoted","session_id":"467aa4ca-df95-4992-970e-addc3fb13955","file_id":"640bf593-582a-4c45-9bd6-b5e382f6b2ec","final_key":"uploads/final/2a7a1513-23d1-4b24-afd4-f610e34309dc/467aa4ca-df95-4992-970e-addc3fb13955/640bf593-582a-4c45-9bd6-b5e382f6b2ec.pdf"}
Jul 17 05:31:33 vithsutra kiosk-server[2006197]: {"time":"2026-07-17T05:31:33.523905169Z","level":"INFO","msg":"payment success committed","session_id":"467aa4ca-df95-4992-970e-addc3fb13955","razorpay_order_id":"order_TESHUJL5vGvrxp","razorpay_payment_id":"pay_TESHf92QrkdsoF","files_promoted":1}
Jul 17 05:31:33 vithsutra kiosk-server[2006197]: {"time":"2026-07-17T05:31:33.524012235Z","level":"INFO","msg":"request","method":"POST","path":"/webhooks/razorpay","status":200,"bytes":21,"duration_ms":1191,"request_id":"vithsutra/yJhBRTSzdo-004600","remote_addr":"52.66.76.63"}
Jul 17 05:31:35 vithsutra kiosk-server[2006197]: {"time":"2026-07-17T05:31:35.219627965Z","level":"INFO","msg":"request","method":"OPTIONS","path":"/files/upload/init","status":204,"bytes":0,"duration_ms":0,"request_id":"vithsutra/yJhBRTSzdo-004601","remote_addr":"2401:4900:c922:9f5:56f8:d66a:114e:b08b"}
Jul 17 05:31:35 vithsutra kiosk-server[2006197]: {"time":"2026-07-17T05:31:35.448958527Z","level":"INFO","msg":"USERID","userId:":"ad1c23f1-ba73-42e9-b807-743e5e8891eb"}
Jul 17 05:31:35 vithsutra kiosk-server[2006197]: {"time":"2026-07-17T05:31:35.448998369Z","level":"INFO","msg":"USEREMAIL","userEmail:":"teju05tejas@gmail.com"}
Jul 17 05:31:35 vithsutra kiosk-server[2006197]: {"time":"2026-07-17T05:31:35.44901362Z","level":"INFO","msg":"init upload started","user_id":"ad1c23f1-ba73-42e9-b807-743e5e8891eb","file_count":1,"request_payload":{"files":[{"file_name":"1000200389.pdf","content_type":"application/pdf"}]}}
Jul 17 05:31:35 vithsutra kiosk-server[2006197]: {"time":"2026-07-17T05:31:35.583751046Z","level":"INFO","msg":"upload session created","session_id":"0891946f-7695-46ce-891a-22d0f4359131","user_id":"ad1c23f1-ba73-42e9-b807-743e5e8891eb","expires_at":"2026-07-24T05:31:35.516403203Z"}
Jul 17 05:31:35 vithsutra kiosk-server[2006197]: {"time":"2026-07-17T05:31:35.720965672Z","level":"INFO","msg":"init upload completed","session_id":"0891946f-7695-46ce-891a-22d0f4359131","user_id":"ad1c23f1-ba73-42e9-b807-743e5e8891eb","file_count":1}
Jul 17 05:31:35 vithsutra kiosk-server[2006197]: {"time":"2026-07-17T05:31:35.721214752Z","level":"INFO","msg":"request","method":"POST","path":"/files/upload/init","status":201,"bytes":973,"duration_ms":272,"request_id":"vithsutra/yJhBRTSzdo-004602","remote_addr":"2401:4900:c922:9f5:56f8:d66a:114e:b08b"}
Jul 17 05:31:36 vithsutra kiosk-server[2006197]: {"time":"2026-07-17T05:31:36.657513416Z","level":"INFO","msg":"request","method":"OPTIONS","path":"/files/upload/confirm","status":204,"bytes":0,"duration_ms":0,"request_id":"vithsutra/yJhBRTSzdo-004603","remote_addr":"2401:4900:c922:9f5:56f8:d66a:114e:b08b"}
Jul 17 05:31:36 vithsutra kiosk-server[2006197]: {"time":"2026-07-17T05:31:36.823856798Z","level":"INFO","msg":"confirm upload started","session_id":"0891946f-7695-46ce-891a-22d0f4359131","file_count":1}
Jul 17 05:31:36 vithsutra kiosk-server[2006197]: {"time":"2026-07-17T05:31:36.891883058Z","level":"INFO","msg":"session validated for confirm","session_id":"0891946f-7695-46ce-891a-22d0f4359131","status":"created"}
Jul 17 05:31:36 vithsutra kiosk-server[2006197]: DEBUG HeadObject → bucket: aiet-printflow-upload-prod  key: uploads/staging/ad1c23f1-ba73-42e9-b807-743e5e8891eb/0891946f-7695-46ce-891a-22d0f4359131/cd4ac4b5-9cf3-414c-8785-71b0f1463244.pdf
Jul 17 05:31:36 vithsutra kiosk-server[2006197]: {"time":"2026-07-17T05:31:36.992569391Z","level":"INFO","msg":"file price calculated","price":1,"sheets":1,"num_of_pages":1,"copies":1,"page_layout":1,"printing_mode":"monochromatic","printing_side":"single_side"}
Jul 17 05:31:36 vithsutra kiosk-server[2006197]: {"time":"2026-07-17T05:31:36.992634127Z","level":"INFO","msg":"Total done bebug","TotalAmount:":1,"TotalSheetes:":1}
Jul 17 05:31:36 vithsutra kiosk-server[2006197]: {"time":"2026-07-17T05:31:36.992656162Z","level":"INFO","msg":"Page Range bebugging","page_range:":["1"]}
Jul 17 05:31:36 vithsutra kiosk-server[2006197]: {"time":"2026-07-17T05:31:36.992678426Z","level":"INFO","msg":"file confirmed","session_id":"0891946f-7695-46ce-891a-22d0f4359131","file_id":"cd4ac4b5-9cf3-414c-8785-71b0f1463244","file_name":"1000200389.pdf","sheets":1,"price":1}
Jul 17 05:31:37 vithsutra kiosk-server[2006197]: DEBUG: PageRange in UpdateFileWithPrintOptions: [1]
Jul 17 05:31:37 vithsutra kiosk-server[2006197]: {"time":"2026-07-17T05:31:37.265436678Z","level":"INFO","msg":"confirm upload completed","session_id":"0891946f-7695-46ce-891a-22d0f4359131","total_sheets":1,"total_amount":1}
Jul 17 05:31:37 vithsutra kiosk-server[2006197]: {"time":"2026-07-17T05:31:37.265556741Z","level":"INFO","msg":"request","method":"POST","path":"/files/upload/confirm","status":200,"bytes":348,"duration_ms":441,"request_id":"vithsutra/yJhBRTSzdo-004604","remote_addr":"2401:4900:c922:9f5:56f8:d66a:114e:b08b"}
Jul 17 05:31:37 vithsutra kiosk-server[2006197]: {"time":"2026-07-17T05:31:37.467772203Z","level":"INFO","msg":"request","method":"OPTIONS","path":"/payments/create","status":204,"bytes":0,"duration_ms":0,"request_id":"vithsutra/yJhBRTSzdo-004605","remote_addr":"2401:4900:c922:9f5:56f8:d66a:114e:b08b"}
Jul 17 05:31:37 vithsutra kiosk-server[2006197]: {"time":"2026-07-17T05:31:37.618527299Z","level":"INFO","msg":"create payment order started","session_id":"0891946f-7695-46ce-891a-22d0f4359131","amount_paise_frontend":100}
Jul 17 05:31:37 vithsutra kiosk-server[2006197]: {"time":"2026-07-17T05:31:37.764898911Z","level":"INFO","msg":"razorpay order created","session_id":"0891946f-7695-46ce-891a-22d0f4359131","razorpay_order_id":"order_TESHyhq6SwEpAE","amount_paise":100}
Jul 17 05:31:37 vithsutra kiosk-server[2006197]: {"time":"2026-07-17T05:31:37.832698878Z","level":"INFO","msg":"create payment order completed","session_id":"0891946f-7695-46ce-891a-22d0f4359131","payment_id":"5c850a8d-1f2e-4273-9d4b-80c61f04d7cb","razorpay_order_id":"order_TESHyhq6SwEpAE"}
Jul 17 05:31:37 vithsutra kiosk-server[2006197]: {"time":"2026-07-17T05:31:37.832719749Z","level":"INFO","msg":"Amount:","Amount_paise":100}
Jul 17 05:31:37 vithsutra kiosk-server[2006197]: {"time":"2026-07-17T05:31:37.832776062Z","level":"INFO","msg":"request","method":"POST","path":"/payments/create","status":201,"bytes":232,"duration_ms":214,"request_id":"vithsutra/yJhBRTSzdo-004606","remote_addr":"2401:4900:c922:9f5:56f8:d66a:114e:b08b"}
Jul 17 05:31:39 vithsutra kiosk-server[2006197]: {"time":"2026-07-17T05:31:39.751275641Z","level":"INFO","msg":"request","method":"OPTIONS","path":"/payments/status/467aa4ca-df95-4992-970e-addc3fb13955","status":204,"bytes":0,"duration_ms":0,"request_id":"vithsutra/yJhBRTSzdo-004607","remote_addr":"2409:40f2:3007:be25:d1e7:d886:3388:3dc0"}
Jul 17 05:31:39 vithsutra kiosk-server[2006197]: {"time":"2026-07-17T05:31:39.879947853Z","level":"INFO","msg":"get job by session ID started","session_id":"467aa4ca-df95-4992-970e-addc3fb13955"}
Jul 17 05:31:39 vithsutra kiosk-server[2006197]: {"time":"2026-07-17T05:31:39.947650773Z","level":"INFO","msg":"Token Debugging","Token:":"678290"}
Jul 17 05:31:40 vithsutra kiosk-server[2006197]: {"time":"2026-07-17T05:31:40.017905918Z","level":"INFO","msg":"get job by session ID completed","session_id":"467aa4ca-df95-4992-970e-addc3fb13955","file_count":1}
Jul 17 05:31:40 vithsutra kiosk-server[2006197]: {"time":"2026-07-17T05:31:40.018030212Z","level":"INFO","msg":"request","method":"GET","path":"/payments/status/467aa4ca-df95-4992-970e-addc3fb13955","status":200,"bytes":685,"duration_ms":138,"request_id":"vithsutra/yJhBRTSzdo-004608","remote_addr":"2409:40f2:3007:be25:d1e7:d886:3388:3dc0"}
Jul 17 05:31:46 vithsutra kiosk-server[2006197]: {"time":"2026-07-17T05:31:46.382418269Z","level":"INFO","msg":"get job by token started","token":678290}
Jul 17 05:31:46 vithsutra kiosk-server[2006197]: DEBUG PRESIGN GET URL: https://aiet-printflow-upload-prod.s3.ap-south-1.amazonaws.com/uploads/final/2a7a1513-23d1-4b24-afd4-f610e34309dc/467aa4ca-df95-4992-970e-addc3fb13955/640bf593-582a-4c45-9bd6-b5e382f6b2ec.pdf?X-Amz-Algorithm=AWS4-HMAC-SHA256&X-Amz-Checksum-Mode=ENABLED&X-Amz-Credential=AKIAURY6ZINDKCABHGV3%2F20260717%2Fap-south-1%2Fs3%2Faws4_request&X-Amz-Date=20260717T053146Z&X-Amz-Expires=900&X-Amz-SignedHeaders=host&x-id=GetObject&X-Amz-Signature=158b3bd91bb335cb0971a1f8592d2b812ca44f45e804d03f015f61e19a5276a5
Jul 17 05:31:46 vithsutra kiosk-server[2006197]: {"time":"2026-07-17T05:31:46.587595756Z","level":"INFO","msg":"final_Key_Bebugging","final_key:":"uploads/final/2a7a1513-23d1-4b24-afd4-f610e34309dc/467aa4ca-df95-4992-970e-addc3fb13955/640bf593-582a-4c45-9bd6-b5e382f6b2ec.pdf"}
Jul 17 05:31:46 vithsutra kiosk-server[2006197]: {"time":"2026-07-17T05:31:46.58762137Z","level":"INFO","msg":"get job by token completed","token":678290,"session_id":"467aa4ca-df95-4992-970e-addc3fb13955","file_count":1}
Jul 17 05:31:46 vithsutra kiosk-server[2006197]: {"time":"2026-07-17T05:31:46.587698139Z","level":"INFO","msg":"request","method":"POST","path":"/print/jobs/token","status":200,"bytes":951,"duration_ms":205,"request_id":"vithsutra/yJhBRTSzdo-004609","remote_addr":"103.89.233.254"}
Jul 17 05:32:07 vithsutra kiosk-server[2006197]: {"time":"2026-07-17T05:32:07.626947826Z","level":"INFO","msg":"webhook received","event":"payment.captured"}
Jul 17 05:32:07 vithsutra kiosk-server[2006197]: {"time":"2026-07-17T05:32:07.627139443Z","level":"INFO","msg":"processing payment success","razorpay_order_id":"order_TESHyhq6SwEpAE","razorpay_payment_id":"pay_TESI4dttyF9sq3"}
Jul 17 05:32:08 vithsutra kiosk-server[2006197]: {"time":"2026-07-17T05:32:08.040042856Z","level":"INFO","msg":"file promoted","session_id":"0891946f-7695-46ce-891a-22d0f4359131","file_id":"cd4ac4b5-9cf3-414c-8785-71b0f1463244","final_key":"uploads/final/ad1c23f1-ba73-42e9-b807-743e5e8891eb/0891946f-7695-46ce-891a-22d0f4359131/cd4ac4b5-9cf3-414c-8785-71b0f1463244.pdf"}
Jul 17 05:32:08 vithsutra kiosk-server[2006197]: {"time":"2026-07-17T05:32:08.380216935Z","level":"INFO","msg":"payment success committed","session_id":"0891946f-7695-46ce-891a-22d0f4359131","razorpay_order_id":"order_TESHyhq6SwEpAE","razorpay_payment_id":"pay_TESI4dttyF9sq3","files_promoted":1}
Jul 17 05:32:08 vithsutra kiosk-server[2006197]: {"time":"2026-07-17T05:32:08.380356811Z","level":"INFO","msg":"request","method":"POST","path":"/webhooks/razorpay","status":200,"bytes":21,"duration_ms":753,"request_id":"vithsutra/yJhBRTSzdo-004610","remote_addr":"52.66.76.63"}
Jul 17 05:32:16 vithsutra kiosk-server[2006197]: {"time":"2026-07-17T05:32:16.343891672Z","level":"INFO","msg":"request","method":"OPTIONS","path":"/payments/status/0891946f-7695-46ce-891a-22d0f4359131","status":204,"bytes":0,"duration_ms":0,"request_id":"vithsutra/yJhBRTSzdo-004611","remote_addr":"2401:4900:c922:9f5:56f8:d66a:114e:b08b"}
Jul 17 05:32:16 vithsutra kiosk-server[2006197]: {"time":"2026-07-17T05:32:16.715910517Z","level":"INFO","msg":"get job by session ID started","session_id":"0891946f-7695-46ce-891a-22d0f4359131"}
Jul 17 05:32:16 vithsutra kiosk-server[2006197]: {"time":"2026-07-17T05:32:16.783178018Z","level":"INFO","msg":"Token Debugging","Token:":"420853"}
Jul 17 05:32:16 vithsutra kiosk-server[2006197]: {"time":"2026-07-17T05:32:16.852032381Z","level":"INFO","msg":"get job by session ID completed","session_id":"0891946f-7695-46ce-891a-22d0f4359131","file_count":1}
Jul 17 05:32:16 vithsutra kiosk-server[2006197]: {"time":"2026-07-17T05:32:16.852217116Z","level":"INFO","msg":"request","method":"GET","path":"/payments/status/0891946f-7695-46ce-891a-22d0f4359131","status":200,"bytes":681,"duration_ms":136,"request_id":"vithsutra/yJhBRTSzdo-004612","remote_addr":"2401:4900:c922:9f5:56f8:d66a:114e:b08b"}
Jul 17 05:32:21 vithsutra kiosk-server[2006197]: {"time":"2026-07-17T05:32:21.179008441Z","level":"INFO","msg":"expire session after printing started","session_id":"467aa4ca-df95-4992-970e-addc3fb13955"}
Jul 17 05:32:21 vithsutra kiosk-server[2006197]: {"time":"2026-07-17T05:32:21.385571465Z","level":"INFO","msg":"session marked completed","session_id":"467aa4ca-df95-4992-970e-addc3fb13955"}
Jul 17 05:32:21 vithsutra kiosk-server[2006197]: {"time":"2026-07-17T05:32:21.523020222Z","level":"WARN","msg":"no completed file found for session 467aa4ca-df95-4992-970e-addc3fb13955","code":"no_completed_file"}
Jul 17 05:32:21 vithsutra kiosk-server[2006197]: {"time":"2026-07-17T05:32:21.523574058Z","level":"INFO","msg":"request","method":"POST","path":"/print/jobs/expire","status":404,"bytes":124,"duration_ms":344,"request_id":"vithsutra/yJhBRTSzdo-004613","remote_addr":"103.89.233.254"}
Jul 17 05:32:32 vithsutra kiosk-server[2006197]: {"time":"2026-07-17T05:32:32.73753032Z","level":"INFO","msg":"get job by token started","token":420853}
Jul 17 05:32:32 vithsutra kiosk-server[2006197]: DEBUG PRESIGN GET URL: https://aiet-printflow-upload-prod.s3.ap-south-1.amazonaws.com/uploads/final/ad1c23f1-ba73-42e9-b807-743e5e8891eb/0891946f-7695-46ce-891a-22d0f4359131/cd4ac4b5-9cf3-414c-8785-71b0f1463244.pdf?X-Amz-Algorithm=AWS4-HMAC-SHA256&X-Amz-Checksum-Mode=ENABLED&X-Amz-Credential=AKIAURY6ZINDKCABHGV3%2F20260717%2Fap-south-1%2Fs3%2Faws4_request&X-Amz-Date=20260717T053232Z&X-Amz-Expires=900&X-Amz-SignedHeaders=host&x-id=GetObject&X-Amz-Signature=506eb7b0115b6bc07c28b153ab36b3445e97767ab8fc3599763d5d0589576538
Jul 17 05:32:32 vithsutra kiosk-server[2006197]: {"time":"2026-07-17T05:32:32.879194909Z","level":"INFO","msg":"final_Key_Bebugging","final_key:":"uploads/final/ad1c23f1-ba73-42e9-b807-743e5e8891eb/0891946f-7695-46ce-891a-22d0f4359131/cd4ac4b5-9cf3-414c-8785-71b0f1463244.pdf"}
Jul 17 05:32:32 vithsutra kiosk-server[2006197]: {"time":"2026-07-17T05:32:32.879225545Z","level":"INFO","msg":"get job by token completed","token":420853,"session_id":"0891946f-7695-46ce-891a-22d0f4359131","file_count":1}
Jul 17 05:32:32 vithsutra kiosk-server[2006197]: {"time":"2026-07-17T05:32:32.879311129Z","level":"INFO","msg":"request","method":"POST","path":"/print/jobs/token","status":200,"bytes":947,"duration_ms":141,"request_id":"vithsutra/yJhBRTSzdo-004614","remote_addr":"103.89.233.254"}
Jul 17 05:32:45 vithsutra kiosk-server[2006197]: {"time":"2026-07-17T05:32:45.186679689Z","level":"INFO","msg":"expire session after printing started","session_id":"0891946f-7695-46ce-891a-22d0f4359131"}
Jul 17 05:32:45 vithsutra kiosk-server[2006197]: {"time":"2026-07-17T05:32:45.322240123Z","level":"INFO","msg":"session marked completed","session_id":"0891946f-7695-46ce-891a-22d0f4359131"}
Jul 17 05:32:45 vithsutra kiosk-server[2006197]: {"time":"2026-07-17T05:32:45.390391679Z","level":"WARN","msg":"no completed file found for session 0891946f-7695-46ce-891a-22d0f4359131","code":"no_completed_file"}
Jul 17 05:32:45 vithsutra kiosk-server[2006197]: {"time":"2026-07-17T05:32:45.390513472Z","level":"INFO","msg":"request","method":"POST","path":"/print/jobs/expire","status":404,"bytes":124,"duration_ms":203,"request_id":"vithsutra/yJhBRTSzdo-004615","remote_addr":"103.89.233.254"}
Jul 17 05:44:24 vithsutra kiosk-server[2006197]: {"time":"2026-07-17T05:44:24.022309159Z","level":"INFO","msg":"request","method":"OPTIONS","path":"/files/upload/init","status":204,"bytes":0,"duration_ms":0,"request_id":"vithsutra/yJhBRTSzdo-004616","remote_addr":"2409:40f2:3010:1ae9:e0e3:e8ff:feef:b87a"}
Jul 17 05:44:24 vithsutra kiosk-server[2006197]: {"time":"2026-07-17T05:44:24.242321194Z","level":"INFO","msg":"USERID","userId:":"fc99ce26-acdf-498d-83b7-74b0ea5540b8"}
Jul 17 05:44:24 vithsutra kiosk-server[2006197]: {"time":"2026-07-17T05:44:24.242365697Z","level":"INFO","msg":"USEREMAIL","userEmail:":"santhoshrkarna@gmail.com"}
Jul 17 05:44:24 vithsutra kiosk-server[2006197]: {"time":"2026-07-17T05:44:24.242381864Z","level":"INFO","msg":"init upload started","user_id":"fc99ce26-acdf-498d-83b7-74b0ea5540b8","file_count":1,"request_payload":{"files":[{"file_name":"Santhosh Java Resume.pdf","content_type":"application/pdf"}]}}
Jul 17 05:44:26 vithsutra kiosk-server[2006197]: {"time":"2026-07-17T05:44:26.469991066Z","level":"INFO","msg":"upload session created","session_id":"515b10ed-cac7-4d57-8261-a74faf795edf","user_id":"fc99ce26-acdf-498d-83b7-74b0ea5540b8","expires_at":"2026-07-24T05:44:26.364707233Z"}
Jul 17 05:44:26 vithsutra kiosk-server[2006197]: {"time":"2026-07-17T05:44:26.628307222Z","level":"INFO","msg":"init upload completed","session_id":"515b10ed-cac7-4d57-8261-a74faf795edf","user_id":"fc99ce26-acdf-498d-83b7-74b0ea5540b8","file_count":1}
Jul 17 05:44:26 vithsutra kiosk-server[2006197]: {"time":"2026-07-17T05:44:26.628471298Z","level":"INFO","msg":"request","method":"POST","path":"/files/upload/init","status":201,"bytes":983,"duration_ms":2386,"request_id":"vithsutra/yJhBRTSzdo-004617","remote_addr":"2409:40f2:3010:1ae9:e0e3:e8ff:feef:b87a"}
Jul 17 05:44:27 vithsutra kiosk-server[2006197]: {"time":"2026-07-17T05:44:27.686554228Z","level":"INFO","msg":"request","method":"OPTIONS","path":"/files/upload/confirm","status":204,"bytes":0,"duration_ms":0,"request_id":"vithsutra/yJhBRTSzdo-004618","remote_addr":"2409:40f2:3010:1ae9:e0e3:e8ff:feef:b87a"}
Jul 17 05:44:27 vithsutra kiosk-server[2006197]: {"time":"2026-07-17T05:44:27.844775598Z","level":"INFO","msg":"confirm upload started","session_id":"515b10ed-cac7-4d57-8261-a74faf795edf","file_count":1}
Jul 17 05:44:27 vithsutra kiosk-server[2006197]: {"time":"2026-07-17T05:44:27.949079302Z","level":"INFO","msg":"session validated for confirm","session_id":"515b10ed-cac7-4d57-8261-a74faf795edf","status":"created"}
Jul 17 05:44:28 vithsutra kiosk-server[2006197]: DEBUG HeadObject → bucket: aiet-printflow-upload-prod  key: uploads/staging/fc99ce26-acdf-498d-83b7-74b0ea5540b8/515b10ed-cac7-4d57-8261-a74faf795edf/377140f9-0e6d-41cf-8eae-7a1a66c7e16a.pdf
Jul 17 05:44:28 vithsutra kiosk-server[2006197]: {"time":"2026-07-17T05:44:28.489034346Z","level":"INFO","msg":"file price calculated","price":1,"sheets":1,"num_of_pages":1,"copies":1,"page_layout":1,"printing_mode":"monochromatic","printing_side":"single_side"}
Jul 17 05:44:28 vithsutra kiosk-server[2006197]: {"time":"2026-07-17T05:44:28.489090433Z","level":"INFO","msg":"Total done bebug","TotalAmount:":1,"TotalSheetes:":1}
Jul 17 05:44:28 vithsutra kiosk-server[2006197]: {"time":"2026-07-17T05:44:28.489108617Z","level":"INFO","msg":"Page Range bebugging","page_range:":["1"]}
Jul 17 05:44:28 vithsutra kiosk-server[2006197]: {"time":"2026-07-17T05:44:28.489129805Z","level":"INFO","msg":"file confirmed","session_id":"515b10ed-cac7-4d57-8261-a74faf795edf","file_id":"377140f9-0e6d-41cf-8eae-7a1a66c7e16a","file_name":"Santhosh Java Resume.pdf","sheets":1,"price":1}
Jul 17 05:44:28 vithsutra kiosk-server[2006197]: DEBUG: PageRange in UpdateFileWithPrintOptions: [1]
Jul 17 05:44:28 vithsutra kiosk-server[2006197]: {"time":"2026-07-17T05:44:28.802573312Z","level":"INFO","msg":"confirm upload completed","session_id":"515b10ed-cac7-4d57-8261-a74faf795edf","total_sheets":1,"total_amount":1}
Jul 17 05:44:28 vithsutra kiosk-server[2006197]: {"time":"2026-07-17T05:44:28.802642906Z","level":"INFO","msg":"request","method":"POST","path":"/files/upload/confirm","status":200,"bytes":358,"duration_ms":958,"request_id":"vithsutra/yJhBRTSzdo-004619","remote_addr":"2409:40f2:3010:1ae9:e0e3:e8ff:feef:b87a"}
Jul 17 05:44:28 vithsutra kiosk-server[2006197]: {"time":"2026-07-17T05:44:28.967498991Z","level":"INFO","msg":"request","method":"OPTIONS","path":"/payments/create","status":204,"bytes":0,"duration_ms":0,"request_id":"vithsutra/yJhBRTSzdo-004620","remote_addr":"2409:40f2:3010:1ae9:e0e3:e8ff:feef:b87a"}
Jul 17 05:44:29 vithsutra kiosk-server[2006197]: {"time":"2026-07-17T05:44:29.112662686Z","level":"INFO","msg":"create payment order started","session_id":"515b10ed-cac7-4d57-8261-a74faf795edf","amount_paise_frontend":100}
Jul 17 05:44:29 vithsutra kiosk-server[2006197]: {"time":"2026-07-17T05:44:29.460896335Z","level":"INFO","msg":"razorpay order created","session_id":"515b10ed-cac7-4d57-8261-a74faf795edf","razorpay_order_id":"order_TESVZ2vzpTTADf","amount_paise":100}
Jul 17 05:44:29 vithsutra kiosk-server[2006197]: {"time":"2026-07-17T05:44:29.565924565Z","level":"INFO","msg":"create payment order completed","session_id":"515b10ed-cac7-4d57-8261-a74faf795edf","payment_id":"51fd1cc6-1bb9-47be-8551-aa85fe434944","razorpay_order_id":"order_TESVZ2vzpTTADf"}
Jul 17 05:44:29 vithsutra kiosk-server[2006197]: {"time":"2026-07-17T05:44:29.56597554Z","level":"INFO","msg":"Amount:","Amount_paise":100}
Jul 17 05:44:29 vithsutra kiosk-server[2006197]: {"time":"2026-07-17T05:44:29.566064188Z","level":"INFO","msg":"request","method":"POST","path":"/payments/create","status":201,"bytes":232,"duration_ms":453,"request_id":"vithsutra/yJhBRTSzdo-004621","remote_addr":"2409:40f2:3010:1ae9:e0e3:e8ff:feef:b87a"}
Jul 17 05:44:49 vithsutra kiosk-server[2006197]: {"time":"2026-07-17T05:44:49.696201842Z","level":"INFO","msg":"webhook received","event":"payment.captured"}
Jul 17 05:44:49 vithsutra kiosk-server[2006197]: {"time":"2026-07-17T05:44:49.696249428Z","level":"INFO","msg":"processing payment success","razorpay_order_id":"order_TESVZ2vzpTTADf","razorpay_payment_id":"pay_TESVezVu1Rd7P5"}
Jul 17 05:44:50 vithsutra kiosk-server[2006197]: {"time":"2026-07-17T05:44:50.142217478Z","level":"INFO","msg":"file promoted","session_id":"515b10ed-cac7-4d57-8261-a74faf795edf","file_id":"377140f9-0e6d-41cf-8eae-7a1a66c7e16a","final_key":"uploads/final/fc99ce26-acdf-498d-83b7-74b0ea5540b8/515b10ed-cac7-4d57-8261-a74faf795edf/377140f9-0e6d-41cf-8eae-7a1a66c7e16a.pdf"}
Jul 17 05:44:50 vithsutra kiosk-server[2006197]: {"time":"2026-07-17T05:44:50.557700017Z","level":"INFO","msg":"payment success committed","session_id":"515b10ed-cac7-4d57-8261-a74faf795edf","razorpay_order_id":"order_TESVZ2vzpTTADf","razorpay_payment_id":"pay_TESVezVu1Rd7P5","files_promoted":1}
Jul 17 05:44:50 vithsutra kiosk-server[2006197]: {"time":"2026-07-17T05:44:50.557812506Z","level":"INFO","msg":"request","method":"POST","path":"/webhooks/razorpay","status":200,"bytes":21,"duration_ms":861,"request_id":"vithsutra/yJhBRTSzdo-004622","remote_addr":"52.66.75.174"}
Jul 17 05:45:05 vithsutra kiosk-server[2006197]: {"time":"2026-07-17T05:45:05.602785185Z","level":"INFO","msg":"request","method":"OPTIONS","path":"/payments/status/515b10ed-cac7-4d57-8261-a74faf795edf","status":204,"bytes":0,"duration_ms":0,"request_id":"vithsutra/yJhBRTSzdo-004623","remote_addr":"2409:40f2:3010:1ae9:e0e3:e8ff:feef:b87a"}
Jul 17 05:45:05 vithsutra kiosk-server[2006197]: {"time":"2026-07-17T05:45:05.739531344Z","level":"INFO","msg":"get job by session ID started","session_id":"515b10ed-cac7-4d57-8261-a74faf795edf"}
Jul 17 05:45:05 vithsutra kiosk-server[2006197]: {"time":"2026-07-17T05:45:05.791713469Z","level":"INFO","msg":"Token Debugging","Token:":"982222"}
Jul 17 05:45:05 vithsutra kiosk-server[2006197]: {"time":"2026-07-17T05:45:05.845888065Z","level":"INFO","msg":"get job by session ID completed","session_id":"515b10ed-cac7-4d57-8261-a74faf795edf","file_count":1}
Jul 17 05:45:05 vithsutra kiosk-server[2006197]: {"time":"2026-07-17T05:45:05.846039097Z","level":"INFO","msg":"request","method":"GET","path":"/payments/status/515b10ed-cac7-4d57-8261-a74faf795edf","status":200,"bytes":691,"duration_ms":106,"request_id":"vithsutra/yJhBRTSzdo-004624","remote_addr":"2409:40f2:3010:1ae9:e0e3:e8ff:feef:b87a"}
Jul 17 05:45:13 vithsutra kiosk-server[2006197]: {"time":"2026-07-17T05:45:13.856922459Z","level":"INFO","msg":"get job by token started","token":982222}
Jul 17 05:45:14 vithsutra kiosk-server[2006197]: DEBUG PRESIGN GET URL: https://aiet-printflow-upload-prod.s3.ap-south-1.amazonaws.com/uploads/final/fc99ce26-acdf-498d-83b7-74b0ea5540b8/515b10ed-cac7-4d57-8261-a74faf795edf/377140f9-0e6d-41cf-8eae-7a1a66c7e16a.pdf?X-Amz-Algorithm=AWS4-HMAC-SHA256&X-Amz-Checksum-Mode=ENABLED&X-Amz-Credential=AKIAURY6ZINDKCABHGV3%2F20260717%2Fap-south-1%2Fs3%2Faws4_request&X-Amz-Date=20260717T054514Z&X-Amz-Expires=900&X-Amz-SignedHeaders=host&x-id=GetObject&X-Amz-Signature=56143f9bdfefec4ab2c0f107b113201e32b8a6ce443eb899771a0e32065a1b39
Jul 17 05:45:14 vithsutra kiosk-server[2006197]: {"time":"2026-07-17T05:45:14.016603605Z","level":"INFO","msg":"final_Key_Bebugging","final_key:":"uploads/final/fc99ce26-acdf-498d-83b7-74b0ea5540b8/515b10ed-cac7-4d57-8261-a74faf795edf/377140f9-0e6d-41cf-8eae-7a1a66c7e16a.pdf"}
Jul 17 05:45:14 vithsutra kiosk-server[2006197]: {"time":"2026-07-17T05:45:14.016627752Z","level":"INFO","msg":"get job by token completed","token":982222,"session_id":"515b10ed-cac7-4d57-8261-a74faf795edf","file_count":1}
Jul 17 05:45:14 vithsutra kiosk-server[2006197]: {"time":"2026-07-17T05:45:14.016710327Z","level":"INFO","msg":"request","method":"POST","path":"/print/jobs/token","status":200,"bytes":957,"duration_ms":159,"request_id":"vithsutra/yJhBRTSzdo-004625","remote_addr":"103.89.233.254"}
Jul 17 05:45:38 vithsutra kiosk-server[2006197]: {"time":"2026-07-17T05:45:38.337064027Z","level":"INFO","msg":"expire session after printing started","session_id":"515b10ed-cac7-4d57-8261-a74faf795edf"}
Jul 17 05:45:38 vithsutra kiosk-server[2006197]: {"time":"2026-07-17T05:45:38.493611459Z","level":"INFO","msg":"session marked completed","session_id":"515b10ed-cac7-4d57-8261-a74faf795edf"}
Jul 17 05:45:38 vithsutra kiosk-server[2006197]: {"time":"2026-07-17T05:45:38.598739503Z","level":"WARN","msg":"no completed file found for session 515b10ed-cac7-4d57-8261-a74faf795edf","code":"no_completed_file"}
Jul 17 05:45:38 vithsutra kiosk-server[2006197]: {"time":"2026-07-17T05:45:38.598919746Z","level":"INFO","msg":"request","method":"POST","path":"/print/jobs/expire","status":404,"bytes":124,"duration_ms":261,"request_id":"vithsutra/yJhBRTSzdo-004626","remote_addr":"103.89.233.254"}
Jul 17 05:49:09 vithsutra kiosk-server[2006197]: {"time":"2026-07-17T05:49:09.718789607Z","level":"INFO","msg":"request","method":"OPTIONS","path":"/auth/google","status":204,"bytes":0,"duration_ms":0,"request_id":"vithsutra/yJhBRTSzdo-004627","remote_addr":"2401:4900:91f9:d304:d8fd:4eff:fe8a:6517"}
Jul 17 05:49:09 vithsutra kiosk-server[2006197]: {"time":"2026-07-17T05:49:09.896675865Z","level":"INFO","msg":"google auth started"}
Jul 17 05:49:09 vithsutra kiosk-server[2006197]: {"time":"2026-07-17T05:49:09.897065571Z","level":"INFO","msg":"google token verified","google_id":"111284937478060240889","email":"sandeepgt45@gmail.com"}
Jul 17 05:49:10 vithsutra kiosk-server[2006197]: {"time":"2026-07-17T05:49:10.891575107Z","level":"INFO","msg":"new user — creating account","google_id":"111284937478060240889","email":"sandeepgt45@gmail.com"}
Jul 17 05:49:10 vithsutra kiosk-server[2006197]: {"time":"2026-07-17T05:49:10.998505947Z","level":"INFO","msg":"new user created","user_id":"fc56f647-96f4-4569-a375-2233e787ac5a","email":"sandeepgt45@gmail.com"}
Jul 17 05:49:10 vithsutra kiosk-server[2006197]: {"time":"2026-07-17T05:49:10.998631024Z","level":"INFO","msg":"google auth completed","user_id":"fc56f647-96f4-4569-a375-2233e787ac5a","email":"sandeepgt45@gmail.com"}
Jul 17 05:49:10 vithsutra kiosk-server[2006197]: {"time":"2026-07-17T05:49:10.998704238Z","level":"INFO","msg":"request","method":"POST","path":"/auth/google","status":200,"bytes":441,"duration_ms":1102,"request_id":"vithsutra/yJhBRTSzdo-004628","remote_addr":"2401:4900:91f9:d304:d8fd:4eff:fe8a:6517"}
Jul 17 05:50:28 vithsutra kiosk-server[2006197]: {"time":"2026-07-17T05:50:28.929175105Z","level":"INFO","msg":"request","method":"OPTIONS","path":"/files/upload/init","status":204,"bytes":0,"duration_ms":0,"request_id":"vithsutra/yJhBRTSzdo-004629","remote_addr":"2401:4900:91f9:d304:d8fd:4eff:fe8a:6517"}
Jul 17 05:50:29 vithsutra kiosk-server[2006197]: {"time":"2026-07-17T05:50:29.097857113Z","level":"INFO","msg":"USERID","userId:":"fc56f647-96f4-4569-a375-2233e787ac5a"}
Jul 17 05:50:29 vithsutra kiosk-server[2006197]: {"time":"2026-07-17T05:50:29.097900608Z","level":"INFO","msg":"USEREMAIL","userEmail:":"sandeepgt45@gmail.com"}
Jul 17 05:50:29 vithsutra kiosk-server[2006197]: {"time":"2026-07-17T05:50:29.097915164Z","level":"INFO","msg":"init upload started","user_id":"fc56f647-96f4-4569-a375-2233e787ac5a","file_count":1,"request_payload":{"files":[{"file_name":"gttt.pdf","content_type":"application/pdf"}]}}
Jul 17 05:50:29 vithsutra kiosk-server[2006197]: {"time":"2026-07-17T05:50:29.262066652Z","level":"INFO","msg":"upload session created","session_id":"c03a1f0a-e1cc-40b2-9222-3d82ec719952","user_id":"fc56f647-96f4-4569-a375-2233e787ac5a","expires_at":"2026-07-24T05:50:29.152152529Z"}
Jul 17 05:50:29 vithsutra kiosk-server[2006197]: {"time":"2026-07-17T05:50:29.427929777Z","level":"INFO","msg":"init upload completed","session_id":"c03a1f0a-e1cc-40b2-9222-3d82ec719952","user_id":"fc56f647-96f4-4569-a375-2233e787ac5a","file_count":1}
Jul 17 05:50:29 vithsutra kiosk-server[2006197]: {"time":"2026-07-17T05:50:29.428120548Z","level":"INFO","msg":"request","method":"POST","path":"/files/upload/init","status":201,"bytes":967,"duration_ms":330,"request_id":"vithsutra/yJhBRTSzdo-004630","remote_addr":"2401:4900:91f9:d304:d8fd:4eff:fe8a:6517"}
Jul 17 05:50:31 vithsutra kiosk-server[2006197]: {"time":"2026-07-17T05:50:31.115756778Z","level":"INFO","msg":"request","method":"OPTIONS","path":"/files/upload/confirm","status":204,"bytes":0,"duration_ms":0,"request_id":"vithsutra/yJhBRTSzdo-004631","remote_addr":"2401:4900:91f9:d304:d8fd:4eff:fe8a:6517"}
Jul 17 05:50:31 vithsutra kiosk-server[2006197]: {"time":"2026-07-17T05:50:31.268103247Z","level":"INFO","msg":"confirm upload started","session_id":"c03a1f0a-e1cc-40b2-9222-3d82ec719952","file_count":1}
Jul 17 05:50:31 vithsutra kiosk-server[2006197]: {"time":"2026-07-17T05:50:31.3776435Z","level":"INFO","msg":"session validated for confirm","session_id":"c03a1f0a-e1cc-40b2-9222-3d82ec719952","status":"created"}
Jul 17 05:50:31 vithsutra kiosk-server[2006197]: DEBUG HeadObject → bucket: aiet-printflow-upload-prod  key: uploads/staging/fc56f647-96f4-4569-a375-2233e787ac5a/c03a1f0a-e1cc-40b2-9222-3d82ec719952/d8ed84be-9e3a-4755-99de-7c4667600edf.pdf
Jul 17 05:50:31 vithsutra kiosk-server[2006197]: {"time":"2026-07-17T05:50:31.700018929Z","level":"INFO","msg":"file price calculated","price":1,"sheets":1,"num_of_pages":1,"copies":1,"page_layout":1,"printing_mode":"monochromatic","printing_side":"single_side"}
Jul 17 05:50:31 vithsutra kiosk-server[2006197]: {"time":"2026-07-17T05:50:31.700072648Z","level":"INFO","msg":"Total done bebug","TotalAmount:":1,"TotalSheetes:":1}
Jul 17 05:50:31 vithsutra kiosk-server[2006197]: {"time":"2026-07-17T05:50:31.700090101Z","level":"INFO","msg":"Page Range bebugging","page_range:":["1"]}
Jul 17 05:50:31 vithsutra kiosk-server[2006197]: {"time":"2026-07-17T05:50:31.700109032Z","level":"INFO","msg":"file confirmed","session_id":"c03a1f0a-e1cc-40b2-9222-3d82ec719952","file_id":"d8ed84be-9e3a-4755-99de-7c4667600edf","file_name":"gttt.pdf","sheets":1,"price":1}
Jul 17 05:50:31 vithsutra kiosk-server[2006197]: DEBUG: PageRange in UpdateFileWithPrintOptions: [1]
Jul 17 05:50:32 vithsutra kiosk-server[2006197]: {"time":"2026-07-17T05:50:32.031584671Z","level":"INFO","msg":"confirm upload completed","session_id":"c03a1f0a-e1cc-40b2-9222-3d82ec719952","total_sheets":1,"total_amount":1}
Jul 17 05:50:32 vithsutra kiosk-server[2006197]: {"time":"2026-07-17T05:50:32.031731485Z","level":"INFO","msg":"request","method":"POST","path":"/files/upload/confirm","status":200,"bytes":342,"duration_ms":763,"request_id":"vithsutra/yJhBRTSzdo-004632","remote_addr":"2401:4900:91f9:d304:d8fd:4eff:fe8a:6517"}
Jul 17 05:50:32 vithsutra kiosk-server[2006197]: {"time":"2026-07-17T05:50:32.187822098Z","level":"INFO","msg":"request","method":"OPTIONS","path":"/payments/create","status":204,"bytes":0,"duration_ms":0,"request_id":"vithsutra/yJhBRTSzdo-004633","remote_addr":"2401:4900:91f9:d304:d8fd:4eff:fe8a:6517"}
Jul 17 05:50:32 vithsutra kiosk-server[2006197]: {"time":"2026-07-17T05:50:32.341017244Z","level":"INFO","msg":"create payment order started","session_id":"c03a1f0a-e1cc-40b2-9222-3d82ec719952","amount_paise_frontend":100}
Jul 17 05:50:32 vithsutra kiosk-server[2006197]: {"time":"2026-07-17T05:50:32.527103612Z","level":"INFO","msg":"razorpay order created","session_id":"c03a1f0a-e1cc-40b2-9222-3d82ec719952","razorpay_order_id":"order_TESbxLowFjinmc","amount_paise":100}
Jul 17 05:50:32 vithsutra kiosk-server[2006197]: {"time":"2026-07-17T05:50:32.638190032Z","level":"INFO","msg":"create payment order completed","session_id":"c03a1f0a-e1cc-40b2-9222-3d82ec719952","payment_id":"d9374719-04ef-4b32-b0e6-8be92af902ae","razorpay_order_id":"order_TESbxLowFjinmc"}
Jul 17 05:50:32 vithsutra kiosk-server[2006197]: {"time":"2026-07-17T05:50:32.638240716Z","level":"INFO","msg":"Amount:","Amount_paise":100}
Jul 17 05:50:32 vithsutra kiosk-server[2006197]: {"time":"2026-07-17T05:50:32.638328712Z","level":"INFO","msg":"request","method":"POST","path":"/payments/create","status":201,"bytes":232,"duration_ms":297,"request_id":"vithsutra/yJhBRTSzdo-004634","remote_addr":"2401:4900:91f9:d304:d8fd:4eff:fe8a:6517"}
Jul 17 05:51:15 vithsutra kiosk-server[2006197]: {"time":"2026-07-17T05:51:15.114692187Z","level":"INFO","msg":"webhook received","event":"payment.captured"}
Jul 17 05:51:15 vithsutra kiosk-server[2006197]: {"time":"2026-07-17T05:51:15.114728687Z","level":"INFO","msg":"processing payment success","razorpay_order_id":"order_TESbxLowFjinmc","razorpay_payment_id":"pay_TEScRtqPJ8XcT4"}
Jul 17 05:51:15 vithsutra kiosk-server[2006197]: {"time":"2026-07-17T05:51:15.709711988Z","level":"INFO","msg":"file promoted","session_id":"c03a1f0a-e1cc-40b2-9222-3d82ec719952","file_id":"d8ed84be-9e3a-4755-99de-7c4667600edf","final_key":"uploads/final/fc56f647-96f4-4569-a375-2233e787ac5a/c03a1f0a-e1cc-40b2-9222-3d82ec719952/d8ed84be-9e3a-4755-99de-7c4667600edf.pdf"}
Jul 17 05:51:16 vithsutra kiosk-server[2006197]: {"time":"2026-07-17T05:51:16.145051664Z","level":"INFO","msg":"payment success committed","session_id":"c03a1f0a-e1cc-40b2-9222-3d82ec719952","razorpay_order_id":"order_TESbxLowFjinmc","razorpay_payment_id":"pay_TEScRtqPJ8XcT4","files_promoted":1}
Jul 17 05:51:16 vithsutra kiosk-server[2006197]: {"time":"2026-07-17T05:51:16.145107364Z","level":"INFO","msg":"request","method":"POST","path":"/webhooks/razorpay","status":200,"bytes":21,"duration_ms":1030,"request_id":"vithsutra/yJhBRTSzdo-004635","remote_addr":"52.66.76.63"}
Jul 17 05:51:22 vithsutra kiosk-server[2006197]: {"time":"2026-07-17T05:51:22.825530652Z","level":"INFO","msg":"request","method":"OPTIONS","path":"/payments/status/c03a1f0a-e1cc-40b2-9222-3d82ec719952","status":204,"bytes":0,"duration_ms":0,"request_id":"vithsutra/yJhBRTSzdo-004636","remote_addr":"2401:4900:91f9:d304:d8fd:4eff:fe8a:6517"}
Jul 17 05:51:22 vithsutra kiosk-server[2006197]: {"time":"2026-07-17T05:51:22.997861612Z","level":"INFO","msg":"get job by session ID started","session_id":"c03a1f0a-e1cc-40b2-9222-3d82ec719952"}
Jul 17 05:51:23 vithsutra kiosk-server[2006197]: {"time":"2026-07-17T05:51:23.052413472Z","level":"INFO","msg":"Token Debugging","Token:":"464834"}
Jul 17 05:51:23 vithsutra kiosk-server[2006197]: {"time":"2026-07-17T05:51:23.108286134Z","level":"INFO","msg":"get job by session ID completed","session_id":"c03a1f0a-e1cc-40b2-9222-3d82ec719952","file_count":1}
Jul 17 05:51:23 vithsutra kiosk-server[2006197]: {"time":"2026-07-17T05:51:23.108421239Z","level":"INFO","msg":"request","method":"GET","path":"/payments/status/c03a1f0a-e1cc-40b2-9222-3d82ec719952","status":200,"bytes":674,"duration_ms":110,"request_id":"vithsutra/yJhBRTSzdo-004637","remote_addr":"2401:4900:91f9:d304:d8fd:4eff:fe8a:6517"}
Jul 17 05:51:38 vithsutra kiosk-server[2006197]: {"time":"2026-07-17T05:51:38.72267193Z","level":"INFO","msg":"request","method":"HEAD","path":"/","status":404,"bytes":19,"duration_ms":0,"request_id":"vithsutra/yJhBRTSzdo-004638","remote_addr":"44.204.14.39"}
Jul 17 05:51:44 vithsutra kiosk-server[2006197]: {"time":"2026-07-17T05:51:44.931341923Z","level":"INFO","msg":"USERID","userId:":"fc56f647-96f4-4569-a375-2233e787ac5a"}
Jul 17 05:51:44 vithsutra kiosk-server[2006197]: {"time":"2026-07-17T05:51:44.931377992Z","level":"INFO","msg":"USEREMAIL","userEmail:":"sandeepgt45@gmail.com"}
Jul 17 05:51:44 vithsutra kiosk-server[2006197]: {"time":"2026-07-17T05:51:44.931390361Z","level":"INFO","msg":"init upload started","user_id":"fc56f647-96f4-4569-a375-2233e787ac5a","file_count":1,"request_payload":{"files":[{"file_name":"gttt.pdf","content_type":"application/pdf"}]}}
Jul 17 05:51:45 vithsutra kiosk-server[2006197]: {"time":"2026-07-17T05:51:45.039889945Z","level":"INFO","msg":"upload session created","session_id":"5a3c4e58-6d2d-4918-a315-2946b6e4377f","user_id":"fc56f647-96f4-4569-a375-2233e787ac5a","expires_at":"2026-07-24T05:51:44.985524156Z"}
Jul 17 05:51:45 vithsutra kiosk-server[2006197]: {"time":"2026-07-17T05:51:45.149879931Z","level":"INFO","msg":"init upload completed","session_id":"5a3c4e58-6d2d-4918-a315-2946b6e4377f","user_id":"fc56f647-96f4-4569-a375-2233e787ac5a","file_count":1}
Jul 17 05:51:45 vithsutra kiosk-server[2006197]: {"time":"2026-07-17T05:51:45.150049183Z","level":"INFO","msg":"request","method":"POST","path":"/files/upload/init","status":201,"bytes":967,"duration_ms":218,"request_id":"vithsutra/yJhBRTSzdo-004639","remote_addr":"2401:4900:91f9:d304:d8fd:4eff:fe8a:6517"}
Jul 17 05:51:47 vithsutra kiosk-server[2006197]: {"time":"2026-07-17T05:51:47.31617115Z","level":"INFO","msg":"confirm upload started","session_id":"5a3c4e58-6d2d-4918-a315-2946b6e4377f","file_count":1}
Jul 17 05:51:47 vithsutra kiosk-server[2006197]: {"time":"2026-07-17T05:51:47.370763226Z","level":"INFO","msg":"session validated for confirm","session_id":"5a3c4e58-6d2d-4918-a315-2946b6e4377f","status":"created"}
Jul 17 05:51:47 vithsutra kiosk-server[2006197]: DEBUG HeadObject → bucket: aiet-printflow-upload-prod  key: uploads/staging/fc56f647-96f4-4569-a375-2233e787ac5a/5a3c4e58-6d2d-4918-a315-2946b6e4377f/6478132a-40dd-44b3-a72e-bb2ad13d445c.pdf
Jul 17 05:51:47 vithsutra kiosk-server[2006197]: {"time":"2026-07-17T05:51:47.681537448Z","level":"INFO","msg":"file price calculated","price":1,"sheets":1,"num_of_pages":1,"copies":1,"page_layout":1,"printing_mode":"monochromatic","printing_side":"single_side"}
Jul 17 05:51:47 vithsutra kiosk-server[2006197]: {"time":"2026-07-17T05:51:47.681565399Z","level":"INFO","msg":"Total done bebug","TotalAmount:":1,"TotalSheetes:":1}
Jul 17 05:51:47 vithsutra kiosk-server[2006197]: {"time":"2026-07-17T05:51:47.681573998Z","level":"INFO","msg":"Page Range bebugging","page_range:":["1"]}
Jul 17 05:51:47 vithsutra kiosk-server[2006197]: {"time":"2026-07-17T05:51:47.681582979Z","level":"INFO","msg":"file confirmed","session_id":"5a3c4e58-6d2d-4918-a315-2946b6e4377f","file_id":"6478132a-40dd-44b3-a72e-bb2ad13d445c","file_name":"gttt.pdf","sheets":1,"price":1}
Jul 17 05:51:47 vithsutra kiosk-server[2006197]: DEBUG: PageRange in UpdateFileWithPrintOptions: [1]
Jul 17 05:51:47 vithsutra kiosk-server[2006197]: {"time":"2026-07-17T05:51:47.898964432Z","level":"INFO","msg":"confirm upload completed","session_id":"5a3c4e58-6d2d-4918-a315-2946b6e4377f","total_sheets":1,"total_amount":1}
Jul 17 05:51:47 vithsutra kiosk-server[2006197]: {"time":"2026-07-17T05:51:47.899096621Z","level":"INFO","msg":"request","method":"POST","path":"/files/upload/confirm","status":200,"bytes":342,"duration_ms":583,"request_id":"vithsutra/yJhBRTSzdo-004640","remote_addr":"2401:4900:91f9:d304:d8fd:4eff:fe8a:6517"}
Jul 17 05:51:48 vithsutra kiosk-server[2006197]: {"time":"2026-07-17T05:51:48.102974824Z","level":"INFO","msg":"create payment order started","session_id":"5a3c4e58-6d2d-4918-a315-2946b6e4377f","amount_paise_frontend":100}
Jul 17 05:51:48 vithsutra kiosk-server[2006197]: {"time":"2026-07-17T05:51:48.245748694Z","level":"INFO","msg":"razorpay order created","session_id":"5a3c4e58-6d2d-4918-a315-2946b6e4377f","razorpay_order_id":"order_TESdI01WV0VH6p","amount_paise":100}
Jul 17 05:51:48 vithsutra kiosk-server[2006197]: {"time":"2026-07-17T05:51:48.300862541Z","level":"INFO","msg":"create payment order completed","session_id":"5a3c4e58-6d2d-4918-a315-2946b6e4377f","payment_id":"0a2a08f9-d18e-415d-bcfa-f126374ccba4","razorpay_order_id":"order_TESdI01WV0VH6p"}
Jul 17 05:51:48 vithsutra kiosk-server[2006197]: {"time":"2026-07-17T05:51:48.300910964Z","level":"INFO","msg":"Amount:","Amount_paise":100}
Jul 17 05:51:48 vithsutra kiosk-server[2006197]: {"time":"2026-07-17T05:51:48.300996334Z","level":"INFO","msg":"request","method":"POST","path":"/payments/create","status":201,"bytes":232,"duration_ms":198,"request_id":"vithsutra/yJhBRTSzdo-004641","remote_addr":"2401:4900:91f9:d304:d8fd:4eff:fe8a:6517"}
Jul 17 05:52:03 vithsutra kiosk-server[2006197]: {"time":"2026-07-17T05:52:03.819068435Z","level":"INFO","msg":"request","method":"OPTIONS","path":"/files/upload/init","status":204,"bytes":0,"duration_ms":0,"request_id":"vithsutra/yJhBRTSzdo-004642","remote_addr":"2409:40f2:3010:1ae9:e0e3:e8ff:feef:b87a"}
Jul 17 05:52:04 vithsutra kiosk-server[2006197]: {"time":"2026-07-17T05:52:04.121827072Z","level":"INFO","msg":"USERID","userId:":"fc99ce26-acdf-498d-83b7-74b0ea5540b8"}
Jul 17 05:52:04 vithsutra kiosk-server[2006197]: {"time":"2026-07-17T05:52:04.122295785Z","level":"INFO","msg":"USEREMAIL","userEmail:":"santhoshrkarna@gmail.com"}
Jul 17 05:52:04 vithsutra kiosk-server[2006197]: {"time":"2026-07-17T05:52:04.12237275Z","level":"INFO","msg":"init upload started","user_id":"fc99ce26-acdf-498d-83b7-74b0ea5540b8","file_count":1,"request_payload":{"files":[{"file_name":"Santhosh Java Resume.pdf","content_type":"application/pdf"}]}}
Jul 17 05:52:04 vithsutra kiosk-server[2006197]: {"time":"2026-07-17T05:52:04.230605894Z","level":"INFO","msg":"upload session created","session_id":"3a6c69f6-c702-44f5-b09a-b71e88d6b766","user_id":"fc99ce26-acdf-498d-83b7-74b0ea5540b8","expires_at":"2026-07-24T05:52:04.176494017Z"}
Jul 17 05:52:04 vithsutra kiosk-server[2006197]: {"time":"2026-07-17T05:52:04.340374415Z","level":"INFO","msg":"init upload completed","session_id":"3a6c69f6-c702-44f5-b09a-b71e88d6b766","user_id":"fc99ce26-acdf-498d-83b7-74b0ea5540b8","file_count":1}
Jul 17 05:52:04 vithsutra kiosk-server[2006197]: {"time":"2026-07-17T05:52:04.340640856Z","level":"INFO","msg":"request","method":"POST","path":"/files/upload/init","status":201,"bytes":983,"duration_ms":219,"request_id":"vithsutra/yJhBRTSzdo-004643","remote_addr":"2409:40f2:3010:1ae9:e0e3:e8ff:feef:b87a"}
Jul 17 05:52:05 vithsutra kiosk-server[2006197]: {"time":"2026-07-17T05:52:05.171800184Z","level":"INFO","msg":"request","method":"OPTIONS","path":"/files/upload/confirm","status":204,"bytes":0,"duration_ms":0,"request_id":"vithsutra/yJhBRTSzdo-004644","remote_addr":"2409:40f2:3010:1ae9:e0e3:e8ff:feef:b87a"}
Jul 17 05:52:05 vithsutra kiosk-server[2006197]: {"time":"2026-07-17T05:52:05.303500434Z","level":"INFO","msg":"confirm upload started","session_id":"3a6c69f6-c702-44f5-b09a-b71e88d6b766","file_count":1}
Jul 17 05:52:05 vithsutra kiosk-server[2006197]: {"time":"2026-07-17T05:52:05.358744846Z","level":"INFO","msg":"session validated for confirm","session_id":"3a6c69f6-c702-44f5-b09a-b71e88d6b766","status":"created"}
Jul 17 05:52:05 vithsutra kiosk-server[2006197]: DEBUG HeadObject → bucket: aiet-printflow-upload-prod  key: uploads/staging/fc99ce26-acdf-498d-83b7-74b0ea5540b8/3a6c69f6-c702-44f5-b09a-b71e88d6b766/fbc07cb3-fefe-4f51-a213-a79d753c3c3e.pdf
Jul 17 05:52:05 vithsutra kiosk-server[2006197]: {"time":"2026-07-17T05:52:05.736874773Z","level":"INFO","msg":"file price calculated","price":2,"sheets":2,"num_of_pages":1,"copies":2,"page_layout":1,"printing_mode":"monochromatic","printing_side":"single_side"}
Jul 17 05:52:05 vithsutra kiosk-server[2006197]: {"time":"2026-07-17T05:52:05.736899742Z","level":"INFO","msg":"Total done bebug","TotalAmount:":2,"TotalSheetes:":2}
Jul 17 05:52:05 vithsutra kiosk-server[2006197]: {"time":"2026-07-17T05:52:05.736907696Z","level":"INFO","msg":"Page Range bebugging","page_range:":["1"]}
Jul 17 05:52:05 vithsutra kiosk-server[2006197]: {"time":"2026-07-17T05:52:05.736916669Z","level":"INFO","msg":"file confirmed","session_id":"3a6c69f6-c702-44f5-b09a-b71e88d6b766","file_id":"fbc07cb3-fefe-4f51-a213-a79d753c3c3e","file_name":"Santhosh Java Resume.pdf","sheets":2,"price":2}
Jul 17 05:52:05 vithsutra kiosk-server[2006197]: DEBUG: PageRange in UpdateFileWithPrintOptions: [1]
Jul 17 05:52:05 vithsutra kiosk-server[2006197]: {"time":"2026-07-17T05:52:05.955099853Z","level":"INFO","msg":"confirm upload completed","session_id":"3a6c69f6-c702-44f5-b09a-b71e88d6b766","total_sheets":2,"total_amount":2}
Jul 17 05:52:05 vithsutra kiosk-server[2006197]: {"time":"2026-07-17T05:52:05.955233325Z","level":"INFO","msg":"request","method":"POST","path":"/files/upload/confirm","status":200,"bytes":358,"duration_ms":651,"request_id":"vithsutra/yJhBRTSzdo-004645","remote_addr":"2409:40f2:3010:1ae9:e0e3:e8ff:feef:b87a"}
Jul 17 05:52:06 vithsutra kiosk-server[2006197]: {"time":"2026-07-17T05:52:06.110029961Z","level":"INFO","msg":"request","method":"OPTIONS","path":"/payments/create","status":204,"bytes":0,"duration_ms":0,"request_id":"vithsutra/yJhBRTSzdo-004646","remote_addr":"2409:40f2:3010:1ae9:e0e3:e8ff:feef:b87a"}
Jul 17 05:52:06 vithsutra kiosk-server[2006197]: {"time":"2026-07-17T05:52:06.258210276Z","level":"INFO","msg":"create payment order started","session_id":"3a6c69f6-c702-44f5-b09a-b71e88d6b766","amount_paise_frontend":200}
Jul 17 05:52:06 vithsutra kiosk-server[2006197]: {"time":"2026-07-17T05:52:06.337072279Z","level":"INFO","msg":"webhook received","event":"payment.captured"}
Jul 17 05:52:06 vithsutra kiosk-server[2006197]: {"time":"2026-07-17T05:52:06.337113713Z","level":"INFO","msg":"processing payment success","razorpay_order_id":"order_TESdI01WV0VH6p","razorpay_payment_id":"pay_TESdLVYSRYMc3d"}
Jul 17 05:52:06 vithsutra kiosk-server[2006197]: {"time":"2026-07-17T05:52:06.386958929Z","level":"INFO","msg":"razorpay order created","session_id":"3a6c69f6-c702-44f5-b09a-b71e88d6b766","razorpay_order_id":"order_TESdbnGgPVCWBn","amount_paise":200}
Jul 17 05:52:06 vithsutra kiosk-server[2006197]: {"time":"2026-07-17T05:52:06.629980514Z","level":"INFO","msg":"file promoted","session_id":"5a3c4e58-6d2d-4918-a315-2946b6e4377f","file_id":"6478132a-40dd-44b3-a72e-bb2ad13d445c","final_key":"uploads/final/fc56f647-96f4-4569-a375-2233e787ac5a/5a3c4e58-6d2d-4918-a315-2946b6e4377f/6478132a-40dd-44b3-a72e-bb2ad13d445c.pdf"}
Jul 17 05:52:06 vithsutra kiosk-server[2006197]: {"time":"2026-07-17T05:52:06.903725872Z","level":"INFO","msg":"payment success committed","session_id":"5a3c4e58-6d2d-4918-a315-2946b6e4377f","razorpay_order_id":"order_TESdI01WV0VH6p","razorpay_payment_id":"pay_TESdLVYSRYMc3d","files_promoted":1}
Jul 17 05:52:06 vithsutra kiosk-server[2006197]: {"time":"2026-07-17T05:52:06.903874481Z","level":"INFO","msg":"request","method":"POST","path":"/webhooks/razorpay","status":200,"bytes":21,"duration_ms":567,"request_id":"vithsutra/yJhBRTSzdo-004648","remote_addr":"52.66.76.63"}
Jul 17 05:52:08 vithsutra kiosk-server[2006197]: {"time":"2026-07-17T05:52:08.3254621Z","level":"INFO","msg":"create payment order completed","session_id":"3a6c69f6-c702-44f5-b09a-b71e88d6b766","payment_id":"05896952-15d2-47f3-b273-79cb6bde7bbb","razorpay_order_id":"order_TESdbnGgPVCWBn"}
Jul 17 05:52:08 vithsutra kiosk-server[2006197]: {"time":"2026-07-17T05:52:08.325509785Z","level":"INFO","msg":"Amount:","Amount_paise":200}
Jul 17 05:52:08 vithsutra kiosk-server[2006197]: {"time":"2026-07-17T05:52:08.325594209Z","level":"INFO","msg":"request","method":"POST","path":"/payments/create","status":201,"bytes":232,"duration_ms":2067,"request_id":"vithsutra/yJhBRTSzdo-004647","remote_addr":"2409:40f2:3010:1ae9:e0e3:e8ff:feef:b87a"}
Jul 17 05:52:24 vithsutra kiosk-server[2006197]: {"time":"2026-07-17T05:52:24.938302147Z","level":"INFO","msg":"request","method":"OPTIONS","path":"/payments/status/5a3c4e58-6d2d-4918-a315-2946b6e4377f","status":204,"bytes":0,"duration_ms":0,"request_id":"vithsutra/yJhBRTSzdo-004649","remote_addr":"2401:4900:91f9:d304:d8fd:4eff:fe8a:6517"}
Jul 17 05:52:25 vithsutra kiosk-server[2006197]: {"time":"2026-07-17T05:52:25.107440933Z","level":"INFO","msg":"get job by session ID started","session_id":"5a3c4e58-6d2d-4918-a315-2946b6e4377f"}
Jul 17 05:52:25 vithsutra kiosk-server[2006197]: {"time":"2026-07-17T05:52:25.211877494Z","level":"INFO","msg":"Token Debugging","Token:":"998003"}
Jul 17 05:52:25 vithsutra kiosk-server[2006197]: {"time":"2026-07-17T05:52:25.318319102Z","level":"INFO","msg":"get job by session ID completed","session_id":"5a3c4e58-6d2d-4918-a315-2946b6e4377f","file_count":1}
Jul 17 05:52:25 vithsutra kiosk-server[2006197]: {"time":"2026-07-17T05:52:25.318442591Z","level":"INFO","msg":"request","method":"GET","path":"/payments/status/5a3c4e58-6d2d-4918-a315-2946b6e4377f","status":200,"bytes":675,"duration_ms":211,"request_id":"vithsutra/yJhBRTSzdo-004650","remote_addr":"2401:4900:91f9:d304:d8fd:4eff:fe8a:6517"}
Jul 17 05:52:28 vithsutra kiosk-server[2006197]: {"time":"2026-07-17T05:52:28.267814036Z","level":"INFO","msg":"webhook received","event":"payment.captured"}
Jul 17 05:52:28 vithsutra kiosk-server[2006197]: {"time":"2026-07-17T05:52:28.267880166Z","level":"INFO","msg":"processing payment success","razorpay_order_id":"order_TESdbnGgPVCWBn","razorpay_payment_id":"pay_TESdjx4Lp8H4gF"}
Jul 17 05:52:28 vithsutra kiosk-server[2006197]: {"time":"2026-07-17T05:52:28.840008376Z","level":"INFO","msg":"file promoted","session_id":"3a6c69f6-c702-44f5-b09a-b71e88d6b766","file_id":"fbc07cb3-fefe-4f51-a213-a79d753c3c3e","final_key":"uploads/final/fc99ce26-acdf-498d-83b7-74b0ea5540b8/3a6c69f6-c702-44f5-b09a-b71e88d6b766/fbc07cb3-fefe-4f51-a213-a79d753c3c3e.pdf"}
Jul 17 05:52:29 vithsutra kiosk-server[2006197]: {"time":"2026-07-17T05:52:29.330257845Z","level":"INFO","msg":"payment success committed","session_id":"3a6c69f6-c702-44f5-b09a-b71e88d6b766","razorpay_order_id":"order_TESdbnGgPVCWBn","razorpay_payment_id":"pay_TESdjx4Lp8H4gF","files_promoted":1}
Jul 17 05:52:29 vithsutra kiosk-server[2006197]: {"time":"2026-07-17T05:52:29.330341611Z","level":"INFO","msg":"request","method":"POST","path":"/webhooks/razorpay","status":200,"bytes":21,"duration_ms":1062,"request_id":"vithsutra/yJhBRTSzdo-004651","remote_addr":"52.66.76.63"}
Jul 17 05:52:32 vithsutra kiosk-server[2006197]: {"time":"2026-07-17T05:52:32.323962234Z","level":"INFO","msg":"get job by token started","token":998003}
Jul 17 05:52:32 vithsutra kiosk-server[2006197]: DEBUG PRESIGN GET URL: https://aiet-printflow-upload-prod.s3.ap-south-1.amazonaws.com/uploads/final/fc56f647-96f4-4569-a375-2233e787ac5a/5a3c4e58-6d2d-4918-a315-2946b6e4377f/6478132a-40dd-44b3-a72e-bb2ad13d445c.pdf?X-Amz-Algorithm=AWS4-HMAC-SHA256&X-Amz-Checksum-Mode=ENABLED&X-Amz-Credential=AKIAURY6ZINDKCABHGV3%2F20260717%2Fap-south-1%2Fs3%2Faws4_request&X-Amz-Date=20260717T055232Z&X-Amz-Expires=900&X-Amz-SignedHeaders=host&x-id=GetObject&X-Amz-Signature=364aa7a09c465f400f5417a7f7a4fa21dc7b1a758e6cf4941d1939ec57f6a46e
Jul 17 05:52:32 vithsutra kiosk-server[2006197]: {"time":"2026-07-17T05:52:32.48249104Z","level":"INFO","msg":"final_Key_Bebugging","final_key:":"uploads/final/fc56f647-96f4-4569-a375-2233e787ac5a/5a3c4e58-6d2d-4918-a315-2946b6e4377f/6478132a-40dd-44b3-a72e-bb2ad13d445c.pdf"}
Jul 17 05:52:32 vithsutra kiosk-server[2006197]: {"time":"2026-07-17T05:52:32.482516902Z","level":"INFO","msg":"get job by token completed","token":998003,"session_id":"5a3c4e58-6d2d-4918-a315-2946b6e4377f","file_count":1}
Jul 17 05:52:32 vithsutra kiosk-server[2006197]: {"time":"2026-07-17T05:52:32.482627538Z","level":"INFO","msg":"request","method":"POST","path":"/print/jobs/token","status":200,"bytes":941,"duration_ms":158,"request_id":"vithsutra/yJhBRTSzdo-004652","remote_addr":"103.89.233.254"}
Jul 17 05:52:37 vithsutra kiosk-server[2006197]: {"time":"2026-07-17T05:52:37.29803825Z","level":"INFO","msg":"request","method":"OPTIONS","path":"/payments/status/3a6c69f6-c702-44f5-b09a-b71e88d6b766","status":204,"bytes":0,"duration_ms":0,"request_id":"vithsutra/yJhBRTSzdo-004653","remote_addr":"2409:40f2:3010:1ae9:e0e3:e8ff:feef:b87a"}
Jul 17 05:52:37 vithsutra kiosk-server[2006197]: {"time":"2026-07-17T05:52:37.481217328Z","level":"INFO","msg":"get job by session ID started","session_id":"3a6c69f6-c702-44f5-b09a-b71e88d6b766"}
Jul 17 05:52:37 vithsutra kiosk-server[2006197]: {"time":"2026-07-17T05:52:37.533193698Z","level":"INFO","msg":"Token Debugging","Token:":"915776"}
Jul 17 05:52:37 vithsutra kiosk-server[2006197]: {"time":"2026-07-17T05:52:37.586265701Z","level":"INFO","msg":"get job by session ID completed","session_id":"3a6c69f6-c702-44f5-b09a-b71e88d6b766","file_count":1}
Jul 17 05:52:37 vithsutra kiosk-server[2006197]: {"time":"2026-07-17T05:52:37.58633615Z","level":"INFO","msg":"request","method":"GET","path":"/payments/status/3a6c69f6-c702-44f5-b09a-b71e88d6b766","status":200,"bytes":691,"duration_ms":105,"request_id":"vithsutra/yJhBRTSzdo-004654","remote_addr":"2409:40f2:3010:1ae9:e0e3:e8ff:feef:b87a"}
Jul 17 05:52:52 vithsutra kiosk-server[2006197]: {"time":"2026-07-17T05:52:52.822422764Z","level":"INFO","msg":"expire session after printing started","session_id":"5a3c4e58-6d2d-4918-a315-2946b6e4377f"}
Jul 17 05:52:52 vithsutra kiosk-server[2006197]: {"time":"2026-07-17T05:52:52.97945734Z","level":"INFO","msg":"session marked completed","session_id":"5a3c4e58-6d2d-4918-a315-2946b6e4377f"}
Jul 17 05:52:53 vithsutra kiosk-server[2006197]: {"time":"2026-07-17T05:52:53.085952214Z","level":"WARN","msg":"no completed file found for session 5a3c4e58-6d2d-4918-a315-2946b6e4377f","code":"no_completed_file"}
Jul 17 05:52:53 vithsutra kiosk-server[2006197]: {"time":"2026-07-17T05:52:53.086044598Z","level":"INFO","msg":"request","method":"POST","path":"/print/jobs/expire","status":404,"bytes":124,"duration_ms":263,"request_id":"vithsutra/yJhBRTSzdo-004655","remote_addr":"103.89.233.254"}
Jul 17 05:53:04 vithsutra kiosk-server[2006197]: {"time":"2026-07-17T05:53:04.583067589Z","level":"INFO","msg":"get job by token started","token":915776}
Jul 17 05:53:04 vithsutra kiosk-server[2006197]: DEBUG PRESIGN GET URL: https://aiet-printflow-upload-prod.s3.ap-south-1.amazonaws.com/uploads/final/fc99ce26-acdf-498d-83b7-74b0ea5540b8/3a6c69f6-c702-44f5-b09a-b71e88d6b766/fbc07cb3-fefe-4f51-a213-a79d753c3c3e.pdf?X-Amz-Algorithm=AWS4-HMAC-SHA256&X-Amz-Checksum-Mode=ENABLED&X-Amz-Credential=AKIAURY6ZINDKCABHGV3%2F20260717%2Fap-south-1%2Fs3%2Faws4_request&X-Amz-Date=20260717T055304Z&X-Amz-Expires=900&X-Amz-SignedHeaders=host&x-id=GetObject&X-Amz-Signature=10deee10ed5887c3619e8ff3d037914d342cc669b1f9aaa6ea5b5229ff804a3a
Jul 17 05:53:04 vithsutra kiosk-server[2006197]: {"time":"2026-07-17T05:53:04.688962501Z","level":"INFO","msg":"final_Key_Bebugging","final_key:":"uploads/final/fc99ce26-acdf-498d-83b7-74b0ea5540b8/3a6c69f6-c702-44f5-b09a-b71e88d6b766/fbc07cb3-fefe-4f51-a213-a79d753c3c3e.pdf"}
Jul 17 05:53:04 vithsutra kiosk-server[2006197]: {"time":"2026-07-17T05:53:04.688994511Z","level":"INFO","msg":"get job by token completed","token":915776,"session_id":"3a6c69f6-c702-44f5-b09a-b71e88d6b766","file_count":1}
Jul 17 05:53:04 vithsutra kiosk-server[2006197]: {"time":"2026-07-17T05:53:04.689088221Z","level":"INFO","msg":"request","method":"POST","path":"/print/jobs/token","status":200,"bytes":957,"duration_ms":106,"request_id":"vithsutra/yJhBRTSzdo-004656","remote_addr":"103.89.233.254"}
Jul 17 05:53:13 vithsutra kiosk-server[2006197]: {"time":"2026-07-17T05:53:13.941290918Z","level":"INFO","msg":"request","method":"OPTIONS","path":"/files/jobs/recent","status":204,"bytes":0,"duration_ms":0,"request_id":"vithsutra/yJhBRTSzdo-004657","remote_addr":"2409:40f2:3010:1ae9:e0e3:e8ff:feef:b87a"}
Jul 17 05:53:14 vithsutra kiosk-server[2006197]: {"time":"2026-07-17T05:53:14.171998195Z","level":"INFO","msg":"get recent print jobs started","user_id":"fc99ce26-acdf-498d-83b7-74b0ea5540b8"}
Jul 17 05:53:14 vithsutra kiosk-server[2006197]: {"time":"2026-07-17T05:53:14.592134336Z","level":"INFO","msg":"get recent print jobs completed","user_id":"fc99ce26-acdf-498d-83b7-74b0ea5540b8","job_count":4}
Jul 17 05:53:14 vithsutra kiosk-server[2006197]: {"time":"2026-07-17T05:53:14.592378553Z","level":"INFO","msg":"request","method":"GET","path":"/files/jobs/recent","status":200,"bytes":2914,"duration_ms":420,"request_id":"vithsutra/yJhBRTSzdo-004658","remote_addr":"2409:40f2:3010:1ae9:e0e3:e8ff:feef:b87a"}
Jul 17 05:53:24 vithsutra kiosk-server[2006197]: {"time":"2026-07-17T05:53:24.482991296Z","level":"INFO","msg":"request","method":"OPTIONS","path":"/files/jobs/recent","status":204,"bytes":0,"duration_ms":0,"request_id":"vithsutra/yJhBRTSzdo-004659","remote_addr":"2401:4900:91f9:d304:d8fd:4eff:fe8a:6517"}
Jul 17 05:53:24 vithsutra kiosk-server[2006197]: {"time":"2026-07-17T05:53:24.619569015Z","level":"INFO","msg":"expire session after printing started","session_id":"3a6c69f6-c702-44f5-b09a-b71e88d6b766"}
Jul 17 05:53:24 vithsutra kiosk-server[2006197]: {"time":"2026-07-17T05:53:24.723313684Z","level":"INFO","msg":"session marked completed","session_id":"3a6c69f6-c702-44f5-b09a-b71e88d6b766"}
Jul 17 05:53:24 vithsutra kiosk-server[2006197]: {"time":"2026-07-17T05:53:24.727719034Z","level":"INFO","msg":"get recent print jobs started","user_id":"fc56f647-96f4-4569-a375-2233e787ac5a"}
Jul 17 05:53:24 vithsutra kiosk-server[2006197]: {"time":"2026-07-17T05:53:24.776742312Z","level":"WARN","msg":"no completed file found for session 3a6c69f6-c702-44f5-b09a-b71e88d6b766","code":"no_completed_file"}
Jul 17 05:53:24 vithsutra kiosk-server[2006197]: {"time":"2026-07-17T05:53:24.776812953Z","level":"INFO","msg":"request","method":"POST","path":"/print/jobs/expire","status":404,"bytes":124,"duration_ms":157,"request_id":"vithsutra/yJhBRTSzdo-004660","remote_addr":"103.89.233.254"}
Jul 17 05:53:24 vithsutra kiosk-server[2006197]: {"time":"2026-07-17T05:53:24.99610728Z","level":"INFO","msg":"get recent print jobs completed","user_id":"fc56f647-96f4-4569-a375-2233e787ac5a","job_count":1}
Jul 17 05:53:24 vithsutra kiosk-server[2006197]: {"time":"2026-07-17T05:53:24.997460911Z","level":"INFO","msg":"request","method":"GET","path":"/files/jobs/recent","status":200,"bytes":754,"duration_ms":269,"request_id":"vithsutra/yJhBRTSzdo-004661","remote_addr":"2401:4900:91f9:d304:d8fd:4eff:fe8a:6517"}
Jul 17 05:53:27 vithsutra kiosk-server[2006197]: {"time":"2026-07-17T05:53:27.67228731Z","level":"INFO","msg":"get recent print jobs started","user_id":"fc56f647-96f4-4569-a375-2233e787ac5a"}
Jul 17 05:53:27 vithsutra kiosk-server[2006197]: {"time":"2026-07-17T05:53:27.832768515Z","level":"INFO","msg":"get recent print jobs completed","user_id":"fc56f647-96f4-4569-a375-2233e787ac5a","job_count":1}
Jul 17 05:53:27 vithsutra kiosk-server[2006197]: {"time":"2026-07-17T05:53:27.832950529Z","level":"INFO","msg":"request","method":"GET","path":"/files/jobs/recent","status":200,"bytes":754,"duration_ms":160,"request_id":"vithsutra/yJhBRTSzdo-004662","remote_addr":"2401:4900:91f9:d304:d8fd:4eff:fe8a:6517"}
Jul 17 05:53:40 vithsutra kiosk-server[2006197]: {"time":"2026-07-17T05:53:40.879005879Z","level":"INFO","msg":"get job by token started","token":998003}
Jul 17 05:53:40 vithsutra kiosk-server[2006197]: {"time":"2026-07-17T05:53:40.984980456Z","level":"WARN","msg":"token lookup rejected — wrong session status","token":998003,"session_id":"5a3c4e58-6d2d-4918-a315-2946b6e4377f","status":"completed"}
Jul 17 05:53:40 vithsutra kiosk-server[2006197]: {"time":"2026-07-17T05:53:40.985035635Z","level":"WARN","msg":"this token is not ready for printing","code":"token_not_ready"}
Jul 17 05:53:40 vithsutra kiosk-server[2006197]: {"time":"2026-07-17T05:53:40.98512024Z","level":"INFO","msg":"request","method":"POST","path":"/print/jobs/token","status":400,"bytes":86,"duration_ms":106,"request_id":"vithsutra/yJhBRTSzdo-004663","remote_addr":"103.89.233.254"}
Jul 17 05:53:48 vithsutra kiosk-server[2006197]: {"time":"2026-07-17T05:53:48.375684079Z","level":"INFO","msg":"get job by token started","token":998009}
Jul 17 05:53:48 vithsutra kiosk-server[2006197]: {"time":"2026-07-17T05:53:48.429095952Z","level":"WARN","msg":"the token you entered is invalid","code":"invalid_token"}
Jul 17 05:53:48 vithsutra kiosk-server[2006197]: {"time":"2026-07-17T05:53:48.42920169Z","level":"INFO","msg":"request","method":"POST","path":"/print/jobs/token","status":404,"bytes":80,"duration_ms":53,"request_id":"vithsutra/yJhBRTSzdo-004664","remote_addr":"103.89.233.254"}
Jul 17 05:53:54 vithsutra kiosk-server[2006197]: {"time":"2026-07-17T05:53:54.344666056Z","level":"INFO","msg":"get job by token started","token":998003}
Jul 17 05:53:54 vithsutra kiosk-server[2006197]: {"time":"2026-07-17T05:53:54.398176626Z","level":"WARN","msg":"token lookup rejected — wrong session status","token":998003,"session_id":"5a3c4e58-6d2d-4918-a315-2946b6e4377f","status":"completed"}
Jul 17 05:53:54 vithsutra kiosk-server[2006197]: {"time":"2026-07-17T05:53:54.398238925Z","level":"WARN","msg":"this token is not ready for printing","code":"token_not_ready"}
Jul 17 05:53:54 vithsutra kiosk-server[2006197]: {"time":"2026-07-17T05:53:54.398298412Z","level":"INFO","msg":"request","method":"POST","path":"/print/jobs/token","status":400,"bytes":86,"duration_ms":53,"request_id":"vithsutra/yJhBRTSzdo-004665","remote_addr":"103.89.233.254"}
Jul 17 05:54:07 vithsutra kiosk-server[2006197]: {"time":"2026-07-17T05:54:07.202452683Z","level":"INFO","msg":"USERID","userId:":"fc56f647-96f4-4569-a375-2233e787ac5a"}
Jul 17 05:54:07 vithsutra kiosk-server[2006197]: {"time":"2026-07-17T05:54:07.202490884Z","level":"INFO","msg":"USEREMAIL","userEmail:":"sandeepgt45@gmail.com"}
Jul 17 05:54:07 vithsutra kiosk-server[2006197]: {"time":"2026-07-17T05:54:07.202505204Z","level":"INFO","msg":"init upload started","user_id":"fc56f647-96f4-4569-a375-2233e787ac5a","file_count":1,"request_payload":{"files":[{"file_name":"gttt.pdf","content_type":"application/pdf"}]}}
Jul 17 05:54:07 vithsutra kiosk-server[2006197]: {"time":"2026-07-17T05:54:07.313303476Z","level":"INFO","msg":"upload session created","session_id":"bdd8285c-5644-45b5-9c70-866aa7984e96","user_id":"fc56f647-96f4-4569-a375-2233e787ac5a","expires_at":"2026-07-24T05:54:07.256574452Z"}
Jul 17 05:54:07 vithsutra kiosk-server[2006197]: {"time":"2026-07-17T05:54:07.423313075Z","level":"INFO","msg":"init upload completed","session_id":"bdd8285c-5644-45b5-9c70-866aa7984e96","user_id":"fc56f647-96f4-4569-a375-2233e787ac5a","file_count":1}
Jul 17 05:54:07 vithsutra kiosk-server[2006197]: {"time":"2026-07-17T05:54:07.423383578Z","level":"INFO","msg":"request","method":"POST","path":"/files/upload/init","status":201,"bytes":967,"duration_ms":221,"request_id":"vithsutra/yJhBRTSzdo-004666","remote_addr":"2401:4900:91f9:d304:d8fd:4eff:fe8a:6517"}
Jul 17 05:54:09 vithsutra kiosk-server[2006197]: {"time":"2026-07-17T05:54:09.139399339Z","level":"INFO","msg":"confirm upload started","session_id":"bdd8285c-5644-45b5-9c70-866aa7984e96","file_count":1}
Jul 17 05:54:09 vithsutra kiosk-server[2006197]: {"time":"2026-07-17T05:54:09.193979319Z","level":"INFO","msg":"session validated for confirm","session_id":"bdd8285c-5644-45b5-9c70-866aa7984e96","status":"created"}
Jul 17 05:54:09 vithsutra kiosk-server[2006197]: DEBUG HeadObject → bucket: aiet-printflow-upload-prod  key: uploads/staging/fc56f647-96f4-4569-a375-2233e787ac5a/bdd8285c-5644-45b5-9c70-866aa7984e96/45d0baec-1cc1-44c0-bee7-c5cc7814904c.pdf
Jul 17 05:54:09 vithsutra kiosk-server[2006197]: {"time":"2026-07-17T05:54:09.363589135Z","level":"INFO","msg":"file price calculated","price":1,"sheets":1,"num_of_pages":1,"copies":1,"page_layout":1,"printing_mode":"monochromatic","printing_side":"single_side"}
Jul 17 05:54:09 vithsutra kiosk-server[2006197]: {"time":"2026-07-17T05:54:09.36364268Z","level":"INFO","msg":"Total done bebug","TotalAmount:":1,"TotalSheetes:":1}
Jul 17 05:54:09 vithsutra kiosk-server[2006197]: {"time":"2026-07-17T05:54:09.363659129Z","level":"INFO","msg":"Page Range bebugging","page_range:":["1"]}
Jul 17 05:54:09 vithsutra kiosk-server[2006197]: {"time":"2026-07-17T05:54:09.363676094Z","level":"INFO","msg":"file confirmed","session_id":"bdd8285c-5644-45b5-9c70-866aa7984e96","file_id":"45d0baec-1cc1-44c0-bee7-c5cc7814904c","file_name":"gttt.pdf","sheets":1,"price":1}
Jul 17 05:54:09 vithsutra kiosk-server[2006197]: DEBUG: PageRange in UpdateFileWithPrintOptions: [1]
Jul 17 05:54:09 vithsutra kiosk-server[2006197]: {"time":"2026-07-17T05:54:09.581592058Z","level":"INFO","msg":"confirm upload completed","session_id":"bdd8285c-5644-45b5-9c70-866aa7984e96","total_sheets":1,"total_amount":1}
Jul 17 05:54:09 vithsutra kiosk-server[2006197]: {"time":"2026-07-17T05:54:09.581786703Z","level":"INFO","msg":"request","method":"POST","path":"/files/upload/confirm","status":200,"bytes":342,"duration_ms":442,"request_id":"vithsutra/yJhBRTSzdo-004667","remote_addr":"2401:4900:91f9:d304:d8fd:4eff:fe8a:6517"}
Jul 17 05:54:09 vithsutra kiosk-server[2006197]: {"time":"2026-07-17T05:54:09.834418027Z","level":"INFO","msg":"create payment order started","session_id":"bdd8285c-5644-45b5-9c70-866aa7984e96","amount_paise_frontend":100}
Jul 17 05:54:10 vithsutra kiosk-server[2006197]: {"time":"2026-07-17T05:54:10.396256866Z","level":"INFO","msg":"razorpay order created","session_id":"bdd8285c-5644-45b5-9c70-866aa7984e96","razorpay_order_id":"order_TESfnA0qr0OR7v","amount_paise":100}
Jul 17 05:54:10 vithsutra kiosk-server[2006197]: {"time":"2026-07-17T05:54:10.517039298Z","level":"INFO","msg":"create payment order completed","session_id":"bdd8285c-5644-45b5-9c70-866aa7984e96","payment_id":"bd97bcdd-e746-4815-8947-4fe9631a647f","razorpay_order_id":"order_TESfnA0qr0OR7v"}
Jul 17 05:54:10 vithsutra kiosk-server[2006197]: {"time":"2026-07-17T05:54:10.517184077Z","level":"INFO","msg":"Amount:","Amount_paise":100}
Jul 17 05:54:10 vithsutra kiosk-server[2006197]: {"time":"2026-07-17T05:54:10.517238267Z","level":"INFO","msg":"request","method":"POST","path":"/payments/create","status":201,"bytes":232,"duration_ms":682,"request_id":"vithsutra/yJhBRTSzdo-004668","remote_addr":"2401:4900:91f9:d304:d8fd:4eff:fe8a:6517"}
Jul 17 05:54:28 vithsutra kiosk-server[2006197]: {"time":"2026-07-17T05:54:28.041785469Z","level":"INFO","msg":"webhook received","event":"payment.captured"}
Jul 17 05:54:28 vithsutra kiosk-server[2006197]: {"time":"2026-07-17T05:54:28.04182398Z","level":"INFO","msg":"processing payment success","razorpay_order_id":"order_TESfnA0qr0OR7v","razorpay_payment_id":"pay_TESfqTU1mUDMY1"}
Jul 17 05:54:28 vithsutra kiosk-server[2006197]: {"time":"2026-07-17T05:54:28.433303341Z","level":"INFO","msg":"file promoted","session_id":"bdd8285c-5644-45b5-9c70-866aa7984e96","file_id":"45d0baec-1cc1-44c0-bee7-c5cc7814904c","final_key":"uploads/final/fc56f647-96f4-4569-a375-2233e787ac5a/bdd8285c-5644-45b5-9c70-866aa7984e96/45d0baec-1cc1-44c0-bee7-c5cc7814904c.pdf"}
Jul 17 05:54:28 vithsutra kiosk-server[2006197]: {"time":"2026-07-17T05:54:28.694535644Z","level":"INFO","msg":"payment success committed","session_id":"bdd8285c-5644-45b5-9c70-866aa7984e96","razorpay_order_id":"order_TESfnA0qr0OR7v","razorpay_payment_id":"pay_TESfqTU1mUDMY1","files_promoted":1}
Jul 17 05:54:28 vithsutra kiosk-server[2006197]: {"time":"2026-07-17T05:54:28.69462576Z","level":"INFO","msg":"request","method":"POST","path":"/webhooks/razorpay","status":200,"bytes":21,"duration_ms":653,"request_id":"vithsutra/yJhBRTSzdo-004669","remote_addr":"52.66.76.63"}
Jul 17 05:54:39 vithsutra kiosk-server[2006197]: {"time":"2026-07-17T05:54:39.583493591Z","level":"INFO","msg":"request","method":"OPTIONS","path":"/payments/status/bdd8285c-5644-45b5-9c70-866aa7984e96","status":204,"bytes":0,"duration_ms":0,"request_id":"vithsutra/yJhBRTSzdo-004670","remote_addr":"2401:4900:91f9:d304:d8fd:4eff:fe8a:6517"}
Jul 17 05:54:39 vithsutra kiosk-server[2006197]: {"time":"2026-07-17T05:54:39.771457737Z","level":"INFO","msg":"get job by session ID started","session_id":"bdd8285c-5644-45b5-9c70-866aa7984e96"}
Jul 17 05:54:39 vithsutra kiosk-server[2006197]: {"time":"2026-07-17T05:54:39.823444591Z","level":"INFO","msg":"Token Debugging","Token:":"870448"}
Jul 17 05:54:39 vithsutra kiosk-server[2006197]: {"time":"2026-07-17T05:54:39.876397727Z","level":"INFO","msg":"get job by session ID completed","session_id":"bdd8285c-5644-45b5-9c70-866aa7984e96","file_count":1}
Jul 17 05:54:39 vithsutra kiosk-server[2006197]: {"time":"2026-07-17T05:54:39.876528285Z","level":"INFO","msg":"request","method":"GET","path":"/payments/status/bdd8285c-5644-45b5-9c70-866aa7984e96","status":200,"bytes":675,"duration_ms":105,"request_id":"vithsutra/yJhBRTSzdo-004671","remote_addr":"2401:4900:91f9:d304:d8fd:4eff:fe8a:6517"}
Jul 17 05:54:46 vithsutra kiosk-server[2006197]: {"time":"2026-07-17T05:54:46.705308425Z","level":"INFO","msg":"get job by token started","token":870448}
Jul 17 05:54:46 vithsutra kiosk-server[2006197]: DEBUG PRESIGN GET URL: https://aiet-printflow-upload-prod.s3.ap-south-1.amazonaws.com/uploads/final/fc56f647-96f4-4569-a375-2233e787ac5a/bdd8285c-5644-45b5-9c70-866aa7984e96/45d0baec-1cc1-44c0-bee7-c5cc7814904c.pdf?X-Amz-Algorithm=AWS4-HMAC-SHA256&X-Amz-Checksum-Mode=ENABLED&X-Amz-Credential=AKIAURY6ZINDKCABHGV3%2F20260717%2Fap-south-1%2Fs3%2Faws4_request&X-Amz-Date=20260717T055446Z&X-Amz-Expires=900&X-Amz-SignedHeaders=host&x-id=GetObject&X-Amz-Signature=9fbcabb4ccbee692a4f60c651c8faec859b15651f4e245b0b13580c7918f2ffa
Jul 17 05:54:46 vithsutra kiosk-server[2006197]: {"time":"2026-07-17T05:54:46.810429026Z","level":"INFO","msg":"final_Key_Bebugging","final_key:":"uploads/final/fc56f647-96f4-4569-a375-2233e787ac5a/bdd8285c-5644-45b5-9c70-866aa7984e96/45d0baec-1cc1-44c0-bee7-c5cc7814904c.pdf"}
Jul 17 05:54:46 vithsutra kiosk-server[2006197]: {"time":"2026-07-17T05:54:46.810456295Z","level":"INFO","msg":"get job by token completed","token":870448,"session_id":"bdd8285c-5644-45b5-9c70-866aa7984e96","file_count":1}
Jul 17 05:54:46 vithsutra kiosk-server[2006197]: {"time":"2026-07-17T05:54:46.810531953Z","level":"INFO","msg":"request","method":"POST","path":"/print/jobs/token","status":200,"bytes":941,"duration_ms":105,"request_id":"vithsutra/yJhBRTSzdo-004672","remote_addr":"103.89.233.254"}
Jul 17 05:55:16 vithsutra kiosk-server[2006197]: {"time":"2026-07-17T05:55:16.032928121Z","level":"INFO","msg":"expire session after printing started","session_id":"bdd8285c-5644-45b5-9c70-866aa7984e96"}
Jul 17 05:55:16 vithsutra kiosk-server[2006197]: {"time":"2026-07-17T05:55:16.137411429Z","level":"INFO","msg":"session marked completed","session_id":"bdd8285c-5644-45b5-9c70-866aa7984e96"}
Jul 17 05:55:16 vithsutra kiosk-server[2006197]: {"time":"2026-07-17T05:55:16.190379549Z","level":"WARN","msg":"no completed file found for session bdd8285c-5644-45b5-9c70-866aa7984e96","code":"no_completed_file"}
Jul 17 05:55:16 vithsutra kiosk-server[2006197]: {"time":"2026-07-17T05:55:16.190474579Z","level":"INFO","msg":"request","method":"POST","path":"/print/jobs/expire","status":404,"bytes":124,"duration_ms":157,"request_id":"vithsutra/yJhBRTSzdo-004673","remote_addr":"103.89.233.254"}
Jul 17 06:13:22 vithsutra kiosk-server[2006197]: {"time":"2026-07-17T06:13:22.251161586Z","level":"INFO","msg":"request","method":"OPTIONS","path":"/auth/google","status":204,"bytes":0,"duration_ms":0,"request_id":"vithsutra/yJhBRTSzdo-004674","remote_addr":"2409:40f2:314e:859d:8000::"}
Jul 17 06:13:22 vithsutra kiosk-server[2006197]: {"time":"2026-07-17T06:13:22.604284054Z","level":"INFO","msg":"google auth started"}
Jul 17 06:13:22 vithsutra kiosk-server[2006197]: {"time":"2026-07-17T06:13:22.604660279Z","level":"INFO","msg":"google token verified","google_id":"105432811822642961545","email":"shreyashenoy209@gmail.com"}
Jul 17 06:13:24 vithsutra kiosk-server[2006197]: {"time":"2026-07-17T06:13:24.738147612Z","level":"INFO","msg":"new user — creating account","google_id":"105432811822642961545","email":"shreyashenoy209@gmail.com"}
Jul 17 06:13:24 vithsutra kiosk-server[2006197]: {"time":"2026-07-17T06:13:24.851537421Z","level":"INFO","msg":"new user created","user_id":"c22d2ee9-1703-4d89-b4f0-4a483d33fa93","email":"shreyashenoy209@gmail.com"}
Jul 17 06:13:24 vithsutra kiosk-server[2006197]: {"time":"2026-07-17T06:13:24.851654116Z","level":"INFO","msg":"google auth completed","user_id":"c22d2ee9-1703-4d89-b4f0-4a483d33fa93","email":"shreyashenoy209@gmail.com"}
Jul 17 06:13:24 vithsutra kiosk-server[2006197]: {"time":"2026-07-17T06:13:24.85173418Z","level":"INFO","msg":"request","method":"POST","path":"/auth/google","status":200,"bytes":455,"duration_ms":2247,"request_id":"vithsutra/yJhBRTSzdo-004675","remote_addr":"2409:40f2:314e:859d:8000::"}
Jul 17 06:14:42 vithsutra kiosk-server[2006197]: {"time":"2026-07-17T06:14:42.399452244Z","level":"INFO","msg":"request","method":"OPTIONS","path":"/auth/google","status":204,"bytes":0,"duration_ms":0,"request_id":"vithsutra/yJhBRTSzdo-004676","remote_addr":"2401:4900:c961:a8fc:4a89:2de7:1627:5c0"}
Jul 17 06:14:42 vithsutra kiosk-server[2006197]: {"time":"2026-07-17T06:14:42.741883114Z","level":"INFO","msg":"google auth started"}
Jul 17 06:14:42 vithsutra kiosk-server[2006197]: {"time":"2026-07-17T06:14:42.742233118Z","level":"INFO","msg":"google token verified","google_id":"114013518451933493741","email":"prekshithpoojary149@gmail.com"}
Jul 17 06:14:42 vithsutra kiosk-server[2006197]: {"time":"2026-07-17T06:14:42.799027732Z","level":"INFO","msg":"new user — creating account","google_id":"114013518451933493741","email":"prekshithpoojary149@gmail.com"}
Jul 17 06:14:42 vithsutra kiosk-server[2006197]: {"time":"2026-07-17T06:14:42.855960575Z","level":"INFO","msg":"new user created","user_id":"e2d10046-e165-4564-8044-68c3fc076be3","email":"prekshithpoojary149@gmail.com"}
Jul 17 06:14:42 vithsutra kiosk-server[2006197]: {"time":"2026-07-17T06:14:42.856090391Z","level":"INFO","msg":"google auth completed","user_id":"e2d10046-e165-4564-8044-68c3fc076be3","email":"prekshithpoojary149@gmail.com"}
Jul 17 06:14:42 vithsutra kiosk-server[2006197]: {"time":"2026-07-17T06:14:42.856165995Z","level":"INFO","msg":"request","method":"POST","path":"/auth/google","status":200,"bytes":474,"duration_ms":114,"request_id":"vithsutra/yJhBRTSzdo-004677","remote_addr":"2401:4900:c961:a8fc:4a89:2de7:1627:5c0"}
Jul 17 06:15:07 vithsutra kiosk-server[2006197]: {"time":"2026-07-17T06:15:07.564599083Z","level":"INFO","msg":"request","method":"OPTIONS","path":"/auth/google","status":204,"bytes":0,"duration_ms":0,"request_id":"vithsutra/yJhBRTSzdo-004678","remote_addr":"2409:408c:bec9:b5f7::d60b:ed0a"}
Jul 17 06:15:07 vithsutra kiosk-server[2006197]: {"time":"2026-07-17T06:15:07.730452914Z","level":"INFO","msg":"google auth started"}
Jul 17 06:15:07 vithsutra kiosk-server[2006197]: {"time":"2026-07-17T06:15:07.730780501Z","level":"INFO","msg":"google token verified","google_id":"118060685397708169205","email":"thejashreedevadiga37@gmail.com"}
Jul 17 06:15:07 vithsutra kiosk-server[2006197]: {"time":"2026-07-17T06:15:07.787583234Z","level":"INFO","msg":"new user — creating account","google_id":"118060685397708169205","email":"thejashreedevadiga37@gmail.com"}
Jul 17 06:15:07 vithsutra kiosk-server[2006197]: {"time":"2026-07-17T06:15:07.844873385Z","level":"INFO","msg":"new user created","user_id":"b641e5b5-da07-4117-bf1d-889d6d0f8acd","email":"thejashreedevadiga37@gmail.com"}
Jul 17 06:15:07 vithsutra kiosk-server[2006197]: {"time":"2026-07-17T06:15:07.84500877Z","level":"INFO","msg":"google auth completed","user_id":"b641e5b5-da07-4117-bf1d-889d6d0f8acd","email":"thejashreedevadiga37@gmail.com"}
Jul 17 06:15:07 vithsutra kiosk-server[2006197]: {"time":"2026-07-17T06:15:07.845096743Z","level":"INFO","msg":"request","method":"POST","path":"/auth/google","status":200,"bytes":481,"duration_ms":114,"request_id":"vithsutra/yJhBRTSzdo-004679","remote_addr":"2409:408c:bec9:b5f7::d60b:ed0a"}
Jul 17 06:52:43 vithsutra kiosk-server[2006197]: {"time":"2026-07-17T06:52:43.18814017Z","level":"INFO","msg":"request","method":"OPTIONS","path":"/files/upload/init","status":204,"bytes":0,"duration_ms":0,"request_id":"vithsutra/yJhBRTSzdo-004680","remote_addr":"2401:4900:c91a:e36b:aff7:a607:7159:3c8d"}
Jul 17 06:52:43 vithsutra kiosk-server[2006197]: {"time":"2026-07-17T06:52:43.372433326Z","level":"INFO","msg":"USERID","userId:":"2204c54d-bcf5-4724-b480-be77e5646b87"}
Jul 17 06:52:43 vithsutra kiosk-server[2006197]: {"time":"2026-07-17T06:52:43.372475838Z","level":"INFO","msg":"USEREMAIL","userEmail:":"smithabhat29@gmail.com"}
Jul 17 06:52:43 vithsutra kiosk-server[2006197]: {"time":"2026-07-17T06:52:43.372490985Z","level":"INFO","msg":"init upload started","user_id":"2204c54d-bcf5-4724-b480-be77e5646b87","file_count":3,"request_payload":{"files":[{"file_name":"etb 2.pdf","content_type":"application/pdf"},{"file_name":"Tax 2.pdf","content_type":"application/pdf"},{"file_name":"m and a 2.pdf","content_type":"application/pdf"}]}}
Jul 17 06:52:45 vithsutra kiosk-server[2006197]: {"time":"2026-07-17T06:52:45.565246899Z","level":"INFO","msg":"upload session created","session_id":"f86c3410-6f4f-48d9-bb06-4a3986720089","user_id":"2204c54d-bcf5-4724-b480-be77e5646b87","expires_at":"2026-07-24T06:52:45.429031837Z"}
Jul 17 06:52:45 vithsutra kiosk-server[2006197]: {"time":"2026-07-17T06:52:45.904785122Z","level":"INFO","msg":"init upload completed","session_id":"f86c3410-6f4f-48d9-bb06-4a3986720089","user_id":"2204c54d-bcf5-4724-b480-be77e5646b87","file_count":3}
Jul 17 06:52:45 vithsutra kiosk-server[2006197]: {"time":"2026-07-17T06:52:45.905104267Z","level":"INFO","msg":"request","method":"POST","path":"/files/upload/init","status":201,"bytes":2566,"duration_ms":2532,"request_id":"vithsutra/yJhBRTSzdo-004681","remote_addr":"2401:4900:c91a:e36b:aff7:a607:7159:3c8d"}
Jul 17 06:52:48 vithsutra kiosk-server[2006197]: {"time":"2026-07-17T06:52:48.547733017Z","level":"INFO","msg":"request","method":"OPTIONS","path":"/files/upload/confirm","status":204,"bytes":0,"duration_ms":0,"request_id":"vithsutra/yJhBRTSzdo-004682","remote_addr":"2401:4900:c91a:e36b:aff7:a607:7159:3c8d"}
Jul 17 06:52:48 vithsutra kiosk-server[2006197]: {"time":"2026-07-17T06:52:48.737705088Z","level":"INFO","msg":"confirm upload started","session_id":"f86c3410-6f4f-48d9-bb06-4a3986720089","file_count":3}
Jul 17 06:52:48 vithsutra kiosk-server[2006197]: {"time":"2026-07-17T06:52:48.872888242Z","level":"INFO","msg":"session validated for confirm","session_id":"f86c3410-6f4f-48d9-bb06-4a3986720089","status":"created"}
Jul 17 06:52:49 vithsutra kiosk-server[2006197]: DEBUG HeadObject → bucket: aiet-printflow-upload-prod  key: uploads/staging/2204c54d-bcf5-4724-b480-be77e5646b87/f86c3410-6f4f-48d9-bb06-4a3986720089/a7d7afc1-7680-40f7-b236-1e4b5c8dd8fe.pdf
Jul 17 06:52:49 vithsutra kiosk-server[2006197]: {"time":"2026-07-17T06:52:49.532970379Z","level":"INFO","msg":"file price calculated","price":1,"sheets":1,"num_of_pages":1,"copies":1,"page_layout":1,"printing_mode":"monochromatic","printing_side":"single_side"}
Jul 17 06:52:49 vithsutra kiosk-server[2006197]: {"time":"2026-07-17T06:52:49.533008635Z","level":"INFO","msg":"Total done bebug","TotalAmount:":1,"TotalSheetes:":1}
Jul 17 06:52:49 vithsutra kiosk-server[2006197]: {"time":"2026-07-17T06:52:49.533019391Z","level":"INFO","msg":"Page Range bebugging","page_range:":["1"]}
Jul 17 06:52:49 vithsutra kiosk-server[2006197]: {"time":"2026-07-17T06:52:49.533031671Z","level":"INFO","msg":"file confirmed","session_id":"f86c3410-6f4f-48d9-bb06-4a3986720089","file_id":"a7d7afc1-7680-40f7-b236-1e4b5c8dd8fe","file_name":"etb 2.pdf","sheets":1,"price":1}
Jul 17 06:52:49 vithsutra kiosk-server[2006197]: DEBUG HeadObject → bucket: aiet-printflow-upload-prod  key: uploads/staging/2204c54d-bcf5-4724-b480-be77e5646b87/f86c3410-6f4f-48d9-bb06-4a3986720089/517ee1f6-1caf-486d-8e68-ed41dcb20750.pdf
Jul 17 06:52:49 vithsutra kiosk-server[2006197]: {"time":"2026-07-17T06:52:49.628160742Z","level":"INFO","msg":"file price calculated","price":1,"sheets":1,"num_of_pages":1,"copies":1,"page_layout":1,"printing_mode":"monochromatic","printing_side":"single_side"}
Jul 17 06:52:49 vithsutra kiosk-server[2006197]: {"time":"2026-07-17T06:52:49.628225992Z","level":"INFO","msg":"Total done bebug","TotalAmount:":2,"TotalSheetes:":2}
Jul 17 06:52:49 vithsutra kiosk-server[2006197]: {"time":"2026-07-17T06:52:49.628247343Z","level":"INFO","msg":"Page Range bebugging","page_range:":["1"]}
Jul 17 06:52:49 vithsutra kiosk-server[2006197]: {"time":"2026-07-17T06:52:49.628267656Z","level":"INFO","msg":"file confirmed","session_id":"f86c3410-6f4f-48d9-bb06-4a3986720089","file_id":"517ee1f6-1caf-486d-8e68-ed41dcb20750","file_name":"Tax 2.pdf","sheets":1,"price":1}
Jul 17 06:52:49 vithsutra kiosk-server[2006197]: DEBUG HeadObject → bucket: aiet-printflow-upload-prod  key: uploads/staging/2204c54d-bcf5-4724-b480-be77e5646b87/f86c3410-6f4f-48d9-bb06-4a3986720089/56ad6f12-c1c7-4439-9c13-36774d72b7c6.pdf
Jul 17 06:52:49 vithsutra kiosk-server[2006197]: {"time":"2026-07-17T06:52:49.72216329Z","level":"INFO","msg":"file price calculated","price":1,"sheets":1,"num_of_pages":1,"copies":1,"page_layout":1,"printing_mode":"monochromatic","printing_side":"single_side"}
Jul 17 06:52:49 vithsutra kiosk-server[2006197]: {"time":"2026-07-17T06:52:49.722210083Z","level":"INFO","msg":"Total done bebug","TotalAmount:":3,"TotalSheetes:":3}
Jul 17 06:52:49 vithsutra kiosk-server[2006197]: {"time":"2026-07-17T06:52:49.722226114Z","level":"INFO","msg":"Page Range bebugging","page_range:":["1"]}
Jul 17 06:52:49 vithsutra kiosk-server[2006197]: {"time":"2026-07-17T06:52:49.722243885Z","level":"INFO","msg":"file confirmed","session_id":"f86c3410-6f4f-48d9-bb06-4a3986720089","file_id":"56ad6f12-c1c7-4439-9c13-36774d72b7c6","file_name":"m and a 2.pdf","sheets":1,"price":1}
Jul 17 06:52:49 vithsutra kiosk-server[2006197]: DEBUG: PageRange in UpdateFileWithPrintOptions: [1]
Jul 17 06:52:49 vithsutra kiosk-server[2006197]: DEBUG: PageRange in UpdateFileWithPrintOptions: [1]
Jul 17 06:52:49 vithsutra kiosk-server[2006197]: DEBUG: PageRange in UpdateFileWithPrintOptions: [1]
Jul 17 06:52:50 vithsutra kiosk-server[2006197]: {"time":"2026-07-17T06:52:50.267153887Z","level":"INFO","msg":"confirm upload completed","session_id":"f86c3410-6f4f-48d9-bb06-4a3986720089","total_sheets":3,"total_amount":3}
Jul 17 06:52:50 vithsutra kiosk-server[2006197]: {"time":"2026-07-17T06:52:50.267296797Z","level":"INFO","msg":"request","method":"POST","path":"/files/upload/confirm","status":200,"bytes":701,"duration_ms":1529,"request_id":"vithsutra/yJhBRTSzdo-004683","remote_addr":"2401:4900:c91a:e36b:aff7:a607:7159:3c8d"}
Jul 17 06:52:50 vithsutra kiosk-server[2006197]: {"time":"2026-07-17T06:52:50.50177775Z","level":"INFO","msg":"request","method":"OPTIONS","path":"/payments/create","status":204,"bytes":0,"duration_ms":0,"request_id":"vithsutra/yJhBRTSzdo-004684","remote_addr":"2401:4900:c91a:e36b:aff7:a607:7159:3c8d"}
Jul 17 06:52:50 vithsutra kiosk-server[2006197]: {"time":"2026-07-17T06:52:50.673722287Z","level":"INFO","msg":"create payment order started","session_id":"f86c3410-6f4f-48d9-bb06-4a3986720089","amount_paise_frontend":300}
Jul 17 06:52:51 vithsutra kiosk-server[2006197]: {"time":"2026-07-17T06:52:51.209008651Z","level":"INFO","msg":"razorpay order created","session_id":"f86c3410-6f4f-48d9-bb06-4a3986720089","razorpay_order_id":"order_TETfmGnaD2kbs6","amount_paise":300}
Jul 17 06:52:51 vithsutra kiosk-server[2006197]: {"time":"2026-07-17T06:52:51.344658353Z","level":"INFO","msg":"create payment order completed","session_id":"f86c3410-6f4f-48d9-bb06-4a3986720089","payment_id":"bc5cbfe0-09f6-4c29-8de4-58ed8eabd241","razorpay_order_id":"order_TETfmGnaD2kbs6"}
Jul 17 06:52:51 vithsutra kiosk-server[2006197]: {"time":"2026-07-17T06:52:51.344705686Z","level":"INFO","msg":"Amount:","Amount_paise":300}
Jul 17 06:52:51 vithsutra kiosk-server[2006197]: {"time":"2026-07-17T06:52:51.344798225Z","level":"INFO","msg":"request","method":"POST","path":"/payments/create","status":201,"bytes":232,"duration_ms":671,"request_id":"vithsutra/yJhBRTSzdo-004685","remote_addr":"2401:4900:c91a:e36b:aff7:a607:7159:3c8d"}
Jul 17 06:53:13 vithsutra kiosk-server[2006197]: {"time":"2026-07-17T06:53:13.799627156Z","level":"INFO","msg":"webhook received","event":"payment.captured"}
Jul 17 06:53:13 vithsutra kiosk-server[2006197]: {"time":"2026-07-17T06:53:13.799671174Z","level":"INFO","msg":"processing payment success","razorpay_order_id":"order_TETfmGnaD2kbs6","razorpay_payment_id":"pay_TETftE0zKvW4fG"}
Jul 17 06:53:14 vithsutra kiosk-server[2006197]: {"time":"2026-07-17T06:53:14.445755953Z","level":"INFO","msg":"file promoted","session_id":"f86c3410-6f4f-48d9-bb06-4a3986720089","file_id":"a7d7afc1-7680-40f7-b236-1e4b5c8dd8fe","final_key":"uploads/final/2204c54d-bcf5-4724-b480-be77e5646b87/f86c3410-6f4f-48d9-bb06-4a3986720089/a7d7afc1-7680-40f7-b236-1e4b5c8dd8fe.pdf"}
Jul 17 06:53:14 vithsutra kiosk-server[2006197]: {"time":"2026-07-17T06:53:14.552336638Z","level":"INFO","msg":"file promoted","session_id":"f86c3410-6f4f-48d9-bb06-4a3986720089","file_id":"517ee1f6-1caf-486d-8e68-ed41dcb20750","final_key":"uploads/final/2204c54d-bcf5-4724-b480-be77e5646b87/f86c3410-6f4f-48d9-bb06-4a3986720089/517ee1f6-1caf-486d-8e68-ed41dcb20750.pdf"}
Jul 17 06:53:14 vithsutra kiosk-server[2006197]: {"time":"2026-07-17T06:53:14.667092492Z","level":"INFO","msg":"file promoted","session_id":"f86c3410-6f4f-48d9-bb06-4a3986720089","file_id":"56ad6f12-c1c7-4439-9c13-36774d72b7c6","final_key":"uploads/final/2204c54d-bcf5-4724-b480-be77e5646b87/f86c3410-6f4f-48d9-bb06-4a3986720089/56ad6f12-c1c7-4439-9c13-36774d72b7c6.pdf"}
Jul 17 06:53:15 vithsutra kiosk-server[2006197]: {"time":"2026-07-17T06:53:15.348384553Z","level":"INFO","msg":"payment success committed","session_id":"f86c3410-6f4f-48d9-bb06-4a3986720089","razorpay_order_id":"order_TETfmGnaD2kbs6","razorpay_payment_id":"pay_TETftE0zKvW4fG","files_promoted":3}
Jul 17 06:53:15 vithsutra kiosk-server[2006197]: {"time":"2026-07-17T06:53:15.348501821Z","level":"INFO","msg":"request","method":"POST","path":"/webhooks/razorpay","status":200,"bytes":21,"duration_ms":1549,"request_id":"vithsutra/yJhBRTSzdo-004686","remote_addr":"52.66.75.174"}
Jul 17 06:53:30 vithsutra kiosk-server[2006197]: {"time":"2026-07-17T06:53:30.740204315Z","level":"INFO","msg":"request","method":"OPTIONS","path":"/payments/status/f86c3410-6f4f-48d9-bb06-4a3986720089","status":204,"bytes":0,"duration_ms":0,"request_id":"vithsutra/yJhBRTSzdo-004687","remote_addr":"2401:4900:c91a:e36b:aff7:a607:7159:3c8d"}
Jul 17 06:53:31 vithsutra kiosk-server[2006197]: {"time":"2026-07-17T06:53:31.060790603Z","level":"INFO","msg":"get job by session ID started","session_id":"f86c3410-6f4f-48d9-bb06-4a3986720089"}
Jul 17 06:53:31 vithsutra kiosk-server[2006197]: {"time":"2026-07-17T06:53:31.129506828Z","level":"INFO","msg":"Token Debugging","Token:":"828328"}
Jul 17 06:53:31 vithsutra kiosk-server[2006197]: {"time":"2026-07-17T06:53:31.198796222Z","level":"INFO","msg":"get job by session ID completed","session_id":"f86c3410-6f4f-48d9-bb06-4a3986720089","file_count":3}
Jul 17 06:53:31 vithsutra kiosk-server[2006197]: {"time":"2026-07-17T06:53:31.19899701Z","level":"INFO","msg":"request","method":"GET","path":"/payments/status/f86c3410-6f4f-48d9-bb06-4a3986720089","status":200,"bytes":1480,"duration_ms":138,"request_id":"vithsutra/yJhBRTSzdo-004688","remote_addr":"2401:4900:c91a:e36b:aff7:a607:7159:3c8d"}
Jul 17 06:53:44 vithsutra kiosk-server[2006197]: {"time":"2026-07-17T06:53:44.872862987Z","level":"INFO","msg":"get job by token started","token":828328}
Jul 17 06:53:45 vithsutra kiosk-server[2006197]: DEBUG PRESIGN GET URL: https://aiet-printflow-upload-prod.s3.ap-south-1.amazonaws.com/uploads/final/2204c54d-bcf5-4724-b480-be77e5646b87/f86c3410-6f4f-48d9-bb06-4a3986720089/a7d7afc1-7680-40f7-b236-1e4b5c8dd8fe.pdf?X-Amz-Algorithm=AWS4-HMAC-SHA256&X-Amz-Checksum-Mode=ENABLED&X-Amz-Credential=AKIAURY6ZINDKCABHGV3%2F20260717%2Fap-south-1%2Fs3%2Faws4_request&X-Amz-Date=20260717T065345Z&X-Amz-Expires=900&X-Amz-SignedHeaders=host&x-id=GetObject&X-Amz-Signature=fdcacae7eacfc9a640d52f429b1c26c66eed7970247cbd6181186aa606111f29
Jul 17 06:53:45 vithsutra kiosk-server[2006197]: {"time":"2026-07-17T06:53:45.082102799Z","level":"INFO","msg":"final_Key_Bebugging","final_key:":"uploads/final/2204c54d-bcf5-4724-b480-be77e5646b87/f86c3410-6f4f-48d9-bb06-4a3986720089/a7d7afc1-7680-40f7-b236-1e4b5c8dd8fe.pdf"}
Jul 17 06:53:45 vithsutra kiosk-server[2006197]: DEBUG PRESIGN GET URL: https://aiet-printflow-upload-prod.s3.ap-south-1.amazonaws.com/uploads/final/2204c54d-bcf5-4724-b480-be77e5646b87/f86c3410-6f4f-48d9-bb06-4a3986720089/517ee1f6-1caf-486d-8e68-ed41dcb20750.pdf?X-Amz-Algorithm=AWS4-HMAC-SHA256&X-Amz-Checksum-Mode=ENABLED&X-Amz-Credential=AKIAURY6ZINDKCABHGV3%2F20260717%2Fap-south-1%2Fs3%2Faws4_request&X-Amz-Date=20260717T065345Z&X-Amz-Expires=900&X-Amz-SignedHeaders=host&x-id=GetObject&X-Amz-Signature=81313168aeca8bf60d8d1f5269e9996b5d3fa4bf8e384e7a5e755cc8127775d9
Jul 17 06:53:45 vithsutra kiosk-server[2006197]: {"time":"2026-07-17T06:53:45.082353491Z","level":"INFO","msg":"final_Key_Bebugging","final_key:":"uploads/final/2204c54d-bcf5-4724-b480-be77e5646b87/f86c3410-6f4f-48d9-bb06-4a3986720089/517ee1f6-1caf-486d-8e68-ed41dcb20750.pdf"}
Jul 17 06:53:45 vithsutra kiosk-server[2006197]: DEBUG PRESIGN GET URL: https://aiet-printflow-upload-prod.s3.ap-south-1.amazonaws.com/uploads/final/2204c54d-bcf5-4724-b480-be77e5646b87/f86c3410-6f4f-48d9-bb06-4a3986720089/56ad6f12-c1c7-4439-9c13-36774d72b7c6.pdf?X-Amz-Algorithm=AWS4-HMAC-SHA256&X-Amz-Checksum-Mode=ENABLED&X-Amz-Credential=AKIAURY6ZINDKCABHGV3%2F20260717%2Fap-south-1%2Fs3%2Faws4_request&X-Amz-Date=20260717T065345Z&X-Amz-Expires=900&X-Amz-SignedHeaders=host&x-id=GetObject&X-Amz-Signature=672e7e21df58165b07fb19c9f058e7cfa5e3e583874d2507e406609affbd46bf
Jul 17 06:53:45 vithsutra kiosk-server[2006197]: {"time":"2026-07-17T06:53:45.082728172Z","level":"INFO","msg":"final_Key_Bebugging","final_key:":"uploads/final/2204c54d-bcf5-4724-b480-be77e5646b87/f86c3410-6f4f-48d9-bb06-4a3986720089/56ad6f12-c1c7-4439-9c13-36774d72b7c6.pdf"}
Jul 17 06:53:45 vithsutra kiosk-server[2006197]: {"time":"2026-07-17T06:53:45.082747088Z","level":"INFO","msg":"get job by token completed","token":828328,"session_id":"f86c3410-6f4f-48d9-bb06-4a3986720089","file_count":3}
Jul 17 06:53:45 vithsutra kiosk-server[2006197]: {"time":"2026-07-17T06:53:45.082884938Z","level":"INFO","msg":"request","method":"POST","path":"/print/jobs/token","status":200,"bytes":2460,"duration_ms":210,"request_id":"vithsutra/yJhBRTSzdo-004689","remote_addr":"103.89.233.254"}
Jul 17 06:54:10 vithsutra kiosk-server[2006197]: {"time":"2026-07-17T06:54:10.401246133Z","level":"INFO","msg":"expire session after printing started","session_id":"f86c3410-6f4f-48d9-bb06-4a3986720089"}
Jul 17 06:54:10 vithsutra kiosk-server[2006197]: {"time":"2026-07-17T06:54:10.61694706Z","level":"INFO","msg":"session marked completed","session_id":"f86c3410-6f4f-48d9-bb06-4a3986720089"}
Jul 17 06:54:10 vithsutra kiosk-server[2006197]: {"time":"2026-07-17T06:54:10.753653363Z","level":"WARN","msg":"no completed file found for session f86c3410-6f4f-48d9-bb06-4a3986720089","code":"no_completed_file"}
Jul 17 06:54:10 vithsutra kiosk-server[2006197]: {"time":"2026-07-17T06:54:10.753778482Z","level":"INFO","msg":"request","method":"POST","path":"/print/jobs/expire","status":404,"bytes":124,"duration_ms":352,"request_id":"vithsutra/yJhBRTSzdo-004690","remote_addr":"103.89.233.254"}
Jul 17 06:54:18 vithsutra kiosk-server[2006197]: {"time":"2026-07-17T06:54:18.553406953Z","level":"INFO","msg":"expire session after printing started","session_id":"f86c3410-6f4f-48d9-bb06-4a3986720089"}
Jul 17 06:54:18 vithsutra kiosk-server[2006197]: {"time":"2026-07-17T06:54:18.62327641Z","level":"WARN","msg":"this session has already been completed","code":"session_already_completed"}
Jul 17 06:54:18 vithsutra kiosk-server[2006197]: {"time":"2026-07-17T06:54:18.623375202Z","level":"INFO","msg":"request","method":"POST","path":"/print/jobs/expire","status":400,"bytes":99,"duration_ms":70,"request_id":"vithsutra/yJhBRTSzdo-004691","remote_addr":"103.89.233.254"}
Jul 17 06:54:31 vithsutra kiosk-server[2006197]: {"time":"2026-07-17T06:54:31.796283124Z","level":"INFO","msg":"expire session after printing started","session_id":"f86c3410-6f4f-48d9-bb06-4a3986720089"}
Jul 17 06:54:31 vithsutra kiosk-server[2006197]: {"time":"2026-07-17T06:54:31.864021883Z","level":"WARN","msg":"this session has already been completed","code":"session_already_completed"}
Jul 17 06:54:31 vithsutra kiosk-server[2006197]: {"time":"2026-07-17T06:54:31.864112371Z","level":"INFO","msg":"request","method":"POST","path":"/print/jobs/expire","status":400,"bytes":99,"duration_ms":67,"request_id":"vithsutra/yJhBRTSzdo-004692","remote_addr":"103.89.233.254"}
Jul 17 06:58:07 vithsutra kiosk-server[2006197]: {"time":"2026-07-17T06:58:07.421221227Z","level":"INFO","msg":"request","method":"OPTIONS","path":"/auth/google","status":204,"bytes":0,"duration_ms":0,"request_id":"vithsutra/yJhBRTSzdo-004693","remote_addr":"2409:408c:beb3:fd61::7c0b:30e"}
Jul 17 06:58:08 vithsutra kiosk-server[2006197]: {"time":"2026-07-17T06:58:08.464047581Z","level":"INFO","msg":"google auth started"}
Jul 17 06:58:08 vithsutra kiosk-server[2006197]: {"time":"2026-07-17T06:58:08.464434126Z","level":"INFO","msg":"google token verified","google_id":"104396182380842950728","email":"pranamyapoojary23@gmail.com"}
Jul 17 06:58:09 vithsutra kiosk-server[2006197]: {"time":"2026-07-17T06:58:09.535212575Z","level":"INFO","msg":"new user — creating account","google_id":"104396182380842950728","email":"pranamyapoojary23@gmail.com"}
Jul 17 06:58:09 vithsutra kiosk-server[2006197]: {"time":"2026-07-17T06:58:09.639602297Z","level":"INFO","msg":"new user created","user_id":"3be9ad8d-49cd-4249-87de-31b3eb016685","email":"pranamyapoojary23@gmail.com"}
Jul 17 06:58:09 vithsutra kiosk-server[2006197]: {"time":"2026-07-17T06:58:09.639802127Z","level":"INFO","msg":"google auth completed","user_id":"3be9ad8d-49cd-4249-87de-31b3eb016685","email":"pranamyapoojary23@gmail.com"}
Jul 17 06:58:09 vithsutra kiosk-server[2006197]: {"time":"2026-07-17T06:58:09.639933104Z","level":"INFO","msg":"request","method":"POST","path":"/auth/google","status":200,"bytes":467,"duration_ms":1176,"request_id":"vithsutra/yJhBRTSzdo-004694","remote_addr":"2409:408c:beb3:fd61::7c0b:30e"}
Jul 17 06:59:34 vithsutra kiosk-server[2006197]: {"time":"2026-07-17T06:59:34.760400717Z","level":"INFO","msg":"request","method":"OPTIONS","path":"/files/upload/init","status":204,"bytes":0,"duration_ms":0,"request_id":"vithsutra/yJhBRTSzdo-004695","remote_addr":"2409:40f2:314b:e960:35f6:6825:d7f7:47df"}
Jul 17 06:59:35 vithsutra kiosk-server[2006197]: {"time":"2026-07-17T06:59:35.576405947Z","level":"INFO","msg":"USERID","userId:":"ebbe6137-3966-4fb9-92bd-79ac60c0a6d3"}
Jul 17 06:59:35 vithsutra kiosk-server[2006197]: {"time":"2026-07-17T06:59:35.576452906Z","level":"INFO","msg":"USEREMAIL","userEmail:":"sushmanayak279@gmail.com"}
Jul 17 06:59:35 vithsutra kiosk-server[2006197]: {"time":"2026-07-17T06:59:35.576470256Z","level":"INFO","msg":"init upload started","user_id":"ebbe6137-3966-4fb9-92bd-79ac60c0a6d3","file_count":8,"request_payload":{"files":[{"file_name":"declaration sushma final.pdf","content_type":"application/pdf"},{"file_name":"ifm report.pdf","content_type":"application/pdf"},{"file_name":"i and d 1.0.pdf","content_type":"application/pdf"},{"file_name":"s etb 2.pdf","content_type":"application/pdf"},{"file_name":"IFM 1.pdf","content_type":"application/pdf"},{"file_name":"I AND D 1.pdf","content_type":"application/pdf"},{"file_name":"IFM 2.pdf","content_type":"application/pdf"},{"file_name":"ETB.pdf","content_type":"application/pdf"}]}}
Jul 17 06:59:35 vithsutra kiosk-server[2006197]: {"time":"2026-07-17T06:59:35.733101623Z","level":"INFO","msg":"upload session created","session_id":"27fb4d48-38be-4f04-a3ff-094f594f83f1","user_id":"ebbe6137-3966-4fb9-92bd-79ac60c0a6d3","expires_at":"2026-07-24T06:59:35.629413432Z"}
Jul 17 06:59:36 vithsutra kiosk-server[2006197]: {"time":"2026-07-17T06:59:36.250268811Z","level":"INFO","msg":"init upload completed","session_id":"27fb4d48-38be-4f04-a3ff-094f594f83f1","user_id":"ebbe6137-3966-4fb9-92bd-79ac60c0a6d3","file_count":8}
Jul 17 06:59:36 vithsutra kiosk-server[2006197]: {"time":"2026-07-17T06:59:36.250828279Z","level":"INFO","msg":"request","method":"POST","path":"/files/upload/init","status":201,"bytes":6581,"duration_ms":674,"request_id":"vithsutra/yJhBRTSzdo-004696","remote_addr":"2409:40f2:314b:e960:35f6:6825:d7f7:47df"}
Jul 17 06:59:39 vithsutra kiosk-server[2006197]: {"time":"2026-07-17T06:59:39.705138498Z","level":"INFO","msg":"request","method":"OPTIONS","path":"/files/upload/confirm","status":204,"bytes":0,"duration_ms":0,"request_id":"vithsutra/yJhBRTSzdo-004697","remote_addr":"2409:40f2:314b:e960:35f6:6825:d7f7:47df"}
Jul 17 06:59:40 vithsutra kiosk-server[2006197]: {"time":"2026-07-17T06:59:40.104539956Z","level":"INFO","msg":"confirm upload started","session_id":"27fb4d48-38be-4f04-a3ff-094f594f83f1","file_count":8}
Jul 17 06:59:40 vithsutra kiosk-server[2006197]: {"time":"2026-07-17T06:59:40.207394221Z","level":"INFO","msg":"session validated for confirm","session_id":"27fb4d48-38be-4f04-a3ff-094f594f83f1","status":"created"}
Jul 17 06:59:40 vithsutra kiosk-server[2006197]: DEBUG HeadObject → bucket: aiet-printflow-upload-prod  key: uploads/staging/ebbe6137-3966-4fb9-92bd-79ac60c0a6d3/27fb4d48-38be-4f04-a3ff-094f594f83f1/f5252a52-8532-4f7d-962c-3505a3f2d6b0.pdf
Jul 17 06:59:40 vithsutra kiosk-server[2006197]: {"time":"2026-07-17T06:59:40.667038806Z","level":"INFO","msg":"file price calculated","price":1,"sheets":1,"num_of_pages":1,"copies":1,"page_layout":1,"printing_mode":"monochromatic","printing_side":"single_side"}
Jul 17 06:59:40 vithsutra kiosk-server[2006197]: {"time":"2026-07-17T06:59:40.667106877Z","level":"INFO","msg":"Total done bebug","TotalAmount:":1,"TotalSheetes:":1}
Jul 17 06:59:40 vithsutra kiosk-server[2006197]: {"time":"2026-07-17T06:59:40.667129063Z","level":"INFO","msg":"Page Range bebugging","page_range:":["1"]}
Jul 17 06:59:40 vithsutra kiosk-server[2006197]: {"time":"2026-07-17T06:59:40.667151672Z","level":"INFO","msg":"file confirmed","session_id":"27fb4d48-38be-4f04-a3ff-094f594f83f1","file_id":"f5252a52-8532-4f7d-962c-3505a3f2d6b0","file_name":"declaration sushma final.pdf","sheets":1,"price":1}
Jul 17 06:59:40 vithsutra kiosk-server[2006197]: DEBUG HeadObject → bucket: aiet-printflow-upload-prod  key: uploads/staging/ebbe6137-3966-4fb9-92bd-79ac60c0a6d3/27fb4d48-38be-4f04-a3ff-094f594f83f1/f54f18ba-be73-4176-8477-de47068da50f.pdf
Jul 17 06:59:40 vithsutra kiosk-server[2006197]: {"time":"2026-07-17T06:59:40.748120677Z","level":"INFO","msg":"file price calculated","price":5,"sheets":5,"num_of_pages":5,"copies":1,"page_layout":1,"printing_mode":"monochromatic","printing_side":"single_side"}
Jul 17 06:59:40 vithsutra kiosk-server[2006197]: {"time":"2026-07-17T06:59:40.748185647Z","level":"INFO","msg":"Total done bebug","TotalAmount:":6,"TotalSheetes:":6}
Jul 17 06:59:40 vithsutra kiosk-server[2006197]: {"time":"2026-07-17T06:59:40.748207543Z","level":"INFO","msg":"Page Range bebugging","page_range:":["1-5"]}
Jul 17 06:59:40 vithsutra kiosk-server[2006197]: {"time":"2026-07-17T06:59:40.74822926Z","level":"INFO","msg":"file confirmed","session_id":"27fb4d48-38be-4f04-a3ff-094f594f83f1","file_id":"f54f18ba-be73-4176-8477-de47068da50f","file_name":"ifm report.pdf","sheets":5,"price":5}
Jul 17 06:59:40 vithsutra kiosk-server[2006197]: DEBUG HeadObject → bucket: aiet-printflow-upload-prod  key: uploads/staging/ebbe6137-3966-4fb9-92bd-79ac60c0a6d3/27fb4d48-38be-4f04-a3ff-094f594f83f1/b4978d33-0b7a-46e8-8863-b400480f91dc.pdf
Jul 17 06:59:40 vithsutra kiosk-server[2006197]: {"time":"2026-07-17T06:59:40.82979843Z","level":"INFO","msg":"file price calculated","price":1,"sheets":1,"num_of_pages":1,"copies":1,"page_layout":1,"printing_mode":"monochromatic","printing_side":"single_side"}
Jul 17 06:59:40 vithsutra kiosk-server[2006197]: {"time":"2026-07-17T06:59:40.829823004Z","level":"INFO","msg":"Total done bebug","TotalAmount:":7,"TotalSheetes:":7}
Jul 17 06:59:40 vithsutra kiosk-server[2006197]: {"time":"2026-07-17T06:59:40.829837471Z","level":"INFO","msg":"Page Range bebugging","page_range:":["1"]}
Jul 17 06:59:40 vithsutra kiosk-server[2006197]: {"time":"2026-07-17T06:59:40.829846881Z","level":"INFO","msg":"file confirmed","session_id":"27fb4d48-38be-4f04-a3ff-094f594f83f1","file_id":"b4978d33-0b7a-46e8-8863-b400480f91dc","file_name":"i and d 1.0.pdf","sheets":1,"price":1}
Jul 17 06:59:40 vithsutra kiosk-server[2006197]: DEBUG HeadObject → bucket: aiet-printflow-upload-prod  key: uploads/staging/ebbe6137-3966-4fb9-92bd-79ac60c0a6d3/27fb4d48-38be-4f04-a3ff-094f594f83f1/b24b41e9-c979-425e-9241-786e816cc330.pdf
Jul 17 06:59:40 vithsutra kiosk-server[2006197]: {"time":"2026-07-17T06:59:40.911214439Z","level":"INFO","msg":"file price calculated","price":1,"sheets":1,"num_of_pages":1,"copies":1,"page_layout":1,"printing_mode":"monochromatic","printing_side":"single_side"}
Jul 17 06:59:40 vithsutra kiosk-server[2006197]: {"time":"2026-07-17T06:59:40.911273039Z","level":"INFO","msg":"Total done bebug","TotalAmount:":8,"TotalSheetes:":8}
Jul 17 06:59:40 vithsutra kiosk-server[2006197]: {"time":"2026-07-17T06:59:40.911295343Z","level":"INFO","msg":"Page Range bebugging","page_range:":["1"]}
Jul 17 06:59:40 vithsutra kiosk-server[2006197]: {"time":"2026-07-17T06:59:40.911318149Z","level":"INFO","msg":"file confirmed","session_id":"27fb4d48-38be-4f04-a3ff-094f594f83f1","file_id":"b24b41e9-c979-425e-9241-786e816cc330","file_name":"s etb 2.pdf","sheets":1,"price":1}
Jul 17 06:59:40 vithsutra kiosk-server[2006197]: DEBUG HeadObject → bucket: aiet-printflow-upload-prod  key: uploads/staging/ebbe6137-3966-4fb9-92bd-79ac60c0a6d3/27fb4d48-38be-4f04-a3ff-094f594f83f1/eebc054b-3858-4d7d-bf50-8148acd01f7c.pdf
Jul 17 06:59:40 vithsutra kiosk-server[2006197]: {"time":"2026-07-17T06:59:40.994235305Z","level":"INFO","msg":"file price calculated","price":1,"sheets":1,"num_of_pages":1,"copies":1,"page_layout":1,"printing_mode":"monochromatic","printing_side":"single_side"}
Jul 17 06:59:40 vithsutra kiosk-server[2006197]: {"time":"2026-07-17T06:59:40.994292119Z","level":"INFO","msg":"Total done bebug","TotalAmount:":9,"TotalSheetes:":9}
Jul 17 06:59:40 vithsutra kiosk-server[2006197]: {"time":"2026-07-17T06:59:40.99431229Z","level":"INFO","msg":"Page Range bebugging","page_range:":["1"]}
Jul 17 06:59:40 vithsutra kiosk-server[2006197]: {"time":"2026-07-17T06:59:40.994333137Z","level":"INFO","msg":"file confirmed","session_id":"27fb4d48-38be-4f04-a3ff-094f594f83f1","file_id":"eebc054b-3858-4d7d-bf50-8148acd01f7c","file_name":"IFM 1.pdf","sheets":1,"price":1}
Jul 17 06:59:41 vithsutra kiosk-server[2006197]: DEBUG HeadObject → bucket: aiet-printflow-upload-prod  key: uploads/staging/ebbe6137-3966-4fb9-92bd-79ac60c0a6d3/27fb4d48-38be-4f04-a3ff-094f594f83f1/673b11e8-c395-4d0a-b164-20ddbaa08898.pdf
Jul 17 06:59:41 vithsutra kiosk-server[2006197]: {"time":"2026-07-17T06:59:41.077144782Z","level":"INFO","msg":"file price calculated","price":1,"sheets":1,"num_of_pages":1,"copies":1,"page_layout":1,"printing_mode":"monochromatic","printing_side":"single_side"}
Jul 17 06:59:41 vithsutra kiosk-server[2006197]: {"time":"2026-07-17T06:59:41.077191201Z","level":"INFO","msg":"Total done bebug","TotalAmount:":10,"TotalSheetes:":10}
Jul 17 06:59:41 vithsutra kiosk-server[2006197]: {"time":"2026-07-17T06:59:41.077205754Z","level":"INFO","msg":"Page Range bebugging","page_range:":["1"]}
Jul 17 06:59:41 vithsutra kiosk-server[2006197]: {"time":"2026-07-17T06:59:41.077221186Z","level":"INFO","msg":"file confirmed","session_id":"27fb4d48-38be-4f04-a3ff-094f594f83f1","file_id":"673b11e8-c395-4d0a-b164-20ddbaa08898","file_name":"I AND D 1.pdf","sheets":1,"price":1}
Jul 17 06:59:41 vithsutra kiosk-server[2006197]: DEBUG HeadObject → bucket: aiet-printflow-upload-prod  key: uploads/staging/ebbe6137-3966-4fb9-92bd-79ac60c0a6d3/27fb4d48-38be-4f04-a3ff-094f594f83f1/c6074f36-15f7-4557-9822-255f96a6e3db.pdf
Jul 17 06:59:41 vithsutra kiosk-server[2006197]: {"time":"2026-07-17T06:59:41.159703499Z","level":"INFO","msg":"file price calculated","price":1,"sheets":1,"num_of_pages":1,"copies":1,"page_layout":1,"printing_mode":"monochromatic","printing_side":"single_side"}
Jul 17 06:59:41 vithsutra kiosk-server[2006197]: {"time":"2026-07-17T06:59:41.159778388Z","level":"INFO","msg":"Total done bebug","TotalAmount:":11,"TotalSheetes:":11}
Jul 17 06:59:41 vithsutra kiosk-server[2006197]: {"time":"2026-07-17T06:59:41.159801864Z","level":"INFO","msg":"Page Range bebugging","page_range:":["1"]}
Jul 17 06:59:41 vithsutra kiosk-server[2006197]: {"time":"2026-07-17T06:59:41.159825765Z","level":"INFO","msg":"file confirmed","session_id":"27fb4d48-38be-4f04-a3ff-094f594f83f1","file_id":"c6074f36-15f7-4557-9822-255f96a6e3db","file_name":"IFM 2.pdf","sheets":1,"price":1}
Jul 17 06:59:41 vithsutra kiosk-server[2006197]: DEBUG HeadObject → bucket: aiet-printflow-upload-prod  key: uploads/staging/ebbe6137-3966-4fb9-92bd-79ac60c0a6d3/27fb4d48-38be-4f04-a3ff-094f594f83f1/243a6d2c-91db-4c56-97c0-2df996cc4173.pdf
Jul 17 06:59:41 vithsutra kiosk-server[2006197]: {"time":"2026-07-17T06:59:41.242381055Z","level":"INFO","msg":"file price calculated","price":1,"sheets":1,"num_of_pages":1,"copies":1,"page_layout":1,"printing_mode":"monochromatic","printing_side":"single_side"}
Jul 17 06:59:41 vithsutra kiosk-server[2006197]: {"time":"2026-07-17T06:59:41.242438317Z","level":"INFO","msg":"Total done bebug","TotalAmount:":12,"TotalSheetes:":12}
Jul 17 06:59:41 vithsutra kiosk-server[2006197]: {"time":"2026-07-17T06:59:41.242458548Z","level":"INFO","msg":"Page Range bebugging","page_range:":["1"]}
Jul 17 06:59:41 vithsutra kiosk-server[2006197]: {"time":"2026-07-17T06:59:41.242478904Z","level":"INFO","msg":"file confirmed","session_id":"27fb4d48-38be-4f04-a3ff-094f594f83f1","file_id":"243a6d2c-91db-4c56-97c0-2df996cc4173","file_name":"ETB.pdf","sheets":1,"price":1}
Jul 17 06:59:41 vithsutra kiosk-server[2006197]: DEBUG: PageRange in UpdateFileWithPrintOptions: [1]
Jul 17 06:59:41 vithsutra kiosk-server[2006197]: DEBUG: PageRange in UpdateFileWithPrintOptions: [1-5]
Jul 17 06:59:41 vithsutra kiosk-server[2006197]: DEBUG: PageRange in UpdateFileWithPrintOptions: [1]
Jul 17 06:59:41 vithsutra kiosk-server[2006197]: DEBUG: PageRange in UpdateFileWithPrintOptions: [1]
Jul 17 06:59:41 vithsutra kiosk-server[2006197]: DEBUG: PageRange in UpdateFileWithPrintOptions: [1]
Jul 17 06:59:41 vithsutra kiosk-server[2006197]: DEBUG: PageRange in UpdateFileWithPrintOptions: [1]
Jul 17 06:59:41 vithsutra kiosk-server[2006197]: DEBUG: PageRange in UpdateFileWithPrintOptions: [1]
Jul 17 06:59:41 vithsutra kiosk-server[2006197]: DEBUG: PageRange in UpdateFileWithPrintOptions: [1]
Jul 17 06:59:41 vithsutra kiosk-server[2006197]: {"time":"2026-07-17T06:59:41.913956509Z","level":"INFO","msg":"confirm upload completed","session_id":"27fb4d48-38be-4f04-a3ff-094f594f83f1","total_sheets":12,"total_amount":12}
Jul 17 06:59:41 vithsutra kiosk-server[2006197]: {"time":"2026-07-17T06:59:41.914139875Z","level":"INFO","msg":"request","method":"POST","path":"/files/upload/confirm","status":200,"bytes":1618,"duration_ms":1809,"request_id":"vithsutra/yJhBRTSzdo-004698","remote_addr":"2409:40f2:314b:e960:35f6:6825:d7f7:47df"}
Jul 17 06:59:42 vithsutra kiosk-server[2006197]: {"time":"2026-07-17T06:59:42.429096435Z","level":"INFO","msg":"request","method":"OPTIONS","path":"/payments/create","status":204,"bytes":0,"duration_ms":0,"request_id":"vithsutra/yJhBRTSzdo-004699","remote_addr":"2409:40f2:314b:e960:35f6:6825:d7f7:47df"}
Jul 17 06:59:42 vithsutra kiosk-server[2006197]: {"time":"2026-07-17T06:59:42.829490526Z","level":"INFO","msg":"create payment order started","session_id":"27fb4d48-38be-4f04-a3ff-094f594f83f1","amount_paise_frontend":1200}
Jul 17 06:59:43 vithsutra kiosk-server[2006197]: {"time":"2026-07-17T06:59:43.137771547Z","level":"INFO","msg":"razorpay order created","session_id":"27fb4d48-38be-4f04-a3ff-094f594f83f1","razorpay_order_id":"order_TETn1v4r2MFzuc","amount_paise":1200}
Jul 17 06:59:43 vithsutra kiosk-server[2006197]: {"time":"2026-07-17T06:59:43.24257572Z","level":"INFO","msg":"create payment order completed","session_id":"27fb4d48-38be-4f04-a3ff-094f594f83f1","payment_id":"1bc8b7d8-586c-43d2-9144-34747f7a9ec1","razorpay_order_id":"order_TETn1v4r2MFzuc"}
Jul 17 06:59:43 vithsutra kiosk-server[2006197]: {"time":"2026-07-17T06:59:43.242629372Z","level":"INFO","msg":"Amount:","Amount_paise":1200}
Jul 17 06:59:43 vithsutra kiosk-server[2006197]: {"time":"2026-07-17T06:59:43.242723321Z","level":"INFO","msg":"request","method":"POST","path":"/payments/create","status":201,"bytes":233,"duration_ms":413,"request_id":"vithsutra/yJhBRTSzdo-004700","remote_addr":"2409:40f2:314b:e960:35f6:6825:d7f7:47df"}
Jul 17 07:00:28 vithsutra kiosk-server[2006197]: {"time":"2026-07-17T07:00:28.11508542Z","level":"INFO","msg":"webhook received","event":"payment.captured"}
Jul 17 07:00:28 vithsutra kiosk-server[2006197]: {"time":"2026-07-17T07:00:28.115130027Z","level":"INFO","msg":"processing payment success","razorpay_order_id":"order_TETn1v4r2MFzuc","razorpay_payment_id":"pay_TETn7AIwn9XkMp"}
Jul 17 07:00:28 vithsutra kiosk-server[2006197]: {"time":"2026-07-17T07:00:28.825168825Z","level":"INFO","msg":"file promoted","session_id":"27fb4d48-38be-4f04-a3ff-094f594f83f1","file_id":"f5252a52-8532-4f7d-962c-3505a3f2d6b0","final_key":"uploads/final/ebbe6137-3966-4fb9-92bd-79ac60c0a6d3/27fb4d48-38be-4f04-a3ff-094f594f83f1/f5252a52-8532-4f7d-962c-3505a3f2d6b0.pdf"}
Jul 17 07:00:28 vithsutra kiosk-server[2006197]: {"time":"2026-07-17T07:00:28.958297794Z","level":"INFO","msg":"file promoted","session_id":"27fb4d48-38be-4f04-a3ff-094f594f83f1","file_id":"f54f18ba-be73-4176-8477-de47068da50f","final_key":"uploads/final/ebbe6137-3966-4fb9-92bd-79ac60c0a6d3/27fb4d48-38be-4f04-a3ff-094f594f83f1/f54f18ba-be73-4176-8477-de47068da50f.pdf"}
Jul 17 07:00:29 vithsutra kiosk-server[2006197]: {"time":"2026-07-17T07:00:29.049276571Z","level":"INFO","msg":"file promoted","session_id":"27fb4d48-38be-4f04-a3ff-094f594f83f1","file_id":"b4978d33-0b7a-46e8-8863-b400480f91dc","final_key":"uploads/final/ebbe6137-3966-4fb9-92bd-79ac60c0a6d3/27fb4d48-38be-4f04-a3ff-094f594f83f1/b4978d33-0b7a-46e8-8863-b400480f91dc.pdf"}
Jul 17 07:00:29 vithsutra kiosk-server[2006197]: {"time":"2026-07-17T07:00:29.173789692Z","level":"INFO","msg":"file promoted","session_id":"27fb4d48-38be-4f04-a3ff-094f594f83f1","file_id":"b24b41e9-c979-425e-9241-786e816cc330","final_key":"uploads/final/ebbe6137-3966-4fb9-92bd-79ac60c0a6d3/27fb4d48-38be-4f04-a3ff-094f594f83f1/b24b41e9-c979-425e-9241-786e816cc330.pdf"}
Jul 17 07:00:29 vithsutra kiosk-server[2006197]: {"time":"2026-07-17T07:00:29.28528023Z","level":"INFO","msg":"file promoted","session_id":"27fb4d48-38be-4f04-a3ff-094f594f83f1","file_id":"eebc054b-3858-4d7d-bf50-8148acd01f7c","final_key":"uploads/final/ebbe6137-3966-4fb9-92bd-79ac60c0a6d3/27fb4d48-38be-4f04-a3ff-094f594f83f1/eebc054b-3858-4d7d-bf50-8148acd01f7c.pdf"}
Jul 17 07:00:29 vithsutra kiosk-server[2006197]: {"time":"2026-07-17T07:00:29.372234051Z","level":"INFO","msg":"file promoted","session_id":"27fb4d48-38be-4f04-a3ff-094f594f83f1","file_id":"673b11e8-c395-4d0a-b164-20ddbaa08898","final_key":"uploads/final/ebbe6137-3966-4fb9-92bd-79ac60c0a6d3/27fb4d48-38be-4f04-a3ff-094f594f83f1/673b11e8-c395-4d0a-b164-20ddbaa08898.pdf"}
Jul 17 07:00:29 vithsutra kiosk-server[2006197]: {"time":"2026-07-17T07:00:29.466194869Z","level":"INFO","msg":"file promoted","session_id":"27fb4d48-38be-4f04-a3ff-094f594f83f1","file_id":"c6074f36-15f7-4557-9822-255f96a6e3db","final_key":"uploads/final/ebbe6137-3966-4fb9-92bd-79ac60c0a6d3/27fb4d48-38be-4f04-a3ff-094f594f83f1/c6074f36-15f7-4557-9822-255f96a6e3db.pdf"}
Jul 17 07:00:29 vithsutra kiosk-server[2006197]: {"time":"2026-07-17T07:00:29.559704071Z","level":"INFO","msg":"file promoted","session_id":"27fb4d48-38be-4f04-a3ff-094f594f83f1","file_id":"243a6d2c-91db-4c56-97c0-2df996cc4173","final_key":"uploads/final/ebbe6137-3966-4fb9-92bd-79ac60c0a6d3/27fb4d48-38be-4f04-a3ff-094f594f83f1/243a6d2c-91db-4c56-97c0-2df996cc4173.pdf"}
Jul 17 07:00:30 vithsutra kiosk-server[2006197]: {"time":"2026-07-17T07:00:30.399376164Z","level":"INFO","msg":"payment success committed","session_id":"27fb4d48-38be-4f04-a3ff-094f594f83f1","razorpay_order_id":"order_TETn1v4r2MFzuc","razorpay_payment_id":"pay_TETn7AIwn9XkMp","files_promoted":8}
Jul 17 07:00:30 vithsutra kiosk-server[2006197]: {"time":"2026-07-17T07:00:30.399463733Z","level":"INFO","msg":"request","method":"POST","path":"/webhooks/razorpay","status":200,"bytes":21,"duration_ms":2284,"request_id":"vithsutra/yJhBRTSzdo-004701","remote_addr":"52.66.75.174"}
Jul 17 07:01:11 vithsutra kiosk-server[2006197]: {"time":"2026-07-17T07:01:11.676819725Z","level":"INFO","msg":"request","method":"OPTIONS","path":"/payments/status/27fb4d48-38be-4f04-a3ff-094f594f83f1","status":204,"bytes":0,"duration_ms":0,"request_id":"vithsutra/yJhBRTSzdo-004702","remote_addr":"2409:40f2:314b:e960:35f6:6825:d7f7:47df"}
Jul 17 07:01:12 vithsutra kiosk-server[2006197]: {"time":"2026-07-17T07:01:12.472555708Z","level":"INFO","msg":"get job by session ID started","session_id":"27fb4d48-38be-4f04-a3ff-094f594f83f1"}
Jul 17 07:01:12 vithsutra kiosk-server[2006197]: {"time":"2026-07-17T07:01:12.523989193Z","level":"INFO","msg":"Token Debugging","Token:":"246219"}
Jul 17 07:01:12 vithsutra kiosk-server[2006197]: {"time":"2026-07-17T07:01:12.577066745Z","level":"INFO","msg":"get job by session ID completed","session_id":"27fb4d48-38be-4f04-a3ff-094f594f83f1","file_count":8}
Jul 17 07:01:12 vithsutra kiosk-server[2006197]: {"time":"2026-07-17T07:01:12.577366446Z","level":"INFO","msg":"request","method":"GET","path":"/payments/status/27fb4d48-38be-4f04-a3ff-094f594f83f1","status":200,"bytes":3513,"duration_ms":104,"request_id":"vithsutra/yJhBRTSzdo-004703","remote_addr":"2409:40f2:314b:e960:35f6:6825:d7f7:47df"}
Jul 17 07:01:33 vithsutra kiosk-server[2006197]: {"time":"2026-07-17T07:01:33.266189002Z","level":"INFO","msg":"get job by token started","token":246219}
Jul 17 07:01:33 vithsutra kiosk-server[2006197]: DEBUG PRESIGN GET URL: https://aiet-printflow-upload-prod.s3.ap-south-1.amazonaws.com/uploads/final/ebbe6137-3966-4fb9-92bd-79ac60c0a6d3/27fb4d48-38be-4f04-a3ff-094f594f83f1/f5252a52-8532-4f7d-962c-3505a3f2d6b0.pdf?X-Amz-Algorithm=AWS4-HMAC-SHA256&X-Amz-Checksum-Mode=ENABLED&X-Amz-Credential=AKIAURY6ZINDKCABHGV3%2F20260717%2Fap-south-1%2Fs3%2Faws4_request&X-Amz-Date=20260717T070133Z&X-Amz-Expires=900&X-Amz-SignedHeaders=host&x-id=GetObject&X-Amz-Signature=6e30f92198e5a20f276ef2e070cbd9476f46165258ec7a21449004a7ebd60608
Jul 17 07:01:33 vithsutra kiosk-server[2006197]: {"time":"2026-07-17T07:01:33.422233614Z","level":"INFO","msg":"final_Key_Bebugging","final_key:":"uploads/final/ebbe6137-3966-4fb9-92bd-79ac60c0a6d3/27fb4d48-38be-4f04-a3ff-094f594f83f1/f5252a52-8532-4f7d-962c-3505a3f2d6b0.pdf"}
Jul 17 07:01:33 vithsutra kiosk-server[2006197]: DEBUG PRESIGN GET URL: https://aiet-printflow-upload-prod.s3.ap-south-1.amazonaws.com/uploads/final/ebbe6137-3966-4fb9-92bd-79ac60c0a6d3/27fb4d48-38be-4f04-a3ff-094f594f83f1/f54f18ba-be73-4176-8477-de47068da50f.pdf?X-Amz-Algorithm=AWS4-HMAC-SHA256&X-Amz-Checksum-Mode=ENABLED&X-Amz-Credential=AKIAURY6ZINDKCABHGV3%2F20260717%2Fap-south-1%2Fs3%2Faws4_request&X-Amz-Date=20260717T070133Z&X-Amz-Expires=900&X-Amz-SignedHeaders=host&x-id=GetObject&X-Amz-Signature=d0502fb3058794348d49943d7789018bb18a63696d782a7bd18239fe96969cff
Jul 17 07:01:33 vithsutra kiosk-server[2006197]: {"time":"2026-07-17T07:01:33.422551122Z","level":"INFO","msg":"final_Key_Bebugging","final_key:":"uploads/final/ebbe6137-3966-4fb9-92bd-79ac60c0a6d3/27fb4d48-38be-4f04-a3ff-094f594f83f1/f54f18ba-be73-4176-8477-de47068da50f.pdf"}
Jul 17 07:01:33 vithsutra kiosk-server[2006197]: DEBUG PRESIGN GET URL: https://aiet-printflow-upload-prod.s3.ap-south-1.amazonaws.com/uploads/final/ebbe6137-3966-4fb9-92bd-79ac60c0a6d3/27fb4d48-38be-4f04-a3ff-094f594f83f1/b4978d33-0b7a-46e8-8863-b400480f91dc.pdf?X-Amz-Algorithm=AWS4-HMAC-SHA256&X-Amz-Checksum-Mode=ENABLED&X-Amz-Credential=AKIAURY6ZINDKCABHGV3%2F20260717%2Fap-south-1%2Fs3%2Faws4_request&X-Amz-Date=20260717T070133Z&X-Amz-Expires=900&X-Amz-SignedHeaders=host&x-id=GetObject&X-Amz-Signature=a36c9094d9d36cb1340f8285329dcc39ee6768d1a14db17307f8ed2edc340268
Jul 17 07:01:33 vithsutra kiosk-server[2006197]: {"time":"2026-07-17T07:01:33.422868265Z","level":"INFO","msg":"final_Key_Bebugging","final_key:":"uploads/final/ebbe6137-3966-4fb9-92bd-79ac60c0a6d3/27fb4d48-38be-4f04-a3ff-094f594f83f1/b4978d33-0b7a-46e8-8863-b400480f91dc.pdf"}
Jul 17 07:01:33 vithsutra kiosk-server[2006197]: DEBUG PRESIGN GET URL: https://aiet-printflow-upload-prod.s3.ap-south-1.amazonaws.com/uploads/final/ebbe6137-3966-4fb9-92bd-79ac60c0a6d3/27fb4d48-38be-4f04-a3ff-094f594f83f1/b24b41e9-c979-425e-9241-786e816cc330.pdf?X-Amz-Algorithm=AWS4-HMAC-SHA256&X-Amz-Checksum-Mode=ENABLED&X-Amz-Credential=AKIAURY6ZINDKCABHGV3%2F20260717%2Fap-south-1%2Fs3%2Faws4_request&X-Amz-Date=20260717T070133Z&X-Amz-Expires=900&X-Amz-SignedHeaders=host&x-id=GetObject&X-Amz-Signature=200d4c1985a6765f9c5c1c4ac1dc314c2c9b1da23ed7b454eeec6854e4402c65
Jul 17 07:01:33 vithsutra kiosk-server[2006197]: {"time":"2026-07-17T07:01:33.423134299Z","level":"INFO","msg":"final_Key_Bebugging","final_key:":"uploads/final/ebbe6137-3966-4fb9-92bd-79ac60c0a6d3/27fb4d48-38be-4f04-a3ff-094f594f83f1/b24b41e9-c979-425e-9241-786e816cc330.pdf"}
Jul 17 07:01:33 vithsutra kiosk-server[2006197]: DEBUG PRESIGN GET URL: https://aiet-printflow-upload-prod.s3.ap-south-1.amazonaws.com/uploads/final/ebbe6137-3966-4fb9-92bd-79ac60c0a6d3/27fb4d48-38be-4f04-a3ff-094f594f83f1/eebc054b-3858-4d7d-bf50-8148acd01f7c.pdf?X-Amz-Algorithm=AWS4-HMAC-SHA256&X-Amz-Checksum-Mode=ENABLED&X-Amz-Credential=AKIAURY6ZINDKCABHGV3%2F20260717%2Fap-south-1%2Fs3%2Faws4_request&X-Amz-Date=20260717T070133Z&X-Amz-Expires=900&X-Amz-SignedHeaders=host&x-id=GetObject&X-Amz-Signature=4db9684ce48ffb82835706518c3f5e3ea4cb709f8eb0288a2360feae0e2bc9fb
Jul 17 07:01:33 vithsutra kiosk-server[2006197]: {"time":"2026-07-17T07:01:33.423402972Z","level":"INFO","msg":"final_Key_Bebugging","final_key:":"uploads/final/ebbe6137-3966-4fb9-92bd-79ac60c0a6d3/27fb4d48-38be-4f04-a3ff-094f594f83f1/eebc054b-3858-4d7d-bf50-8148acd01f7c.pdf"}
Jul 17 07:01:33 vithsutra kiosk-server[2006197]: DEBUG PRESIGN GET URL: https://aiet-printflow-upload-prod.s3.ap-south-1.amazonaws.com/uploads/final/ebbe6137-3966-4fb9-92bd-79ac60c0a6d3/27fb4d48-38be-4f04-a3ff-094f594f83f1/673b11e8-c395-4d0a-b164-20ddbaa08898.pdf?X-Amz-Algorithm=AWS4-HMAC-SHA256&X-Amz-Checksum-Mode=ENABLED&X-Amz-Credential=AKIAURY6ZINDKCABHGV3%2F20260717%2Fap-south-1%2Fs3%2Faws4_request&X-Amz-Date=20260717T070133Z&X-Amz-Expires=900&X-Amz-SignedHeaders=host&x-id=GetObject&X-Amz-Signature=21ca7577932b20721b50c5f8b5c2d9d2ae21f78fb6ab7b7c6db5bc37ce6a9cbd
Jul 17 07:01:33 vithsutra kiosk-server[2006197]: {"time":"2026-07-17T07:01:33.423658007Z","level":"INFO","msg":"final_Key_Bebugging","final_key:":"uploads/final/ebbe6137-3966-4fb9-92bd-79ac60c0a6d3/27fb4d48-38be-4f04-a3ff-094f594f83f1/673b11e8-c395-4d0a-b164-20ddbaa08898.pdf"}
Jul 17 07:01:33 vithsutra kiosk-server[2006197]: DEBUG PRESIGN GET URL: https://aiet-printflow-upload-prod.s3.ap-south-1.amazonaws.com/uploads/final/ebbe6137-3966-4fb9-92bd-79ac60c0a6d3/27fb4d48-38be-4f04-a3ff-094f594f83f1/c6074f36-15f7-4557-9822-255f96a6e3db.pdf?X-Amz-Algorithm=AWS4-HMAC-SHA256&X-Amz-Checksum-Mode=ENABLED&X-Amz-Credential=AKIAURY6ZINDKCABHGV3%2F20260717%2Fap-south-1%2Fs3%2Faws4_request&X-Amz-Date=20260717T070133Z&X-Amz-Expires=900&X-Amz-SignedHeaders=host&x-id=GetObject&X-Amz-Signature=885b6cbb24b7886c710ab75ae63456fca023124bfe433466524fd28063263dcd
Jul 17 07:01:33 vithsutra kiosk-server[2006197]: {"time":"2026-07-17T07:01:33.423985516Z","level":"INFO","msg":"final_Key_Bebugging","final_key:":"uploads/final/ebbe6137-3966-4fb9-92bd-79ac60c0a6d3/27fb4d48-38be-4f04-a3ff-094f594f83f1/c6074f36-15f7-4557-9822-255f96a6e3db.pdf"}
Jul 17 07:01:33 vithsutra kiosk-server[2006197]: DEBUG PRESIGN GET URL: https://aiet-printflow-upload-prod.s3.ap-south-1.amazonaws.com/uploads/final/ebbe6137-3966-4fb9-92bd-79ac60c0a6d3/27fb4d48-38be-4f04-a3ff-094f594f83f1/243a6d2c-91db-4c56-97c0-2df996cc4173.pdf?X-Amz-Algorithm=AWS4-HMAC-SHA256&X-Amz-Checksum-Mode=ENABLED&X-Amz-Credential=AKIAURY6ZINDKCABHGV3%2F20260717%2Fap-south-1%2Fs3%2Faws4_request&X-Amz-Date=20260717T070133Z&X-Amz-Expires=900&X-Amz-SignedHeaders=host&x-id=GetObject&X-Amz-Signature=6a4288ce3cc8696822f2c82657b92fbdf9c436c4217c6e8d554c70192ef1534c
Jul 17 07:01:33 vithsutra kiosk-server[2006197]: {"time":"2026-07-17T07:01:33.424271316Z","level":"INFO","msg":"final_Key_Bebugging","final_key:":"uploads/final/ebbe6137-3966-4fb9-92bd-79ac60c0a6d3/27fb4d48-38be-4f04-a3ff-094f594f83f1/243a6d2c-91db-4c56-97c0-2df996cc4173.pdf"}
Jul 17 07:01:33 vithsutra kiosk-server[2006197]: {"time":"2026-07-17T07:01:33.424291042Z","level":"INFO","msg":"get job by token completed","token":246219,"session_id":"27fb4d48-38be-4f04-a3ff-094f594f83f1","file_count":8}
Jul 17 07:01:33 vithsutra kiosk-server[2006197]: {"time":"2026-07-17T07:01:33.424590471Z","level":"INFO","msg":"request","method":"POST","path":"/print/jobs/token","status":200,"bytes":6279,"duration_ms":158,"request_id":"vithsutra/yJhBRTSzdo-004704","remote_addr":"103.89.233.254"}
Jul 17 07:02:06 vithsutra kiosk-server[2006197]: {"time":"2026-07-17T07:02:06.265013711Z","level":"INFO","msg":"expire session after printing started","session_id":"27fb4d48-38be-4f04-a3ff-094f594f83f1"}
Jul 17 07:02:06 vithsutra kiosk-server[2006197]: {"time":"2026-07-17T07:02:06.421358644Z","level":"INFO","msg":"session marked completed","session_id":"27fb4d48-38be-4f04-a3ff-094f594f83f1"}
Jul 17 07:02:06 vithsutra kiosk-server[2006197]: {"time":"2026-07-17T07:02:06.525741518Z","level":"WARN","msg":"no completed file found for session 27fb4d48-38be-4f04-a3ff-094f594f83f1","code":"no_completed_file"}
Jul 17 07:02:06 vithsutra kiosk-server[2006197]: {"time":"2026-07-17T07:02:06.526333951Z","level":"INFO","msg":"request","method":"POST","path":"/print/jobs/expire","status":404,"bytes":124,"duration_ms":261,"request_id":"vithsutra/yJhBRTSzdo-004705","remote_addr":"103.89.233.254"}
Jul 17 07:02:29 vithsutra kiosk-server[2006197]: {"time":"2026-07-17T07:02:29.168113498Z","level":"INFO","msg":"expire session after printing started","session_id":"27fb4d48-38be-4f04-a3ff-094f594f83f1"}
Jul 17 07:02:29 vithsutra kiosk-server[2006197]: {"time":"2026-07-17T07:02:29.220201431Z","level":"WARN","msg":"this session has already been completed","code":"session_already_completed"}
Jul 17 07:02:29 vithsutra kiosk-server[2006197]: {"time":"2026-07-17T07:02:29.220308146Z","level":"INFO","msg":"request","method":"POST","path":"/print/jobs/expire","status":400,"bytes":99,"duration_ms":52,"request_id":"vithsutra/yJhBRTSzdo-004706","remote_addr":"103.89.233.254"}
Jul 17 07:02:42 vithsutra kiosk-server[2006197]: {"time":"2026-07-17T07:02:42.389440659Z","level":"INFO","msg":"expire session after printing started","session_id":"27fb4d48-38be-4f04-a3ff-094f594f83f1"}
Jul 17 07:02:42 vithsutra kiosk-server[2006197]: {"time":"2026-07-17T07:02:42.440617626Z","level":"WARN","msg":"this session has already been completed","code":"session_already_completed"}
Jul 17 07:02:42 vithsutra kiosk-server[2006197]: {"time":"2026-07-17T07:02:42.440663524Z","level":"INFO","msg":"request","method":"POST","path":"/print/jobs/expire","status":400,"bytes":99,"duration_ms":51,"request_id":"vithsutra/yJhBRTSzdo-004707","remote_addr":"103.89.233.254"}
Jul 17 07:02:55 vithsutra kiosk-server[2006197]: {"time":"2026-07-17T07:02:55.744962229Z","level":"INFO","msg":"expire session after printing started","session_id":"27fb4d48-38be-4f04-a3ff-094f594f83f1"}
Jul 17 07:02:55 vithsutra kiosk-server[2006197]: {"time":"2026-07-17T07:02:55.796707103Z","level":"WARN","msg":"this session has already been completed","code":"session_already_completed"}
Jul 17 07:02:55 vithsutra kiosk-server[2006197]: {"time":"2026-07-17T07:02:55.796811496Z","level":"INFO","msg":"request","method":"POST","path":"/print/jobs/expire","status":400,"bytes":99,"duration_ms":51,"request_id":"vithsutra/yJhBRTSzdo-004708","remote_addr":"103.89.233.254"}
Jul 17 07:03:08 vithsutra kiosk-server[2006197]: {"time":"2026-07-17T07:03:08.914690272Z","level":"INFO","msg":"expire session after printing started","session_id":"27fb4d48-38be-4f04-a3ff-094f594f83f1"}
Jul 17 07:03:08 vithsutra kiosk-server[2006197]: {"time":"2026-07-17T07:03:08.966079757Z","level":"WARN","msg":"this session has already been completed","code":"session_already_completed"}
Jul 17 07:03:08 vithsutra kiosk-server[2006197]: {"time":"2026-07-17T07:03:08.966178968Z","level":"INFO","msg":"request","method":"POST","path":"/print/jobs/expire","status":400,"bytes":99,"duration_ms":51,"request_id":"vithsutra/yJhBRTSzdo-004709","remote_addr":"103.89.233.254"}
Jul 17 07:03:22 vithsutra kiosk-server[2006197]: {"time":"2026-07-17T07:03:22.207363561Z","level":"INFO","msg":"expire session after printing started","session_id":"27fb4d48-38be-4f04-a3ff-094f594f83f1"}
Jul 17 07:03:23 vithsutra kiosk-server[2006197]: {"time":"2026-07-17T07:03:23.220337297Z","level":"WARN","msg":"this session has already been completed","code":"session_already_completed"}
Jul 17 07:03:23 vithsutra kiosk-server[2006197]: {"time":"2026-07-17T07:03:23.220524524Z","level":"INFO","msg":"request","method":"POST","path":"/print/jobs/expire","status":400,"bytes":99,"duration_ms":1013,"request_id":"vithsutra/yJhBRTSzdo-004710","remote_addr":"103.89.233.254"}
Jul 17 07:03:30 vithsutra kiosk-server[2006197]: {"time":"2026-07-17T07:03:30.989695762Z","level":"INFO","msg":"request","method":"OPTIONS","path":"/auth/google","status":204,"bytes":0,"duration_ms":0,"request_id":"vithsutra/yJhBRTSzdo-004711","remote_addr":"2409:40f2:3111:9987:4c4:d1ff:fe08:af80"}
Jul 17 07:03:31 vithsutra kiosk-server[2006197]: {"time":"2026-07-17T07:03:31.226261591Z","level":"INFO","msg":"google auth started"}
Jul 17 07:03:31 vithsutra kiosk-server[2006197]: {"time":"2026-07-17T07:03:31.226551322Z","level":"INFO","msg":"google token verified","google_id":"105377036249790213571","email":"rishurishmitha@gmail.com"}
Jul 17 07:03:31 vithsutra kiosk-server[2006197]: {"time":"2026-07-17T07:03:31.363108451Z","level":"INFO","msg":"new user — creating account","google_id":"105377036249790213571","email":"rishurishmitha@gmail.com"}
Jul 17 07:03:31 vithsutra kiosk-server[2006197]: {"time":"2026-07-17T07:03:31.496585653Z","level":"INFO","msg":"new user created","user_id":"ae0374ac-a10d-484b-8242-4d1998105d2d","email":"rishurishmitha@gmail.com"}
Jul 17 07:03:31 vithsutra kiosk-server[2006197]: {"time":"2026-07-17T07:03:31.496757766Z","level":"INFO","msg":"google auth completed","user_id":"ae0374ac-a10d-484b-8242-4d1998105d2d","email":"rishurishmitha@gmail.com"}
Jul 17 07:03:31 vithsutra kiosk-server[2006197]: {"time":"2026-07-17T07:03:31.496866782Z","level":"INFO","msg":"request","method":"POST","path":"/auth/google","status":200,"bytes":448,"duration_ms":270,"request_id":"vithsutra/yJhBRTSzdo-004712","remote_addr":"2409:40f2:3111:9987:4c4:d1ff:fe08:af80"}
Jul 17 07:03:35 vithsutra kiosk-server[2006197]: {"time":"2026-07-17T07:03:35.537084476Z","level":"INFO","msg":"expire session after printing started","session_id":"27fb4d48-38be-4f04-a3ff-094f594f83f1"}
Jul 17 07:03:35 vithsutra kiosk-server[2006197]: {"time":"2026-07-17T07:03:35.603874737Z","level":"WARN","msg":"this session has already been completed","code":"session_already_completed"}
Jul 17 07:03:35 vithsutra kiosk-server[2006197]: {"time":"2026-07-17T07:03:35.604008838Z","level":"INFO","msg":"request","method":"POST","path":"/print/jobs/expire","status":400,"bytes":99,"duration_ms":67,"request_id":"vithsutra/yJhBRTSzdo-004713","remote_addr":"103.89.233.254"}
Jul 17 07:03:48 vithsutra kiosk-server[2006197]: {"time":"2026-07-17T07:03:48.744989588Z","level":"INFO","msg":"expire session after printing started","session_id":"27fb4d48-38be-4f04-a3ff-094f594f83f1"}
Jul 17 07:03:48 vithsutra kiosk-server[2006197]: {"time":"2026-07-17T07:03:48.811731382Z","level":"WARN","msg":"this session has already been completed","code":"session_already_completed"}
Jul 17 07:03:48 vithsutra kiosk-server[2006197]: {"time":"2026-07-17T07:03:48.811865145Z","level":"INFO","msg":"request","method":"POST","path":"/print/jobs/expire","status":400,"bytes":99,"duration_ms":67,"request_id":"vithsutra/yJhBRTSzdo-004714","remote_addr":"103.89.233.254"}
Jul 17 07:04:00 vithsutra kiosk-server[2006197]: {"time":"2026-07-17T07:04:00.079088359Z","level":"INFO","msg":"request","method":"OPTIONS","path":"/files/upload/init","status":204,"bytes":0,"duration_ms":0,"request_id":"vithsutra/yJhBRTSzdo-004715","remote_addr":"2401:4900:91c9:242f:554a:7713:c3ea:2832"}
Jul 17 07:04:00 vithsutra kiosk-server[2006197]: {"time":"2026-07-17T07:04:00.522199296Z","level":"INFO","msg":"USERID","userId:":"86dafe38-9bc9-4e13-ac9c-2f894b0025e8"}
Jul 17 07:04:00 vithsutra kiosk-server[2006197]: {"time":"2026-07-17T07:04:00.522219007Z","level":"INFO","msg":"USEREMAIL","userEmail:":"vithuljain75@gmail.com"}
Jul 17 07:04:00 vithsutra kiosk-server[2006197]: {"time":"2026-07-17T07:04:00.522225631Z","level":"INFO","msg":"init upload started","user_id":"86dafe38-9bc9-4e13-ac9c-2f894b0025e8","file_count":16,"request_payload":{"files":[{"file_name":"IFM-2 Sujesh.pdf","content_type":"application/pdf"},{"file_name":"IFM 1Vithul.pdf","content_type":"application/pdf"},{"file_name":"ETB-2 Sujesh.pdf","content_type":"application/pdf"},{"file_name":"Merger-2 Vithul.pdf","content_type":"application/pdf"},{"file_name":"IND-1 Sujesh.pdf","content_type":"application/pdf"},{"file_name":"IND-2 Vithul.pdf","content_type":"application/pdf"},{"file_name":"ETB-2 Vithul.pdf","content_type":"application/pdf"},{"file_name":"ETB 1 Vithul.pdf","content_type":"application/pdf"},{"file_name":"IFM-1 Sujesh.pdf","content_type":"application/pdf"},{"file_name":"Tax-2 Vithul.pdf","content_type":"application/pdf"},{"file_name":"IFM-2 Vithul.pdf","content_type":"application/pdf"},{"file_name":"IND-2 Sujesh.pdf","content_type":"application/pdf"},{"file_name":"IND-1 Vithul.pdf","content_type":"application/pdf"},{"file_name":"ETB 1 Sujesh.pdf","content_type":"application/pdf"},{"file_name":"Merger-2 Sujesh.pdf","content_type":"application/pdf"},{"file_name":"Tax 2-Sujesh.pdf","content_type":"application/pdf"}]}}
Jul 17 07:04:00 vithsutra kiosk-server[2006197]: {"time":"2026-07-17T07:04:00.721601995Z","level":"INFO","msg":"upload session created","session_id":"2f7e1cc1-38b4-49a2-b42b-fb13bd2da774","user_id":"86dafe38-9bc9-4e13-ac9c-2f894b0025e8","expires_at":"2026-07-24T07:04:00.588338611Z"}
Jul 17 07:04:01 vithsutra kiosk-server[2006197]: {"time":"2026-07-17T07:04:01.923121182Z","level":"INFO","msg":"init upload completed","session_id":"2f7e1cc1-38b4-49a2-b42b-fb13bd2da774","user_id":"86dafe38-9bc9-4e13-ac9c-2f894b0025e8","file_count":16}
Jul 17 07:04:01 vithsutra kiosk-server[2006197]: {"time":"2026-07-17T07:04:01.92367393Z","level":"INFO","msg":"request","method":"POST","path":"/files/upload/init","status":201,"bytes":13040,"duration_ms":1401,"request_id":"vithsutra/yJhBRTSzdo-004716","remote_addr":"223.237.172.100"}
Jul 17 07:04:10 vithsutra kiosk-server[2006197]: {"time":"2026-07-17T07:04:10.287535174Z","level":"INFO","msg":"request","method":"OPTIONS","path":"/files/upload/confirm","status":204,"bytes":0,"duration_ms":0,"request_id":"vithsutra/yJhBRTSzdo-004717","remote_addr":"2401:4900:91c9:242f:554a:7713:c3ea:2832"}
Jul 17 07:04:10 vithsutra kiosk-server[2006197]: {"time":"2026-07-17T07:04:10.494977733Z","level":"INFO","msg":"confirm upload started","session_id":"2f7e1cc1-38b4-49a2-b42b-fb13bd2da774","file_count":16}
Jul 17 07:04:10 vithsutra kiosk-server[2006197]: {"time":"2026-07-17T07:04:10.56154782Z","level":"INFO","msg":"session validated for confirm","session_id":"2f7e1cc1-38b4-49a2-b42b-fb13bd2da774","status":"created"}
Jul 17 07:04:10 vithsutra kiosk-server[2006197]: DEBUG HeadObject → bucket: aiet-printflow-upload-prod  key: uploads/staging/86dafe38-9bc9-4e13-ac9c-2f894b0025e8/2f7e1cc1-38b4-49a2-b42b-fb13bd2da774/1eaa7bbc-011c-4f93-8d5e-9c2e3c53e9a7.pdf
Jul 17 07:04:10 vithsutra kiosk-server[2006197]: {"time":"2026-07-17T07:04:10.886261592Z","level":"INFO","msg":"file price calculated","price":1,"sheets":1,"num_of_pages":1,"copies":1,"page_layout":1,"printing_mode":"monochromatic","printing_side":"single_side"}
Jul 17 07:04:10 vithsutra kiosk-server[2006197]: {"time":"2026-07-17T07:04:10.886304955Z","level":"INFO","msg":"Total done bebug","TotalAmount:":1,"TotalSheetes:":1}
Jul 17 07:04:10 vithsutra kiosk-server[2006197]: {"time":"2026-07-17T07:04:10.886319218Z","level":"INFO","msg":"Page Range bebugging","page_range:":["1"]}
Jul 17 07:04:10 vithsutra kiosk-server[2006197]: {"time":"2026-07-17T07:04:10.886334149Z","level":"INFO","msg":"file confirmed","session_id":"2f7e1cc1-38b4-49a2-b42b-fb13bd2da774","file_id":"1eaa7bbc-011c-4f93-8d5e-9c2e3c53e9a7","file_name":"IFM-2 Sujesh.pdf","sheets":1,"price":1}
Jul 17 07:04:10 vithsutra kiosk-server[2006197]: DEBUG HeadObject → bucket: aiet-printflow-upload-prod  key: uploads/staging/86dafe38-9bc9-4e13-ac9c-2f894b0025e8/2f7e1cc1-38b4-49a2-b42b-fb13bd2da774/3e04e4b2-5abb-4f96-a1e7-f70e45f48cdf.pdf
Jul 17 07:04:10 vithsutra kiosk-server[2006197]: {"time":"2026-07-17T07:04:10.980271063Z","level":"INFO","msg":"file price calculated","price":1,"sheets":1,"num_of_pages":1,"copies":1,"page_layout":1,"printing_mode":"monochromatic","printing_side":"single_side"}
Jul 17 07:04:10 vithsutra kiosk-server[2006197]: {"time":"2026-07-17T07:04:10.980323398Z","level":"INFO","msg":"Total done bebug","TotalAmount:":2,"TotalSheetes:":2}
Jul 17 07:04:10 vithsutra kiosk-server[2006197]: {"time":"2026-07-17T07:04:10.980341693Z","level":"INFO","msg":"Page Range bebugging","page_range:":["1"]}
Jul 17 07:04:10 vithsutra kiosk-server[2006197]: {"time":"2026-07-17T07:04:10.980361276Z","level":"INFO","msg":"file confirmed","session_id":"2f7e1cc1-38b4-49a2-b42b-fb13bd2da774","file_id":"3e04e4b2-5abb-4f96-a1e7-f70e45f48cdf","file_name":"IFM 1Vithul.pdf","sheets":1,"price":1}
Jul 17 07:04:11 vithsutra kiosk-server[2006197]: DEBUG HeadObject → bucket: aiet-printflow-upload-prod  key: uploads/staging/86dafe38-9bc9-4e13-ac9c-2f894b0025e8/2f7e1cc1-38b4-49a2-b42b-fb13bd2da774/7c19def3-8bfb-45d1-967c-d91d6690fbca.pdf
Jul 17 07:04:11 vithsutra kiosk-server[2006197]: {"time":"2026-07-17T07:04:11.071743043Z","level":"INFO","msg":"file price calculated","price":1,"sheets":1,"num_of_pages":1,"copies":1,"page_layout":1,"printing_mode":"monochromatic","printing_side":"single_side"}
Jul 17 07:04:11 vithsutra kiosk-server[2006197]: {"time":"2026-07-17T07:04:11.071797561Z","level":"INFO","msg":"Total done bebug","TotalAmount:":3,"TotalSheetes:":3}
Jul 17 07:04:11 vithsutra kiosk-server[2006197]: {"time":"2026-07-17T07:04:11.07181603Z","level":"INFO","msg":"Page Range bebugging","page_range:":["1"]}
Jul 17 07:04:11 vithsutra kiosk-server[2006197]: {"time":"2026-07-17T07:04:11.071864719Z","level":"INFO","msg":"file confirmed","session_id":"2f7e1cc1-38b4-49a2-b42b-fb13bd2da774","file_id":"7c19def3-8bfb-45d1-967c-d91d6690fbca","file_name":"ETB-2 Sujesh.pdf","sheets":1,"price":1}
Jul 17 07:04:11 vithsutra kiosk-server[2006197]: DEBUG HeadObject → bucket: aiet-printflow-upload-prod  key: uploads/staging/86dafe38-9bc9-4e13-ac9c-2f894b0025e8/2f7e1cc1-38b4-49a2-b42b-fb13bd2da774/c5d356a7-24da-482f-81d8-a4f58524c8c5.pdf
Jul 17 07:04:11 vithsutra kiosk-server[2006197]: {"time":"2026-07-17T07:04:11.165150823Z","level":"INFO","msg":"file price calculated","price":1,"sheets":1,"num_of_pages":1,"copies":1,"page_layout":1,"printing_mode":"monochromatic","printing_side":"single_side"}
Jul 17 07:04:11 vithsutra kiosk-server[2006197]: {"time":"2026-07-17T07:04:11.16520407Z","level":"INFO","msg":"Total done bebug","TotalAmount:":4,"TotalSheetes:":4}
Jul 17 07:04:11 vithsutra kiosk-server[2006197]: {"time":"2026-07-17T07:04:11.165222248Z","level":"INFO","msg":"Page Range bebugging","page_range:":["1"]}
Jul 17 07:04:11 vithsutra kiosk-server[2006197]: {"time":"2026-07-17T07:04:11.165242399Z","level":"INFO","msg":"file confirmed","session_id":"2f7e1cc1-38b4-49a2-b42b-fb13bd2da774","file_id":"c5d356a7-24da-482f-81d8-a4f58524c8c5","file_name":"Merger-2 Vithul.pdf","sheets":1,"price":1}
Jul 17 07:04:11 vithsutra kiosk-server[2006197]: DEBUG HeadObject → bucket: aiet-printflow-upload-prod  key: uploads/staging/86dafe38-9bc9-4e13-ac9c-2f894b0025e8/2f7e1cc1-38b4-49a2-b42b-fb13bd2da774/bd35c781-5783-474b-8168-c7873196f932.pdf
Jul 17 07:04:11 vithsutra kiosk-server[2006197]: {"time":"2026-07-17T07:04:11.260285188Z","level":"INFO","msg":"file price calculated","price":1,"sheets":1,"num_of_pages":1,"copies":1,"page_layout":1,"printing_mode":"monochromatic","printing_side":"single_side"}
Jul 17 07:04:11 vithsutra kiosk-server[2006197]: {"time":"2026-07-17T07:04:11.260343199Z","level":"INFO","msg":"Total done bebug","TotalAmount:":5,"TotalSheetes:":5}
Jul 17 07:04:11 vithsutra kiosk-server[2006197]: {"time":"2026-07-17T07:04:11.260362626Z","level":"INFO","msg":"Page Range bebugging","page_range:":["1"]}
Jul 17 07:04:11 vithsutra kiosk-server[2006197]: {"time":"2026-07-17T07:04:11.26038316Z","level":"INFO","msg":"file confirmed","session_id":"2f7e1cc1-38b4-49a2-b42b-fb13bd2da774","file_id":"bd35c781-5783-474b-8168-c7873196f932","file_name":"IND-1 Sujesh.pdf","sheets":1,"price":1}
Jul 17 07:04:11 vithsutra kiosk-server[2006197]: DEBUG HeadObject → bucket: aiet-printflow-upload-prod  key: uploads/staging/86dafe38-9bc9-4e13-ac9c-2f894b0025e8/2f7e1cc1-38b4-49a2-b42b-fb13bd2da774/d06bb50d-ba53-4e90-b9b8-ebe89f949c76.pdf
Jul 17 07:04:11 vithsutra kiosk-server[2006197]: {"time":"2026-07-17T07:04:11.355681363Z","level":"INFO","msg":"file price calculated","price":1,"sheets":1,"num_of_pages":1,"copies":1,"page_layout":1,"printing_mode":"monochromatic","printing_side":"single_side"}
Jul 17 07:04:11 vithsutra kiosk-server[2006197]: {"time":"2026-07-17T07:04:11.355733789Z","level":"INFO","msg":"Total done bebug","TotalAmount:":6,"TotalSheetes:":6}
Jul 17 07:04:11 vithsutra kiosk-server[2006197]: {"time":"2026-07-17T07:04:11.355751718Z","level":"INFO","msg":"Page Range bebugging","page_range:":["1"]}
Jul 17 07:04:11 vithsutra kiosk-server[2006197]: {"time":"2026-07-17T07:04:11.35577027Z","level":"INFO","msg":"file confirmed","session_id":"2f7e1cc1-38b4-49a2-b42b-fb13bd2da774","file_id":"d06bb50d-ba53-4e90-b9b8-ebe89f949c76","file_name":"IND-2 Vithul.pdf","sheets":1,"price":1}
Jul 17 07:04:11 vithsutra kiosk-server[2006197]: DEBUG HeadObject → bucket: aiet-printflow-upload-prod  key: uploads/staging/86dafe38-9bc9-4e13-ac9c-2f894b0025e8/2f7e1cc1-38b4-49a2-b42b-fb13bd2da774/66f2a8a9-d9de-40ea-b727-d9a3dba77b71.pdf
Jul 17 07:04:11 vithsutra kiosk-server[2006197]: {"time":"2026-07-17T07:04:11.449517336Z","level":"INFO","msg":"file price calculated","price":1,"sheets":1,"num_of_pages":1,"copies":1,"page_layout":1,"printing_mode":"monochromatic","printing_side":"single_side"}
Jul 17 07:04:11 vithsutra kiosk-server[2006197]: {"time":"2026-07-17T07:04:11.44957029Z","level":"INFO","msg":"Total done bebug","TotalAmount:":7,"TotalSheetes:":7}
Jul 17 07:04:11 vithsutra kiosk-server[2006197]: {"time":"2026-07-17T07:04:11.449588776Z","level":"INFO","msg":"Page Range bebugging","page_range:":["1"]}
Jul 17 07:04:11 vithsutra kiosk-server[2006197]: {"time":"2026-07-17T07:04:11.449606851Z","level":"INFO","msg":"file confirmed","session_id":"2f7e1cc1-38b4-49a2-b42b-fb13bd2da774","file_id":"66f2a8a9-d9de-40ea-b727-d9a3dba77b71","file_name":"ETB-2 Vithul.pdf","sheets":1,"price":1}
Jul 17 07:04:11 vithsutra kiosk-server[2006197]: DEBUG HeadObject → bucket: aiet-printflow-upload-prod  key: uploads/staging/86dafe38-9bc9-4e13-ac9c-2f894b0025e8/2f7e1cc1-38b4-49a2-b42b-fb13bd2da774/a1fbf540-2fe1-4ab9-974e-ea07dd8652d7.pdf
Jul 17 07:04:11 vithsutra kiosk-server[2006197]: {"time":"2026-07-17T07:04:11.54306674Z","level":"INFO","msg":"file price calculated","price":1,"sheets":1,"num_of_pages":1,"copies":1,"page_layout":1,"printing_mode":"monochromatic","printing_side":"single_side"}
Jul 17 07:04:11 vithsutra kiosk-server[2006197]: {"time":"2026-07-17T07:04:11.543124219Z","level":"INFO","msg":"Total done bebug","TotalAmount:":8,"TotalSheetes:":8}
Jul 17 07:04:11 vithsutra kiosk-server[2006197]: {"time":"2026-07-17T07:04:11.543144609Z","level":"INFO","msg":"Page Range bebugging","page_range:":["1"]}
Jul 17 07:04:11 vithsutra kiosk-server[2006197]: {"time":"2026-07-17T07:04:11.543164229Z","level":"INFO","msg":"file confirmed","session_id":"2f7e1cc1-38b4-49a2-b42b-fb13bd2da774","file_id":"a1fbf540-2fe1-4ab9-974e-ea07dd8652d7","file_name":"ETB 1 Vithul.pdf","sheets":1,"price":1}
Jul 17 07:04:11 vithsutra kiosk-server[2006197]: DEBUG HeadObject → bucket: aiet-printflow-upload-prod  key: uploads/staging/86dafe38-9bc9-4e13-ac9c-2f894b0025e8/2f7e1cc1-38b4-49a2-b42b-fb13bd2da774/74fc2888-9166-4b1d-80e8-febdde611804.pdf
Jul 17 07:04:11 vithsutra kiosk-server[2006197]: {"time":"2026-07-17T07:04:11.635926543Z","level":"INFO","msg":"file price calculated","price":1,"sheets":1,"num_of_pages":1,"copies":1,"page_layout":1,"printing_mode":"monochromatic","printing_side":"single_side"}
Jul 17 07:04:11 vithsutra kiosk-server[2006197]: {"time":"2026-07-17T07:04:11.635972652Z","level":"INFO","msg":"Total done bebug","TotalAmount:":9,"TotalSheetes:":9}
Jul 17 07:04:11 vithsutra kiosk-server[2006197]: {"time":"2026-07-17T07:04:11.635989172Z","level":"INFO","msg":"Page Range bebugging","page_range:":["1"]}
Jul 17 07:04:11 vithsutra kiosk-server[2006197]: {"time":"2026-07-17T07:04:11.636006246Z","level":"INFO","msg":"file confirmed","session_id":"2f7e1cc1-38b4-49a2-b42b-fb13bd2da774","file_id":"74fc2888-9166-4b1d-80e8-febdde611804","file_name":"IFM-1 Sujesh.pdf","sheets":1,"price":1}
Jul 17 07:04:11 vithsutra kiosk-server[2006197]: DEBUG HeadObject → bucket: aiet-printflow-upload-prod  key: uploads/staging/86dafe38-9bc9-4e13-ac9c-2f894b0025e8/2f7e1cc1-38b4-49a2-b42b-fb13bd2da774/8ab2dae1-254c-4328-b851-14e0de66cdf5.pdf
Jul 17 07:04:11 vithsutra kiosk-server[2006197]: {"time":"2026-07-17T07:04:11.73074621Z","level":"INFO","msg":"file price calculated","price":1,"sheets":1,"num_of_pages":1,"copies":1,"page_layout":1,"printing_mode":"monochromatic","printing_side":"single_side"}
Jul 17 07:04:11 vithsutra kiosk-server[2006197]: {"time":"2026-07-17T07:04:11.73077822Z","level":"INFO","msg":"Total done bebug","TotalAmount:":10,"TotalSheetes:":10}
Jul 17 07:04:11 vithsutra kiosk-server[2006197]: {"time":"2026-07-17T07:04:11.730788284Z","level":"INFO","msg":"Page Range bebugging","page_range:":["1"]}
Jul 17 07:04:11 vithsutra kiosk-server[2006197]: {"time":"2026-07-17T07:04:11.730799194Z","level":"INFO","msg":"file confirmed","session_id":"2f7e1cc1-38b4-49a2-b42b-fb13bd2da774","file_id":"8ab2dae1-254c-4328-b851-14e0de66cdf5","file_name":"Tax-2 Vithul.pdf","sheets":1,"price":1}
Jul 17 07:04:11 vithsutra kiosk-server[2006197]: DEBUG HeadObject → bucket: aiet-printflow-upload-prod  key: uploads/staging/86dafe38-9bc9-4e13-ac9c-2f894b0025e8/2f7e1cc1-38b4-49a2-b42b-fb13bd2da774/6da11085-2d38-47eb-96e6-a18ed7d0e8f6.pdf
Jul 17 07:04:11 vithsutra kiosk-server[2006197]: {"time":"2026-07-17T07:04:11.823022469Z","level":"INFO","msg":"file price calculated","price":1,"sheets":1,"num_of_pages":1,"copies":1,"page_layout":1,"printing_mode":"monochromatic","printing_side":"single_side"}
Jul 17 07:04:11 vithsutra kiosk-server[2006197]: {"time":"2026-07-17T07:04:11.823080259Z","level":"INFO","msg":"Total done bebug","TotalAmount:":11,"TotalSheetes:":11}
Jul 17 07:04:11 vithsutra kiosk-server[2006197]: {"time":"2026-07-17T07:04:11.82309963Z","level":"INFO","msg":"Page Range bebugging","page_range:":["1"]}
Jul 17 07:04:11 vithsutra kiosk-server[2006197]: {"time":"2026-07-17T07:04:11.823120013Z","level":"INFO","msg":"file confirmed","session_id":"2f7e1cc1-38b4-49a2-b42b-fb13bd2da774","file_id":"6da11085-2d38-47eb-96e6-a18ed7d0e8f6","file_name":"IFM-2 Vithul.pdf","sheets":1,"price":1}
Jul 17 07:04:11 vithsutra kiosk-server[2006197]: DEBUG HeadObject → bucket: aiet-printflow-upload-prod  key: uploads/staging/86dafe38-9bc9-4e13-ac9c-2f894b0025e8/2f7e1cc1-38b4-49a2-b42b-fb13bd2da774/7b2fb47f-5b57-4cb7-9bce-eefbef4701b2.pdf
Jul 17 07:04:11 vithsutra kiosk-server[2006197]: {"time":"2026-07-17T07:04:11.915799432Z","level":"INFO","msg":"file price calculated","price":1,"sheets":1,"num_of_pages":1,"copies":1,"page_layout":1,"printing_mode":"monochromatic","printing_side":"single_side"}
Jul 17 07:04:11 vithsutra kiosk-server[2006197]: {"time":"2026-07-17T07:04:11.91589181Z","level":"INFO","msg":"Total done bebug","TotalAmount:":12,"TotalSheetes:":12}
Jul 17 07:04:11 vithsutra kiosk-server[2006197]: {"time":"2026-07-17T07:04:11.915913408Z","level":"INFO","msg":"Page Range bebugging","page_range:":["1"]}
Jul 17 07:04:11 vithsutra kiosk-server[2006197]: {"time":"2026-07-17T07:04:11.915934874Z","level":"INFO","msg":"file confirmed","session_id":"2f7e1cc1-38b4-49a2-b42b-fb13bd2da774","file_id":"7b2fb47f-5b57-4cb7-9bce-eefbef4701b2","file_name":"IND-2 Sujesh.pdf","sheets":1,"price":1}
Jul 17 07:04:11 vithsutra kiosk-server[2006197]: DEBUG HeadObject → bucket: aiet-printflow-upload-prod  key: uploads/staging/86dafe38-9bc9-4e13-ac9c-2f894b0025e8/2f7e1cc1-38b4-49a2-b42b-fb13bd2da774/cc0ffa21-3411-4d3d-8560-225b58f493c2.pdf
Jul 17 07:04:12 vithsutra kiosk-server[2006197]: {"time":"2026-07-17T07:04:12.009714116Z","level":"INFO","msg":"file price calculated","price":1,"sheets":1,"num_of_pages":1,"copies":1,"page_layout":1,"printing_mode":"monochromatic","printing_side":"single_side"}
Jul 17 07:04:12 vithsutra kiosk-server[2006197]: {"time":"2026-07-17T07:04:12.009778129Z","level":"INFO","msg":"Total done bebug","TotalAmount:":13,"TotalSheetes:":13}
Jul 17 07:04:12 vithsutra kiosk-server[2006197]: {"time":"2026-07-17T07:04:12.009799358Z","level":"INFO","msg":"Page Range bebugging","page_range:":["1"]}
Jul 17 07:04:12 vithsutra kiosk-server[2006197]: {"time":"2026-07-17T07:04:12.009821001Z","level":"INFO","msg":"file confirmed","session_id":"2f7e1cc1-38b4-49a2-b42b-fb13bd2da774","file_id":"cc0ffa21-3411-4d3d-8560-225b58f493c2","file_name":"IND-1 Vithul.pdf","sheets":1,"price":1}
Jul 17 07:04:12 vithsutra kiosk-server[2006197]: DEBUG HeadObject → bucket: aiet-printflow-upload-prod  key: uploads/staging/86dafe38-9bc9-4e13-ac9c-2f894b0025e8/2f7e1cc1-38b4-49a2-b42b-fb13bd2da774/965add3b-862e-4ff4-abba-ea7e88ebcfff.pdf
Jul 17 07:04:12 vithsutra kiosk-server[2006197]: {"time":"2026-07-17T07:04:12.104353865Z","level":"INFO","msg":"file price calculated","price":1,"sheets":1,"num_of_pages":1,"copies":1,"page_layout":1,"printing_mode":"monochromatic","printing_side":"single_side"}
Jul 17 07:04:12 vithsutra kiosk-server[2006197]: {"time":"2026-07-17T07:04:12.104415329Z","level":"INFO","msg":"Total done bebug","TotalAmount:":14,"TotalSheetes:":14}
Jul 17 07:04:12 vithsutra kiosk-server[2006197]: {"time":"2026-07-17T07:04:12.104438866Z","level":"INFO","msg":"Page Range bebugging","page_range:":["1"]}
Jul 17 07:04:12 vithsutra kiosk-server[2006197]: {"time":"2026-07-17T07:04:12.104461522Z","level":"INFO","msg":"file confirmed","session_id":"2f7e1cc1-38b4-49a2-b42b-fb13bd2da774","file_id":"965add3b-862e-4ff4-abba-ea7e88ebcfff","file_name":"ETB 1 Sujesh.pdf","sheets":1,"price":1}
Jul 17 07:04:12 vithsutra kiosk-server[2006197]: DEBUG HeadObject → bucket: aiet-printflow-upload-prod  key: uploads/staging/86dafe38-9bc9-4e13-ac9c-2f894b0025e8/2f7e1cc1-38b4-49a2-b42b-fb13bd2da774/8fb156d1-9be8-4622-a4f2-d6ed13bf5b91.pdf
Jul 17 07:04:12 vithsutra kiosk-server[2006197]: {"time":"2026-07-17T07:04:12.199514093Z","level":"INFO","msg":"file price calculated","price":1,"sheets":1,"num_of_pages":1,"copies":1,"page_layout":1,"printing_mode":"monochromatic","printing_side":"single_side"}
Jul 17 07:04:12 vithsutra kiosk-server[2006197]: {"time":"2026-07-17T07:04:12.199586212Z","level":"INFO","msg":"Total done bebug","TotalAmount:":15,"TotalSheetes:":15}
Jul 17 07:04:12 vithsutra kiosk-server[2006197]: {"time":"2026-07-17T07:04:12.19960895Z","level":"INFO","msg":"Page Range bebugging","page_range:":["1"]}
Jul 17 07:04:12 vithsutra kiosk-server[2006197]: {"time":"2026-07-17T07:04:12.199633768Z","level":"INFO","msg":"file confirmed","session_id":"2f7e1cc1-38b4-49a2-b42b-fb13bd2da774","file_id":"8fb156d1-9be8-4622-a4f2-d6ed13bf5b91","file_name":"Merger-2 Sujesh.pdf","sheets":1,"price":1}
Jul 17 07:04:12 vithsutra kiosk-server[2006197]: DEBUG HeadObject → bucket: aiet-printflow-upload-prod  key: uploads/staging/86dafe38-9bc9-4e13-ac9c-2f894b0025e8/2f7e1cc1-38b4-49a2-b42b-fb13bd2da774/b95f61e3-699b-4f66-8f1f-b6f889472165.pdf
Jul 17 07:04:12 vithsutra kiosk-server[2006197]: {"time":"2026-07-17T07:04:12.291897747Z","level":"INFO","msg":"file price calculated","price":1,"sheets":1,"num_of_pages":1,"copies":1,"page_layout":1,"printing_mode":"monochromatic","printing_side":"single_side"}
Jul 17 07:04:12 vithsutra kiosk-server[2006197]: {"time":"2026-07-17T07:04:12.291951483Z","level":"INFO","msg":"Total done bebug","TotalAmount:":16,"TotalSheetes:":16}
Jul 17 07:04:12 vithsutra kiosk-server[2006197]: {"time":"2026-07-17T07:04:12.291969712Z","level":"INFO","msg":"Page Range bebugging","page_range:":["1"]}
Jul 17 07:04:12 vithsutra kiosk-server[2006197]: {"time":"2026-07-17T07:04:12.29198893Z","level":"INFO","msg":"file confirmed","session_id":"2f7e1cc1-38b4-49a2-b42b-fb13bd2da774","file_id":"b95f61e3-699b-4f66-8f1f-b6f889472165","file_name":"Tax 2-Sujesh.pdf","sheets":1,"price":1}
Jul 17 07:04:12 vithsutra kiosk-server[2006197]: DEBUG: PageRange in UpdateFileWithPrintOptions: [1]
Jul 17 07:04:12 vithsutra kiosk-server[2006197]: DEBUG: PageRange in UpdateFileWithPrintOptions: [1]
Jul 17 07:04:12 vithsutra kiosk-server[2006197]: DEBUG: PageRange in UpdateFileWithPrintOptions: [1]
Jul 17 07:04:12 vithsutra kiosk-server[2006197]: DEBUG: PageRange in UpdateFileWithPrintOptions: [1]
Jul 17 07:04:12 vithsutra kiosk-server[2006197]: DEBUG: PageRange in UpdateFileWithPrintOptions: [1]
Jul 17 07:04:12 vithsutra kiosk-server[2006197]: DEBUG: PageRange in UpdateFileWithPrintOptions: [1]
Jul 17 07:04:12 vithsutra kiosk-server[2006197]: DEBUG: PageRange in UpdateFileWithPrintOptions: [1]
Jul 17 07:04:12 vithsutra kiosk-server[2006197]: DEBUG: PageRange in UpdateFileWithPrintOptions: [1]
Jul 17 07:04:12 vithsutra kiosk-server[2006197]: DEBUG: PageRange in UpdateFileWithPrintOptions: [1]
Jul 17 07:04:13 vithsutra kiosk-server[2006197]: DEBUG: PageRange in UpdateFileWithPrintOptions: [1]
Jul 17 07:04:13 vithsutra kiosk-server[2006197]: DEBUG: PageRange in UpdateFileWithPrintOptions: [1]
Jul 17 07:04:13 vithsutra kiosk-server[2006197]: DEBUG: PageRange in UpdateFileWithPrintOptions: [1]
Jul 17 07:04:13 vithsutra kiosk-server[2006197]: DEBUG: PageRange in UpdateFileWithPrintOptions: [1]
Jul 17 07:04:13 vithsutra kiosk-server[2006197]: DEBUG: PageRange in UpdateFileWithPrintOptions: [1]
Jul 17 07:04:13 vithsutra kiosk-server[2006197]: DEBUG: PageRange in UpdateFileWithPrintOptions: [1]
Jul 17 07:04:13 vithsutra kiosk-server[2006197]: DEBUG: PageRange in UpdateFileWithPrintOptions: [1]
Jul 17 07:04:13 vithsutra kiosk-server[2006197]: {"time":"2026-07-17T07:04:13.692387042Z","level":"INFO","msg":"confirm upload completed","session_id":"2f7e1cc1-38b4-49a2-b42b-fb13bd2da774","total_sheets":16,"total_amount":16}
Jul 17 07:04:13 vithsutra kiosk-server[2006197]: {"time":"2026-07-17T07:04:13.6926453Z","level":"INFO","msg":"request","method":"POST","path":"/files/upload/confirm","status":200,"bytes":3117,"duration_ms":3198,"request_id":"vithsutra/yJhBRTSzdo-004718","remote_addr":"223.237.172.100"}
Jul 17 07:04:13 vithsutra kiosk-server[2006197]: {"time":"2026-07-17T07:04:13.899682789Z","level":"INFO","msg":"request","method":"OPTIONS","path":"/payments/create","status":204,"bytes":0,"duration_ms":0,"request_id":"vithsutra/yJhBRTSzdo-004719","remote_addr":"2401:4900:91c9:242f:554a:7713:c3ea:2832"}
Jul 17 07:04:14 vithsutra kiosk-server[2006197]: {"time":"2026-07-17T07:04:14.098818011Z","level":"INFO","msg":"create payment order started","session_id":"2f7e1cc1-38b4-49a2-b42b-fb13bd2da774","amount_paise_frontend":1600}
Jul 17 07:04:14 vithsutra kiosk-server[2006197]: {"time":"2026-07-17T07:04:14.67954708Z","level":"INFO","msg":"razorpay order created","session_id":"2f7e1cc1-38b4-49a2-b42b-fb13bd2da774","razorpay_order_id":"order_TETroKHg2KppSA","amount_paise":1600}
Jul 17 07:04:14 vithsutra kiosk-server[2006197]: {"time":"2026-07-17T07:04:14.813474873Z","level":"INFO","msg":"create payment order completed","session_id":"2f7e1cc1-38b4-49a2-b42b-fb13bd2da774","payment_id":"aefac71c-fe87-45d7-85d3-7185e12f1e51","razorpay_order_id":"order_TETroKHg2KppSA"}
Jul 17 07:04:14 vithsutra kiosk-server[2006197]: {"time":"2026-07-17T07:04:14.813510005Z","level":"INFO","msg":"Amount:","Amount_paise":1600}
Jul 17 07:04:14 vithsutra kiosk-server[2006197]: {"time":"2026-07-17T07:04:14.813561107Z","level":"INFO","msg":"request","method":"POST","path":"/payments/create","status":201,"bytes":233,"duration_ms":715,"request_id":"vithsutra/yJhBRTSzdo-004720","remote_addr":"223.237.172.100"}
Jul 17 07:04:41 vithsutra kiosk-server[2006197]: {"time":"2026-07-17T07:04:41.327471786Z","level":"INFO","msg":"webhook received","event":"payment.captured"}
Jul 17 07:04:41 vithsutra kiosk-server[2006197]: {"time":"2026-07-17T07:04:41.327514857Z","level":"INFO","msg":"processing payment success","razorpay_order_id":"order_TETroKHg2KppSA","razorpay_payment_id":"pay_TETs1mjqPD9f1B"}
Jul 17 07:04:45 vithsutra kiosk-server[2006197]: {"time":"2026-07-17T07:04:45.830948865Z","level":"ERROR","msg":"failed to promote file","session_id":"2f7e1cc1-38b4-49a2-b42b-fb13bd2da774","file_id":"1eaa7bbc-011c-4f93-8d5e-9c2e3c53e9a7","staging_key":"uploads/staging/86dafe38-9bc9-4e13-ac9c-2f894b0025e8/2f7e1cc1-38b4-49a2-b42b-fb13bd2da774/1eaa7bbc-011c-4f93-8d5e-9c2e3c53e9a7.pdf","error":"failed to copy uploads/staging/86dafe38-9bc9-4e13-ac9c-2f894b0025e8/2f7e1cc1-38b4-49a2-b42b-fb13bd2da774/1eaa7bbc-011c-4f93-8d5e-9c2e3c53e9a7.pdf → uploads/final/86dafe38-9bc9-4e13-ac9c-2f894b0025e8/2f7e1cc1-38b4-49a2-b42b-fb13bd2da774/1eaa7bbc-011c-4f93-8d5e-9c2e3c53e9a7.pdf: operation error S3: CopyObject, https response error StatusCode: 0, RequestID: , HostID: , canceled, context deadline exceeded"}
Jul 17 07:04:45 vithsutra kiosk-server[2006197]: {"time":"2026-07-17T07:04:45.831013375Z","level":"ERROR","msg":"failed to promote file IFM-2 Sujesh.pdf to final storage","code":"internal_error","cause":"failed to copy uploads/staging/86dafe38-9bc9-4e13-ac9c-2f894b0025e8/2f7e1cc1-38b4-49a2-b42b-fb13bd2da774/1eaa7bbc-011c-4f93-8d5e-9c2e3c53e9a7.pdf → uploads/final/86dafe38-9bc9-4e13-ac9c-2f894b0025e8/2f7e1cc1-38b4-49a2-b42b-fb13bd2da774/1eaa7bbc-011c-4f93-8d5e-9c2e3c53e9a7.pdf: operation error S3: CopyObject, https response error StatusCode: 0, RequestID: , HostID: , canceled, context deadline exceeded"}
Jul 17 07:04:45 vithsutra kiosk-server[2006197]: {"time":"2026-07-17T07:04:45.831075416Z","level":"INFO","msg":"request","method":"POST","path":"/webhooks/razorpay","status":500,"bytes":105,"duration_ms":4503,"request_id":"vithsutra/yJhBRTSzdo-004721","remote_addr":"52.66.75.174"}
Jul 17 07:04:45 vithsutra kiosk-server[2006197]: {"time":"2026-07-17T07:04:45.858996368Z","level":"INFO","msg":"webhook received","event":"payment.captured"}
Jul 17 07:04:45 vithsutra kiosk-server[2006197]: {"time":"2026-07-17T07:04:45.859056011Z","level":"INFO","msg":"processing payment success","razorpay_order_id":"order_TETroKHg2KppSA","razorpay_payment_id":"pay_TETs1mjqPD9f1B"}
Jul 17 07:04:47 vithsutra kiosk-server[2006197]: {"time":"2026-07-17T07:04:47.070170758Z","level":"INFO","msg":"file promoted","session_id":"2f7e1cc1-38b4-49a2-b42b-fb13bd2da774","file_id":"1eaa7bbc-011c-4f93-8d5e-9c2e3c53e9a7","final_key":"uploads/final/86dafe38-9bc9-4e13-ac9c-2f894b0025e8/2f7e1cc1-38b4-49a2-b42b-fb13bd2da774/1eaa7bbc-011c-4f93-8d5e-9c2e3c53e9a7.pdf"}
Jul 17 07:04:47 vithsutra kiosk-server[2006197]: {"time":"2026-07-17T07:04:47.162301484Z","level":"INFO","msg":"file promoted","session_id":"2f7e1cc1-38b4-49a2-b42b-fb13bd2da774","file_id":"3e04e4b2-5abb-4f96-a1e7-f70e45f48cdf","final_key":"uploads/final/86dafe38-9bc9-4e13-ac9c-2f894b0025e8/2f7e1cc1-38b4-49a2-b42b-fb13bd2da774/3e04e4b2-5abb-4f96-a1e7-f70e45f48cdf.pdf"}
Jul 17 07:04:47 vithsutra kiosk-server[2006197]: {"time":"2026-07-17T07:04:47.242121348Z","level":"INFO","msg":"file promoted","session_id":"2f7e1cc1-38b4-49a2-b42b-fb13bd2da774","file_id":"7c19def3-8bfb-45d1-967c-d91d6690fbca","final_key":"uploads/final/86dafe38-9bc9-4e13-ac9c-2f894b0025e8/2f7e1cc1-38b4-49a2-b42b-fb13bd2da774/7c19def3-8bfb-45d1-967c-d91d6690fbca.pdf"}
Jul 17 07:04:47 vithsutra kiosk-server[2006197]: {"time":"2026-07-17T07:04:47.329866137Z","level":"INFO","msg":"file promoted","session_id":"2f7e1cc1-38b4-49a2-b42b-fb13bd2da774","file_id":"c5d356a7-24da-482f-81d8-a4f58524c8c5","final_key":"uploads/final/86dafe38-9bc9-4e13-ac9c-2f894b0025e8/2f7e1cc1-38b4-49a2-b42b-fb13bd2da774/c5d356a7-24da-482f-81d8-a4f58524c8c5.pdf"}
Jul 17 07:04:47 vithsutra kiosk-server[2006197]: {"time":"2026-07-17T07:04:47.414953951Z","level":"INFO","msg":"file promoted","session_id":"2f7e1cc1-38b4-49a2-b42b-fb13bd2da774","file_id":"bd35c781-5783-474b-8168-c7873196f932","final_key":"uploads/final/86dafe38-9bc9-4e13-ac9c-2f894b0025e8/2f7e1cc1-38b4-49a2-b42b-fb13bd2da774/bd35c781-5783-474b-8168-c7873196f932.pdf"}
Jul 17 07:04:47 vithsutra kiosk-server[2006197]: {"time":"2026-07-17T07:04:47.509974564Z","level":"INFO","msg":"file promoted","session_id":"2f7e1cc1-38b4-49a2-b42b-fb13bd2da774","file_id":"d06bb50d-ba53-4e90-b9b8-ebe89f949c76","final_key":"uploads/final/86dafe38-9bc9-4e13-ac9c-2f894b0025e8/2f7e1cc1-38b4-49a2-b42b-fb13bd2da774/d06bb50d-ba53-4e90-b9b8-ebe89f949c76.pdf"}
Jul 17 07:04:47 vithsutra kiosk-server[2006197]: {"time":"2026-07-17T07:04:47.616101688Z","level":"INFO","msg":"file promoted","session_id":"2f7e1cc1-38b4-49a2-b42b-fb13bd2da774","file_id":"66f2a8a9-d9de-40ea-b727-d9a3dba77b71","final_key":"uploads/final/86dafe38-9bc9-4e13-ac9c-2f894b0025e8/2f7e1cc1-38b4-49a2-b42b-fb13bd2da774/66f2a8a9-d9de-40ea-b727-d9a3dba77b71.pdf"}
Jul 17 07:04:47 vithsutra kiosk-server[2006197]: {"time":"2026-07-17T07:04:47.694929279Z","level":"INFO","msg":"file promoted","session_id":"2f7e1cc1-38b4-49a2-b42b-fb13bd2da774","file_id":"a1fbf540-2fe1-4ab9-974e-ea07dd8652d7","final_key":"uploads/final/86dafe38-9bc9-4e13-ac9c-2f894b0025e8/2f7e1cc1-38b4-49a2-b42b-fb13bd2da774/a1fbf540-2fe1-4ab9-974e-ea07dd8652d7.pdf"}
Jul 17 07:04:47 vithsutra kiosk-server[2006197]: {"time":"2026-07-17T07:04:47.772193933Z","level":"INFO","msg":"file promoted","session_id":"2f7e1cc1-38b4-49a2-b42b-fb13bd2da774","file_id":"74fc2888-9166-4b1d-80e8-febdde611804","final_key":"uploads/final/86dafe38-9bc9-4e13-ac9c-2f894b0025e8/2f7e1cc1-38b4-49a2-b42b-fb13bd2da774/74fc2888-9166-4b1d-80e8-febdde611804.pdf"}
Jul 17 07:04:47 vithsutra kiosk-server[2006197]: {"time":"2026-07-17T07:04:47.869573443Z","level":"INFO","msg":"file promoted","session_id":"2f7e1cc1-38b4-49a2-b42b-fb13bd2da774","file_id":"8ab2dae1-254c-4328-b851-14e0de66cdf5","final_key":"uploads/final/86dafe38-9bc9-4e13-ac9c-2f894b0025e8/2f7e1cc1-38b4-49a2-b42b-fb13bd2da774/8ab2dae1-254c-4328-b851-14e0de66cdf5.pdf"}
Jul 17 07:04:47 vithsutra kiosk-server[2006197]: {"time":"2026-07-17T07:04:47.947547077Z","level":"INFO","msg":"file promoted","session_id":"2f7e1cc1-38b4-49a2-b42b-fb13bd2da774","file_id":"6da11085-2d38-47eb-96e6-a18ed7d0e8f6","final_key":"uploads/final/86dafe38-9bc9-4e13-ac9c-2f894b0025e8/2f7e1cc1-38b4-49a2-b42b-fb13bd2da774/6da11085-2d38-47eb-96e6-a18ed7d0e8f6.pdf"}
Jul 17 07:04:48 vithsutra kiosk-server[2006197]: {"time":"2026-07-17T07:04:48.030906186Z","level":"INFO","msg":"file promoted","session_id":"2f7e1cc1-38b4-49a2-b42b-fb13bd2da774","file_id":"7b2fb47f-5b57-4cb7-9bce-eefbef4701b2","final_key":"uploads/final/86dafe38-9bc9-4e13-ac9c-2f894b0025e8/2f7e1cc1-38b4-49a2-b42b-fb13bd2da774/7b2fb47f-5b57-4cb7-9bce-eefbef4701b2.pdf"}
Jul 17 07:04:48 vithsutra kiosk-server[2006197]: {"time":"2026-07-17T07:04:48.109752652Z","level":"INFO","msg":"file promoted","session_id":"2f7e1cc1-38b4-49a2-b42b-fb13bd2da774","file_id":"cc0ffa21-3411-4d3d-8560-225b58f493c2","final_key":"uploads/final/86dafe38-9bc9-4e13-ac9c-2f894b0025e8/2f7e1cc1-38b4-49a2-b42b-fb13bd2da774/cc0ffa21-3411-4d3d-8560-225b58f493c2.pdf"}
Jul 17 07:04:48 vithsutra kiosk-server[2006197]: {"time":"2026-07-17T07:04:48.196771556Z","level":"INFO","msg":"file promoted","session_id":"2f7e1cc1-38b4-49a2-b42b-fb13bd2da774","file_id":"965add3b-862e-4ff4-abba-ea7e88ebcfff","final_key":"uploads/final/86dafe38-9bc9-4e13-ac9c-2f894b0025e8/2f7e1cc1-38b4-49a2-b42b-fb13bd2da774/965add3b-862e-4ff4-abba-ea7e88ebcfff.pdf"}
Jul 17 07:04:48 vithsutra kiosk-server[2006197]: {"time":"2026-07-17T07:04:48.360822109Z","level":"INFO","msg":"file promoted","session_id":"2f7e1cc1-38b4-49a2-b42b-fb13bd2da774","file_id":"8fb156d1-9be8-4622-a4f2-d6ed13bf5b91","final_key":"uploads/final/86dafe38-9bc9-4e13-ac9c-2f894b0025e8/2f7e1cc1-38b4-49a2-b42b-fb13bd2da774/8fb156d1-9be8-4622-a4f2-d6ed13bf5b91.pdf"}
Jul 17 07:04:48 vithsutra kiosk-server[2006197]: {"time":"2026-07-17T07:04:48.442639017Z","level":"INFO","msg":"file promoted","session_id":"2f7e1cc1-38b4-49a2-b42b-fb13bd2da774","file_id":"b95f61e3-699b-4f66-8f1f-b6f889472165","final_key":"uploads/final/86dafe38-9bc9-4e13-ac9c-2f894b0025e8/2f7e1cc1-38b4-49a2-b42b-fb13bd2da774/b95f61e3-699b-4f66-8f1f-b6f889472165.pdf"}
Jul 17 07:04:49 vithsutra kiosk-server[2006197]: {"time":"2026-07-17T07:04:49.973038503Z","level":"INFO","msg":"payment success committed","session_id":"2f7e1cc1-38b4-49a2-b42b-fb13bd2da774","razorpay_order_id":"order_TETroKHg2KppSA","razorpay_payment_id":"pay_TETs1mjqPD9f1B","files_promoted":16}
Jul 17 07:04:49 vithsutra kiosk-server[2006197]: {"time":"2026-07-17T07:04:49.973112042Z","level":"INFO","msg":"request","method":"POST","path":"/webhooks/razorpay","status":200,"bytes":21,"duration_ms":4114,"request_id":"vithsutra/yJhBRTSzdo-004722","remote_addr":"52.66.75.174"}
Jul 17 07:04:55 vithsutra kiosk-server[2006197]: {"time":"2026-07-17T07:04:55.513359628Z","level":"INFO","msg":"request","method":"OPTIONS","path":"/payments/status/2f7e1cc1-38b4-49a2-b42b-fb13bd2da774","status":204,"bytes":0,"duration_ms":0,"request_id":"vithsutra/yJhBRTSzdo-004723","remote_addr":"2401:4900:91c9:242f:554a:7713:c3ea:2832"}
Jul 17 07:04:55 vithsutra kiosk-server[2006197]: {"time":"2026-07-17T07:04:55.695692539Z","level":"INFO","msg":"get job by session ID started","session_id":"2f7e1cc1-38b4-49a2-b42b-fb13bd2da774"}
Jul 17 07:04:55 vithsutra kiosk-server[2006197]: {"time":"2026-07-17T07:04:55.760591348Z","level":"INFO","msg":"Token Debugging","Token:":"169666"}
Jul 17 07:04:55 vithsutra kiosk-server[2006197]: {"time":"2026-07-17T07:04:55.827792635Z","level":"INFO","msg":"get job by session ID completed","session_id":"2f7e1cc1-38b4-49a2-b42b-fb13bd2da774","file_count":16}
Jul 17 07:04:55 vithsutra kiosk-server[2006197]: {"time":"2026-07-17T07:04:55.82830248Z","level":"INFO","msg":"request","method":"GET","path":"/payments/status/2f7e1cc1-38b4-49a2-b42b-fb13bd2da774","status":200,"bytes":6794,"duration_ms":132,"request_id":"vithsutra/yJhBRTSzdo-004724","remote_addr":"223.237.172.100"}
Jul 17 07:05:06 vithsutra kiosk-server[2006197]: {"time":"2026-07-17T07:05:06.35689928Z","level":"INFO","msg":"get job by token started","token":169666}
Jul 17 07:05:06 vithsutra kiosk-server[2006197]: DEBUG PRESIGN GET URL: https://aiet-printflow-upload-prod.s3.ap-south-1.amazonaws.com/uploads/final/86dafe38-9bc9-4e13-ac9c-2f894b0025e8/2f7e1cc1-38b4-49a2-b42b-fb13bd2da774/1eaa7bbc-011c-4f93-8d5e-9c2e3c53e9a7.pdf?X-Amz-Algorithm=AWS4-HMAC-SHA256&X-Amz-Checksum-Mode=ENABLED&X-Amz-Credential=AKIAURY6ZINDKCABHGV3%2F20260717%2Fap-south-1%2Fs3%2Faws4_request&X-Amz-Date=20260717T070506Z&X-Amz-Expires=900&X-Amz-SignedHeaders=host&x-id=GetObject&X-Amz-Signature=9bd7edc142ada12a13fc305bc4035a30ec242a733e340f673c3788e26fc3067d
Jul 17 07:05:06 vithsutra kiosk-server[2006197]: {"time":"2026-07-17T07:05:06.55482647Z","level":"INFO","msg":"final_Key_Bebugging","final_key:":"uploads/final/86dafe38-9bc9-4e13-ac9c-2f894b0025e8/2f7e1cc1-38b4-49a2-b42b-fb13bd2da774/1eaa7bbc-011c-4f93-8d5e-9c2e3c53e9a7.pdf"}
Jul 17 07:05:06 vithsutra kiosk-server[2006197]: DEBUG PRESIGN GET URL: https://aiet-printflow-upload-prod.s3.ap-south-1.amazonaws.com/uploads/final/86dafe38-9bc9-4e13-ac9c-2f894b0025e8/2f7e1cc1-38b4-49a2-b42b-fb13bd2da774/3e04e4b2-5abb-4f96-a1e7-f70e45f48cdf.pdf?X-Amz-Algorithm=AWS4-HMAC-SHA256&X-Amz-Checksum-Mode=ENABLED&X-Amz-Credential=AKIAURY6ZINDKCABHGV3%2F20260717%2Fap-south-1%2Fs3%2Faws4_request&X-Amz-Date=20260717T070506Z&X-Amz-Expires=900&X-Amz-SignedHeaders=host&x-id=GetObject&X-Amz-Signature=3acf3ba396f52fc2252c874826f3ddcd9cde2bcc6cd20d465b7905d02a324225
Jul 17 07:05:06 vithsutra kiosk-server[2006197]: {"time":"2026-07-17T07:05:06.555167008Z","level":"INFO","msg":"final_Key_Bebugging","final_key:":"uploads/final/86dafe38-9bc9-4e13-ac9c-2f894b0025e8/2f7e1cc1-38b4-49a2-b42b-fb13bd2da774/3e04e4b2-5abb-4f96-a1e7-f70e45f48cdf.pdf"}
Jul 17 07:05:06 vithsutra kiosk-server[2006197]: DEBUG PRESIGN GET URL: https://aiet-printflow-upload-prod.s3.ap-south-1.amazonaws.com/uploads/final/86dafe38-9bc9-4e13-ac9c-2f894b0025e8/2f7e1cc1-38b4-49a2-b42b-fb13bd2da774/7c19def3-8bfb-45d1-967c-d91d6690fbca.pdf?X-Amz-Algorithm=AWS4-HMAC-SHA256&X-Amz-Checksum-Mode=ENABLED&X-Amz-Credential=AKIAURY6ZINDKCABHGV3%2F20260717%2Fap-south-1%2Fs3%2Faws4_request&X-Amz-Date=20260717T070506Z&X-Amz-Expires=900&X-Amz-SignedHeaders=host&x-id=GetObject&X-Amz-Signature=2b8b72ba339310a93679e9e1ffc13bd84bc90af5a67367953f5de68d781e2e4c
Jul 17 07:05:06 vithsutra kiosk-server[2006197]: {"time":"2026-07-17T07:05:06.555490289Z","level":"INFO","msg":"final_Key_Bebugging","final_key:":"uploads/final/86dafe38-9bc9-4e13-ac9c-2f894b0025e8/2f7e1cc1-38b4-49a2-b42b-fb13bd2da774/7c19def3-8bfb-45d1-967c-d91d6690fbca.pdf"}
Jul 17 07:05:06 vithsutra kiosk-server[2006197]: DEBUG PRESIGN GET URL: https://aiet-printflow-upload-prod.s3.ap-south-1.amazonaws.com/uploads/final/86dafe38-9bc9-4e13-ac9c-2f894b0025e8/2f7e1cc1-38b4-49a2-b42b-fb13bd2da774/c5d356a7-24da-482f-81d8-a4f58524c8c5.pdf?X-Amz-Algorithm=AWS4-HMAC-SHA256&X-Amz-Checksum-Mode=ENABLED&X-Amz-Credential=AKIAURY6ZINDKCABHGV3%2F20260717%2Fap-south-1%2Fs3%2Faws4_request&X-Amz-Date=20260717T070506Z&X-Amz-Expires=900&X-Amz-SignedHeaders=host&x-id=GetObject&X-Amz-Signature=78ad524d821440f45d560a907092e58baa7edc05fe008a137081127cc8d94523
Jul 17 07:05:06 vithsutra kiosk-server[2006197]: {"time":"2026-07-17T07:05:06.55573834Z","level":"INFO","msg":"final_Key_Bebugging","final_key:":"uploads/final/86dafe38-9bc9-4e13-ac9c-2f894b0025e8/2f7e1cc1-38b4-49a2-b42b-fb13bd2da774/c5d356a7-24da-482f-81d8-a4f58524c8c5.pdf"}
Jul 17 07:05:06 vithsutra kiosk-server[2006197]: DEBUG PRESIGN GET URL: https://aiet-printflow-upload-prod.s3.ap-south-1.amazonaws.com/uploads/final/86dafe38-9bc9-4e13-ac9c-2f894b0025e8/2f7e1cc1-38b4-49a2-b42b-fb13bd2da774/bd35c781-5783-474b-8168-c7873196f932.pdf?X-Amz-Algorithm=AWS4-HMAC-SHA256&X-Amz-Checksum-Mode=ENABLED&X-Amz-Credential=AKIAURY6ZINDKCABHGV3%2F20260717%2Fap-south-1%2Fs3%2Faws4_request&X-Amz-Date=20260717T070506Z&X-Amz-Expires=900&X-Amz-SignedHeaders=host&x-id=GetObject&X-Amz-Signature=a8147c6834fbd70b520359e62fe2f3e657cf2722e74a23ad043bbb24c0523c90
Jul 17 07:05:06 vithsutra kiosk-server[2006197]: {"time":"2026-07-17T07:05:06.556056849Z","level":"INFO","msg":"final_Key_Bebugging","final_key:":"uploads/final/86dafe38-9bc9-4e13-ac9c-2f894b0025e8/2f7e1cc1-38b4-49a2-b42b-fb13bd2da774/bd35c781-5783-474b-8168-c7873196f932.pdf"}
Jul 17 07:05:06 vithsutra kiosk-server[2006197]: DEBUG PRESIGN GET URL: https://aiet-printflow-upload-prod.s3.ap-south-1.amazonaws.com/uploads/final/86dafe38-9bc9-4e13-ac9c-2f894b0025e8/2f7e1cc1-38b4-49a2-b42b-fb13bd2da774/d06bb50d-ba53-4e90-b9b8-ebe89f949c76.pdf?X-Amz-Algorithm=AWS4-HMAC-SHA256&X-Amz-Checksum-Mode=ENABLED&X-Amz-Credential=AKIAURY6ZINDKCABHGV3%2F20260717%2Fap-south-1%2Fs3%2Faws4_request&X-Amz-Date=20260717T070506Z&X-Amz-Expires=900&X-Amz-SignedHeaders=host&x-id=GetObject&X-Amz-Signature=4a1a80b07411dede5f5131f939b13a2eda85f4090bc63e3735ad0f2c8f6b3150
Jul 17 07:05:06 vithsutra kiosk-server[2006197]: {"time":"2026-07-17T07:05:06.556308141Z","level":"INFO","msg":"final_Key_Bebugging","final_key:":"uploads/final/86dafe38-9bc9-4e13-ac9c-2f894b0025e8/2f7e1cc1-38b4-49a2-b42b-fb13bd2da774/d06bb50d-ba53-4e90-b9b8-ebe89f949c76.pdf"}
Jul 17 07:05:06 vithsutra kiosk-server[2006197]: DEBUG PRESIGN GET URL: https://aiet-printflow-upload-prod.s3.ap-south-1.amazonaws.com/uploads/final/86dafe38-9bc9-4e13-ac9c-2f894b0025e8/2f7e1cc1-38b4-49a2-b42b-fb13bd2da774/66f2a8a9-d9de-40ea-b727-d9a3dba77b71.pdf?X-Amz-Algorithm=AWS4-HMAC-SHA256&X-Amz-Checksum-Mode=ENABLED&X-Amz-Credential=AKIAURY6ZINDKCABHGV3%2F20260717%2Fap-south-1%2Fs3%2Faws4_request&X-Amz-Date=20260717T070506Z&X-Amz-Expires=900&X-Amz-SignedHeaders=host&x-id=GetObject&X-Amz-Signature=66418636379eee0b6bd5a09d5a9be189b47e74d59273659c15a214b30e7ac55e
Jul 17 07:05:06 vithsutra kiosk-server[2006197]: {"time":"2026-07-17T07:05:06.556535725Z","level":"INFO","msg":"final_Key_Bebugging","final_key:":"uploads/final/86dafe38-9bc9-4e13-ac9c-2f894b0025e8/2f7e1cc1-38b4-49a2-b42b-fb13bd2da774/66f2a8a9-d9de-40ea-b727-d9a3dba77b71.pdf"}
Jul 17 07:05:06 vithsutra kiosk-server[2006197]: DEBUG PRESIGN GET URL: https://aiet-printflow-upload-prod.s3.ap-south-1.amazonaws.com/uploads/final/86dafe38-9bc9-4e13-ac9c-2f894b0025e8/2f7e1cc1-38b4-49a2-b42b-fb13bd2da774/a1fbf540-2fe1-4ab9-974e-ea07dd8652d7.pdf?X-Amz-Algorithm=AWS4-HMAC-SHA256&X-Amz-Checksum-Mode=ENABLED&X-Amz-Credential=AKIAURY6ZINDKCABHGV3%2F20260717%2Fap-south-1%2Fs3%2Faws4_request&X-Amz-Date=20260717T070506Z&X-Amz-Expires=900&X-Amz-SignedHeaders=host&x-id=GetObject&X-Amz-Signature=a9e52b37dd5eaf49a0cee8ae7febe717a9e97084123e843ffed6dc6bfa8e414e
Jul 17 07:05:06 vithsutra kiosk-server[2006197]: {"time":"2026-07-17T07:05:06.556856062Z","level":"INFO","msg":"final_Key_Bebugging","final_key:":"uploads/final/86dafe38-9bc9-4e13-ac9c-2f894b0025e8/2f7e1cc1-38b4-49a2-b42b-fb13bd2da774/a1fbf540-2fe1-4ab9-974e-ea07dd8652d7.pdf"}
Jul 17 07:05:06 vithsutra kiosk-server[2006197]: DEBUG PRESIGN GET URL: https://aiet-printflow-upload-prod.s3.ap-south-1.amazonaws.com/uploads/final/86dafe38-9bc9-4e13-ac9c-2f894b0025e8/2f7e1cc1-38b4-49a2-b42b-fb13bd2da774/74fc2888-9166-4b1d-80e8-febdde611804.pdf?X-Amz-Algorithm=AWS4-HMAC-SHA256&X-Amz-Checksum-Mode=ENABLED&X-Amz-Credential=AKIAURY6ZINDKCABHGV3%2F20260717%2Fap-south-1%2Fs3%2Faws4_request&X-Amz-Date=20260717T070506Z&X-Amz-Expires=900&X-Amz-SignedHeaders=host&x-id=GetObject&X-Amz-Signature=53739680d9bb2ef44098fd00020877dfaa6b44dc0dbe578778189195937ed516
Jul 17 07:05:06 vithsutra kiosk-server[2006197]: {"time":"2026-07-17T07:05:06.557092088Z","level":"INFO","msg":"final_Key_Bebugging","final_key:":"uploads/final/86dafe38-9bc9-4e13-ac9c-2f894b0025e8/2f7e1cc1-38b4-49a2-b42b-fb13bd2da774/74fc2888-9166-4b1d-80e8-febdde611804.pdf"}
Jul 17 07:05:06 vithsutra kiosk-server[2006197]: DEBUG PRESIGN GET URL: https://aiet-printflow-upload-prod.s3.ap-south-1.amazonaws.com/uploads/final/86dafe38-9bc9-4e13-ac9c-2f894b0025e8/2f7e1cc1-38b4-49a2-b42b-fb13bd2da774/8ab2dae1-254c-4328-b851-14e0de66cdf5.pdf?X-Amz-Algorithm=AWS4-HMAC-SHA256&X-Amz-Checksum-Mode=ENABLED&X-Amz-Credential=AKIAURY6ZINDKCABHGV3%2F20260717%2Fap-south-1%2Fs3%2Faws4_request&X-Amz-Date=20260717T070506Z&X-Amz-Expires=900&X-Amz-SignedHeaders=host&x-id=GetObject&X-Amz-Signature=45b6009b5c816e4cce05eee3814d57f22ebd98579b647e170cd711fd15a13d94
Jul 17 07:05:06 vithsutra kiosk-server[2006197]: {"time":"2026-07-17T07:05:06.55737135Z","level":"INFO","msg":"final_Key_Bebugging","final_key:":"uploads/final/86dafe38-9bc9-4e13-ac9c-2f894b0025e8/2f7e1cc1-38b4-49a2-b42b-fb13bd2da774/8ab2dae1-254c-4328-b851-14e0de66cdf5.pdf"}
Jul 17 07:05:06 vithsutra kiosk-server[2006197]: DEBUG PRESIGN GET URL: https://aiet-printflow-upload-prod.s3.ap-south-1.amazonaws.com/uploads/final/86dafe38-9bc9-4e13-ac9c-2f894b0025e8/2f7e1cc1-38b4-49a2-b42b-fb13bd2da774/6da11085-2d38-47eb-96e6-a18ed7d0e8f6.pdf?X-Amz-Algorithm=AWS4-HMAC-SHA256&X-Amz-Checksum-Mode=ENABLED&X-Amz-Credential=AKIAURY6ZINDKCABHGV3%2F20260717%2Fap-south-1%2Fs3%2Faws4_request&X-Amz-Date=20260717T070506Z&X-Amz-Expires=900&X-Amz-SignedHeaders=host&x-id=GetObject&X-Amz-Signature=9bcb33b3870d12f93fa26179c374b54aa221643f2c91397c8e09613b57dceef4
Jul 17 07:05:06 vithsutra kiosk-server[2006197]: {"time":"2026-07-17T07:05:06.557580014Z","level":"INFO","msg":"final_Key_Bebugging","final_key:":"uploads/final/86dafe38-9bc9-4e13-ac9c-2f894b0025e8/2f7e1cc1-38b4-49a2-b42b-fb13bd2da774/6da11085-2d38-47eb-96e6-a18ed7d0e8f6.pdf"}
Jul 17 07:05:06 vithsutra kiosk-server[2006197]: DEBUG PRESIGN GET URL: https://aiet-printflow-upload-prod.s3.ap-south-1.amazonaws.com/uploads/final/86dafe38-9bc9-4e13-ac9c-2f894b0025e8/2f7e1cc1-38b4-49a2-b42b-fb13bd2da774/7b2fb47f-5b57-4cb7-9bce-eefbef4701b2.pdf?X-Amz-Algorithm=AWS4-HMAC-SHA256&X-Amz-Checksum-Mode=ENABLED&X-Amz-Credential=AKIAURY6ZINDKCABHGV3%2F20260717%2Fap-south-1%2Fs3%2Faws4_request&X-Amz-Date=20260717T070506Z&X-Amz-Expires=900&X-Amz-SignedHeaders=host&x-id=GetObject&X-Amz-Signature=2b4b017cc562dbed6ec533b208647a3c785c313682f06f4c6504304dc8ac98c2
Jul 17 07:05:06 vithsutra kiosk-server[2006197]: {"time":"2026-07-17T07:05:06.557850883Z","level":"INFO","msg":"final_Key_Bebugging","final_key:":"uploads/final/86dafe38-9bc9-4e13-ac9c-2f894b0025e8/2f7e1cc1-38b4-49a2-b42b-fb13bd2da774/7b2fb47f-5b57-4cb7-9bce-eefbef4701b2.pdf"}
Jul 17 07:05:06 vithsutra kiosk-server[2006197]: DEBUG PRESIGN GET URL: https://aiet-printflow-upload-prod.s3.ap-south-1.amazonaws.com/uploads/final/86dafe38-9bc9-4e13-ac9c-2f894b0025e8/2f7e1cc1-38b4-49a2-b42b-fb13bd2da774/cc0ffa21-3411-4d3d-8560-225b58f493c2.pdf?X-Amz-Algorithm=AWS4-HMAC-SHA256&X-Amz-Checksum-Mode=ENABLED&X-Amz-Credential=AKIAURY6ZINDKCABHGV3%2F20260717%2Fap-south-1%2Fs3%2Faws4_request&X-Amz-Date=20260717T070506Z&X-Amz-Expires=900&X-Amz-SignedHeaders=host&x-id=GetObject&X-Amz-Signature=fb095ba84167b84559b5a26178965033bbb7443b80d202e3885b34b6fe025087
Jul 17 07:05:06 vithsutra kiosk-server[2006197]: {"time":"2026-07-17T07:05:06.558142229Z","level":"INFO","msg":"final_Key_Bebugging","final_key:":"uploads/final/86dafe38-9bc9-4e13-ac9c-2f894b0025e8/2f7e1cc1-38b4-49a2-b42b-fb13bd2da774/cc0ffa21-3411-4d3d-8560-225b58f493c2.pdf"}
Jul 17 07:05:06 vithsutra kiosk-server[2006197]: DEBUG PRESIGN GET URL: https://aiet-printflow-upload-prod.s3.ap-south-1.amazonaws.com/uploads/final/86dafe38-9bc9-4e13-ac9c-2f894b0025e8/2f7e1cc1-38b4-49a2-b42b-fb13bd2da774/965add3b-862e-4ff4-abba-ea7e88ebcfff.pdf?X-Amz-Algorithm=AWS4-HMAC-SHA256&X-Amz-Checksum-Mode=ENABLED&X-Amz-Credential=AKIAURY6ZINDKCABHGV3%2F20260717%2Fap-south-1%2Fs3%2Faws4_request&X-Amz-Date=20260717T070506Z&X-Amz-Expires=900&X-Amz-SignedHeaders=host&x-id=GetObject&X-Amz-Signature=0cd3cffb92658923457cce8136474a727ecb56ea3977ee974b31abfd444d035b
Jul 17 07:05:06 vithsutra kiosk-server[2006197]: {"time":"2026-07-17T07:05:06.55822495Z","level":"INFO","msg":"final_Key_Bebugging","final_key:":"uploads/final/86dafe38-9bc9-4e13-ac9c-2f894b0025e8/2f7e1cc1-38b4-49a2-b42b-fb13bd2da774/965add3b-862e-4ff4-abba-ea7e88ebcfff.pdf"}
Jul 17 07:05:06 vithsutra kiosk-server[2006197]: DEBUG PRESIGN GET URL: https://aiet-printflow-upload-prod.s3.ap-south-1.amazonaws.com/uploads/final/86dafe38-9bc9-4e13-ac9c-2f894b0025e8/2f7e1cc1-38b4-49a2-b42b-fb13bd2da774/8fb156d1-9be8-4622-a4f2-d6ed13bf5b91.pdf?X-Amz-Algorithm=AWS4-HMAC-SHA256&X-Amz-Checksum-Mode=ENABLED&X-Amz-Credential=AKIAURY6ZINDKCABHGV3%2F20260717%2Fap-south-1%2Fs3%2Faws4_request&X-Amz-Date=20260717T070506Z&X-Amz-Expires=900&X-Amz-SignedHeaders=host&x-id=GetObject&X-Amz-Signature=38de5bb04dede9ca05ec29a0acf7bc4f812016270e9c1e2fb575e3ca04134705
Jul 17 07:05:06 vithsutra kiosk-server[2006197]: {"time":"2026-07-17T07:05:06.558338847Z","level":"INFO","msg":"final_Key_Bebugging","final_key:":"uploads/final/86dafe38-9bc9-4e13-ac9c-2f894b0025e8/2f7e1cc1-38b4-49a2-b42b-fb13bd2da774/8fb156d1-9be8-4622-a4f2-d6ed13bf5b91.pdf"}
Jul 17 07:05:06 vithsutra kiosk-server[2006197]: DEBUG PRESIGN GET URL: https://aiet-printflow-upload-prod.s3.ap-south-1.amazonaws.com/uploads/final/86dafe38-9bc9-4e13-ac9c-2f894b0025e8/2f7e1cc1-38b4-49a2-b42b-fb13bd2da774/b95f61e3-699b-4f66-8f1f-b6f889472165.pdf?X-Amz-Algorithm=AWS4-HMAC-SHA256&X-Amz-Checksum-Mode=ENABLED&X-Amz-Credential=AKIAURY6ZINDKCABHGV3%2F20260717%2Fap-south-1%2Fs3%2Faws4_request&X-Amz-Date=20260717T070506Z&X-Amz-Expires=900&X-Amz-SignedHeaders=host&x-id=GetObject&X-Amz-Signature=81531d8315f06ce31294ff92c0b6d4bc190f7f9237a56c9ec0e37e53339fe87c
Jul 17 07:05:06 vithsutra kiosk-server[2006197]: {"time":"2026-07-17T07:05:06.558434376Z","level":"INFO","msg":"final_Key_Bebugging","final_key:":"uploads/final/86dafe38-9bc9-4e13-ac9c-2f894b0025e8/2f7e1cc1-38b4-49a2-b42b-fb13bd2da774/b95f61e3-699b-4f66-8f1f-b6f889472165.pdf"}
Jul 17 07:05:06 vithsutra kiosk-server[2006197]: {"time":"2026-07-17T07:05:06.558441696Z","level":"INFO","msg":"get job by token completed","token":169666,"session_id":"2f7e1cc1-38b4-49a2-b42b-fb13bd2da774","file_count":16}
Jul 17 07:05:06 vithsutra kiosk-server[2006197]: {"time":"2026-07-17T07:05:06.558616075Z","level":"INFO","msg":"request","method":"POST","path":"/print/jobs/token","status":200,"bytes":12416,"duration_ms":201,"request_id":"vithsutra/yJhBRTSzdo-004725","remote_addr":"103.89.233.254"}
Jul 17 07:05:47 vithsutra kiosk-server[2006197]: {"time":"2026-07-17T07:05:47.290757512Z","level":"INFO","msg":"expire session after printing started","session_id":"2f7e1cc1-38b4-49a2-b42b-fb13bd2da774"}
Jul 17 07:05:47 vithsutra kiosk-server[2006197]: {"time":"2026-07-17T07:05:47.486558092Z","level":"INFO","msg":"session marked completed","session_id":"2f7e1cc1-38b4-49a2-b42b-fb13bd2da774"}
Jul 17 07:05:47 vithsutra kiosk-server[2006197]: {"time":"2026-07-17T07:05:47.617622913Z","level":"WARN","msg":"no completed file found for session 2f7e1cc1-38b4-49a2-b42b-fb13bd2da774","code":"no_completed_file"}
Jul 17 07:05:47 vithsutra kiosk-server[2006197]: {"time":"2026-07-17T07:05:47.617767973Z","level":"INFO","msg":"request","method":"POST","path":"/print/jobs/expire","status":404,"bytes":124,"duration_ms":327,"request_id":"vithsutra/yJhBRTSzdo-004726","remote_addr":"103.89.233.254"}
Jul 17 07:06:00 vithsutra kiosk-server[2006197]: {"time":"2026-07-17T07:06:00.277402267Z","level":"INFO","msg":"expire session after printing started","session_id":"2f7e1cc1-38b4-49a2-b42b-fb13bd2da774"}
Jul 17 07:06:00 vithsutra kiosk-server[2006197]: {"time":"2026-07-17T07:06:00.341996935Z","level":"WARN","msg":"this session has already been completed","code":"session_already_completed"}
Jul 17 07:06:00 vithsutra kiosk-server[2006197]: {"time":"2026-07-17T07:06:00.342051976Z","level":"INFO","msg":"request","method":"POST","path":"/print/jobs/expire","status":400,"bytes":99,"duration_ms":64,"request_id":"vithsutra/yJhBRTSzdo-004727","remote_addr":"103.89.233.254"}
Jul 17 07:06:13 vithsutra kiosk-server[2006197]: {"time":"2026-07-17T07:06:13.306144009Z","level":"INFO","msg":"expire session after printing started","session_id":"2f7e1cc1-38b4-49a2-b42b-fb13bd2da774"}
Jul 17 07:06:13 vithsutra kiosk-server[2006197]: {"time":"2026-07-17T07:06:13.371252121Z","level":"WARN","msg":"this session has already been completed","code":"session_already_completed"}
Jul 17 07:06:13 vithsutra kiosk-server[2006197]: {"time":"2026-07-17T07:06:13.371395055Z","level":"INFO","msg":"request","method":"POST","path":"/print/jobs/expire","status":400,"bytes":99,"duration_ms":65,"request_id":"vithsutra/yJhBRTSzdo-004728","remote_addr":"103.89.233.254"}
Jul 17 07:06:26 vithsutra kiosk-server[2006197]: {"time":"2026-07-17T07:06:26.413162145Z","level":"INFO","msg":"expire session after printing started","session_id":"2f7e1cc1-38b4-49a2-b42b-fb13bd2da774"}
Jul 17 07:06:26 vithsutra kiosk-server[2006197]: {"time":"2026-07-17T07:06:26.47936583Z","level":"WARN","msg":"this session has already been completed","code":"session_already_completed"}
Jul 17 07:06:26 vithsutra kiosk-server[2006197]: {"time":"2026-07-17T07:06:26.479410714Z","level":"INFO","msg":"request","method":"POST","path":"/print/jobs/expire","status":400,"bytes":99,"duration_ms":66,"request_id":"vithsutra/yJhBRTSzdo-004729","remote_addr":"103.89.233.254"}
Jul 17 07:06:39 vithsutra kiosk-server[2006197]: {"time":"2026-07-17T07:06:39.775195658Z","level":"INFO","msg":"expire session after printing started","session_id":"2f7e1cc1-38b4-49a2-b42b-fb13bd2da774"}
Jul 17 07:06:39 vithsutra kiosk-server[2006197]: {"time":"2026-07-17T07:06:39.841724627Z","level":"WARN","msg":"this session has already been completed","code":"session_already_completed"}
Jul 17 07:06:39 vithsutra kiosk-server[2006197]: {"time":"2026-07-17T07:06:39.841877232Z","level":"INFO","msg":"request","method":"POST","path":"/print/jobs/expire","status":400,"bytes":99,"duration_ms":66,"request_id":"vithsutra/yJhBRTSzdo-004730","remote_addr":"103.89.233.254"}
Jul 17 07:06:52 vithsutra kiosk-server[2006197]: {"time":"2026-07-17T07:06:52.886240822Z","level":"INFO","msg":"expire session after printing started","session_id":"2f7e1cc1-38b4-49a2-b42b-fb13bd2da774"}
Jul 17 07:06:52 vithsutra kiosk-server[2006197]: {"time":"2026-07-17T07:06:52.953204045Z","level":"WARN","msg":"this session has already been completed","code":"session_already_completed"}
Jul 17 07:06:52 vithsutra kiosk-server[2006197]: {"time":"2026-07-17T07:06:52.953306343Z","level":"INFO","msg":"request","method":"POST","path":"/print/jobs/expire","status":400,"bytes":99,"duration_ms":67,"request_id":"vithsutra/yJhBRTSzdo-004731","remote_addr":"103.89.233.254"}
Jul 17 07:07:06 vithsutra kiosk-server[2006197]: {"time":"2026-07-17T07:07:06.161686728Z","level":"INFO","msg":"expire session after printing started","session_id":"2f7e1cc1-38b4-49a2-b42b-fb13bd2da774"}
Jul 17 07:07:06 vithsutra kiosk-server[2006197]: {"time":"2026-07-17T07:07:06.228034291Z","level":"WARN","msg":"this session has already been completed","code":"session_already_completed"}
Jul 17 07:07:06 vithsutra kiosk-server[2006197]: {"time":"2026-07-17T07:07:06.228084665Z","level":"INFO","msg":"request","method":"POST","path":"/print/jobs/expire","status":400,"bytes":99,"duration_ms":66,"request_id":"vithsutra/yJhBRTSzdo-004732","remote_addr":"103.89.233.254"}
Jul 17 07:07:19 vithsutra kiosk-server[2006197]: {"time":"2026-07-17T07:07:19.661053379Z","level":"INFO","msg":"expire session after printing started","session_id":"2f7e1cc1-38b4-49a2-b42b-fb13bd2da774"}
Jul 17 07:07:19 vithsutra kiosk-server[2006197]: {"time":"2026-07-17T07:07:19.727677154Z","level":"WARN","msg":"this session has already been completed","code":"session_already_completed"}
Jul 17 07:07:19 vithsutra kiosk-server[2006197]: {"time":"2026-07-17T07:07:19.727774687Z","level":"INFO","msg":"request","method":"POST","path":"/print/jobs/expire","status":400,"bytes":99,"duration_ms":66,"request_id":"vithsutra/yJhBRTSzdo-004733","remote_addr":"103.89.233.254"}
Jul 17 07:07:32 vithsutra kiosk-server[2006197]: {"time":"2026-07-17T07:07:32.431211448Z","level":"INFO","msg":"expire session after printing started","session_id":"2f7e1cc1-38b4-49a2-b42b-fb13bd2da774"}
Jul 17 07:07:32 vithsutra kiosk-server[2006197]: {"time":"2026-07-17T07:07:32.497808982Z","level":"WARN","msg":"this session has already been completed","code":"session_already_completed"}
Jul 17 07:07:32 vithsutra kiosk-server[2006197]: {"time":"2026-07-17T07:07:32.497944781Z","level":"INFO","msg":"request","method":"POST","path":"/print/jobs/expire","status":400,"bytes":99,"duration_ms":66,"request_id":"vithsutra/yJhBRTSzdo-004734","remote_addr":"103.89.233.254"}
Jul 17 07:07:36 vithsutra kiosk-server[2006197]: {"time":"2026-07-17T07:07:36.277964931Z","level":"INFO","msg":"request","method":"OPTIONS","path":"/files/jobs/recent","status":204,"bytes":0,"duration_ms":0,"request_id":"vithsutra/yJhBRTSzdo-004735","remote_addr":"2401:4900:91c9:242f:554a:7713:c3ea:2832"}
Jul 17 07:07:36 vithsutra kiosk-server[2006197]: {"time":"2026-07-17T07:07:36.591182547Z","level":"INFO","msg":"get recent print jobs started","user_id":"86dafe38-9bc9-4e13-ac9c-2f894b0025e8"}
Jul 17 07:07:37 vithsutra kiosk-server[2006197]: {"time":"2026-07-17T07:07:37.06123212Z","level":"INFO","msg":"get recent print jobs completed","user_id":"86dafe38-9bc9-4e13-ac9c-2f894b0025e8","job_count":3}
Jul 17 07:07:37 vithsutra kiosk-server[2006197]: {"time":"2026-07-17T07:07:37.061968826Z","level":"INFO","msg":"request","method":"GET","path":"/files/jobs/recent","status":200,"bytes":9190,"duration_ms":470,"request_id":"vithsutra/yJhBRTSzdo-004736","remote_addr":"2401:4900:91c9:242f:554a:7713:c3ea:2832"}
Jul 17 07:07:45 vithsutra kiosk-server[2006197]: {"time":"2026-07-17T07:07:45.629969457Z","level":"INFO","msg":"expire session after printing started","session_id":"2f7e1cc1-38b4-49a2-b42b-fb13bd2da774"}
Jul 17 07:07:45 vithsutra kiosk-server[2006197]: {"time":"2026-07-17T07:07:45.696468819Z","level":"WARN","msg":"this session has already been completed","code":"session_already_completed"}
Jul 17 07:07:45 vithsutra kiosk-server[2006197]: {"time":"2026-07-17T07:07:45.696570795Z","level":"INFO","msg":"request","method":"POST","path":"/print/jobs/expire","status":400,"bytes":99,"duration_ms":66,"request_id":"vithsutra/yJhBRTSzdo-004737","remote_addr":"103.89.233.254"}
Jul 17 07:07:52 vithsutra kiosk-server[2006197]: {"time":"2026-07-17T07:07:52.1035274Z","level":"INFO","msg":"request","method":"OPTIONS","path":"/files/upload/init","status":204,"bytes":0,"duration_ms":0,"request_id":"vithsutra/yJhBRTSzdo-004738","remote_addr":"2401:4900:91c8:669f:8881:f0ff:fe34:4a79"}
Jul 17 07:07:52 vithsutra kiosk-server[2006197]: {"time":"2026-07-17T07:07:52.283903747Z","level":"INFO","msg":"USERID","userId:":"9416aec8-143a-4076-8e71-e3281da03d5c"}
Jul 17 07:07:52 vithsutra kiosk-server[2006197]: {"time":"2026-07-17T07:07:52.283965818Z","level":"INFO","msg":"USEREMAIL","userEmail:":"vandanaaa1105@gmail.com"}
Jul 17 07:07:52 vithsutra kiosk-server[2006197]: {"time":"2026-07-17T07:07:52.284012188Z","level":"INFO","msg":"init upload started","user_id":"9416aec8-143a-4076-8e71-e3281da03d5c","file_count":2,"request_payload":{"files":[{"file_name":"Undertaking-Internship - 2.pdf","content_type":"application/pdf"},{"file_name":"Undertaking-Internship -1.pdf","content_type":"application/pdf"}]}}
Jul 17 07:07:52 vithsutra kiosk-server[2006197]: {"time":"2026-07-17T07:07:52.419384567Z","level":"INFO","msg":"upload session created","session_id":"1d8ea744-9a38-411b-b414-38d84f1f0286","user_id":"9416aec8-143a-4076-8e71-e3281da03d5c","expires_at":"2026-07-24T07:07:52.351950357Z"}
Jul 17 07:07:52 vithsutra kiosk-server[2006197]: {"time":"2026-07-17T07:07:52.620013608Z","level":"INFO","msg":"init upload completed","session_id":"1d8ea744-9a38-411b-b414-38d84f1f0286","user_id":"9416aec8-143a-4076-8e71-e3281da03d5c","file_count":2}
Jul 17 07:07:52 vithsutra kiosk-server[2006197]: {"time":"2026-07-17T07:07:52.620177598Z","level":"INFO","msg":"request","method":"POST","path":"/files/upload/init","status":201,"bytes":1806,"duration_ms":336,"request_id":"vithsutra/yJhBRTSzdo-004739","remote_addr":"2401:4900:91c8:669f:8881:f0ff:fe34:4a79"}
Jul 17 07:07:56 vithsutra kiosk-server[2006197]: {"time":"2026-07-17T07:07:56.304061773Z","level":"INFO","msg":"request","method":"OPTIONS","path":"/files/upload/confirm","status":204,"bytes":0,"duration_ms":0,"request_id":"vithsutra/yJhBRTSzdo-004740","remote_addr":"2401:4900:91c8:669f:8881:f0ff:fe34:4a79"}
Jul 17 07:07:56 vithsutra kiosk-server[2006197]: {"time":"2026-07-17T07:07:56.496285988Z","level":"INFO","msg":"confirm upload started","session_id":"1d8ea744-9a38-411b-b414-38d84f1f0286","file_count":2}
Jul 17 07:07:56 vithsutra kiosk-server[2006197]: {"time":"2026-07-17T07:07:56.562911086Z","level":"INFO","msg":"session validated for confirm","session_id":"1d8ea744-9a38-411b-b414-38d84f1f0286","status":"created"}
Jul 17 07:07:56 vithsutra kiosk-server[2006197]: DEBUG HeadObject → bucket: aiet-printflow-upload-prod  key: uploads/staging/9416aec8-143a-4076-8e71-e3281da03d5c/1d8ea744-9a38-411b-b414-38d84f1f0286/cef7d186-fd02-4148-9844-2e76a7981ffe.pdf
Jul 17 07:07:56 vithsutra kiosk-server[2006197]: {"time":"2026-07-17T07:07:56.765138879Z","level":"INFO","msg":"file price calculated","price":10,"sheets":2,"num_of_pages":2,"copies":1,"page_layout":1,"printing_mode":"color","printing_side":"single_side"}
Jul 17 07:07:56 vithsutra kiosk-server[2006197]: {"time":"2026-07-17T07:07:56.765164401Z","level":"INFO","msg":"Total done bebug","TotalAmount:":10,"TotalSheetes:":2}
Jul 17 07:07:56 vithsutra kiosk-server[2006197]: {"time":"2026-07-17T07:07:56.765172222Z","level":"INFO","msg":"Page Range bebugging","page_range:":["1-2"]}
Jul 17 07:07:56 vithsutra kiosk-server[2006197]: {"time":"2026-07-17T07:07:56.765180502Z","level":"INFO","msg":"file confirmed","session_id":"1d8ea744-9a38-411b-b414-38d84f1f0286","file_id":"cef7d186-fd02-4148-9844-2e76a7981ffe","file_name":"Undertaking-Internship - 2.pdf","sheets":2,"price":10}
Jul 17 07:07:56 vithsutra kiosk-server[2006197]: DEBUG HeadObject → bucket: aiet-printflow-upload-prod  key: uploads/staging/9416aec8-143a-4076-8e71-e3281da03d5c/1d8ea744-9a38-411b-b414-38d84f1f0286/70ad1944-4853-4bd7-9f00-b67e2000a1c7.pdf
Jul 17 07:07:56 vithsutra kiosk-server[2006197]: {"time":"2026-07-17T07:07:56.857253917Z","level":"INFO","msg":"file price calculated","price":5,"sheets":1,"num_of_pages":1,"copies":1,"page_layout":1,"printing_mode":"color","printing_side":"single_side"}
Jul 17 07:07:56 vithsutra kiosk-server[2006197]: {"time":"2026-07-17T07:07:56.85729785Z","level":"INFO","msg":"Total done bebug","TotalAmount:":15,"TotalSheetes:":3}
Jul 17 07:07:56 vithsutra kiosk-server[2006197]: {"time":"2026-07-17T07:07:56.857310925Z","level":"INFO","msg":"Page Range bebugging","page_range:":["1"]}
Jul 17 07:07:56 vithsutra kiosk-server[2006197]: {"time":"2026-07-17T07:07:56.857324678Z","level":"INFO","msg":"file confirmed","session_id":"1d8ea744-9a38-411b-b414-38d84f1f0286","file_id":"70ad1944-4853-4bd7-9f00-b67e2000a1c7","file_name":"Undertaking-Internship -1.pdf","sheets":1,"price":5}
Jul 17 07:07:56 vithsutra kiosk-server[2006197]: DEBUG: PageRange in UpdateFileWithPrintOptions: [1-2]
Jul 17 07:07:56 vithsutra kiosk-server[2006197]: DEBUG: PageRange in UpdateFileWithPrintOptions: [1]
Jul 17 07:07:57 vithsutra kiosk-server[2006197]: {"time":"2026-07-17T07:07:57.190972729Z","level":"INFO","msg":"confirm upload completed","session_id":"1d8ea744-9a38-411b-b414-38d84f1f0286","total_sheets":3,"total_amount":15}
Jul 17 07:07:57 vithsutra kiosk-server[2006197]: {"time":"2026-07-17T07:07:57.191143251Z","level":"INFO","msg":"request","method":"POST","path":"/files/upload/confirm","status":200,"bytes":563,"duration_ms":695,"request_id":"vithsutra/yJhBRTSzdo-004741","remote_addr":"2401:4900:91c8:669f:8881:f0ff:fe34:4a79"}
Jul 17 07:07:57 vithsutra kiosk-server[2006197]: {"time":"2026-07-17T07:07:57.47053837Z","level":"INFO","msg":"request","method":"OPTIONS","path":"/payments/create","status":204,"bytes":0,"duration_ms":0,"request_id":"vithsutra/yJhBRTSzdo-004742","remote_addr":"2401:4900:91c8:669f:8881:f0ff:fe34:4a79"}
Jul 17 07:07:57 vithsutra kiosk-server[2006197]: {"time":"2026-07-17T07:07:57.657244456Z","level":"INFO","msg":"create payment order started","session_id":"1d8ea744-9a38-411b-b414-38d84f1f0286","amount_paise_frontend":1500}
Jul 17 07:07:58 vithsutra kiosk-server[2006197]: {"time":"2026-07-17T07:07:58.106062195Z","level":"INFO","msg":"razorpay order created","session_id":"1d8ea744-9a38-411b-b414-38d84f1f0286","razorpay_order_id":"order_TETvkBatgJPTHO","amount_paise":1500}
Jul 17 07:07:58 vithsutra kiosk-server[2006197]: {"time":"2026-07-17T07:07:58.173969021Z","level":"INFO","msg":"create payment order completed","session_id":"1d8ea744-9a38-411b-b414-38d84f1f0286","payment_id":"abef35ff-c62b-47a5-9474-8c8e3e672381","razorpay_order_id":"order_TETvkBatgJPTHO"}
Jul 17 07:07:58 vithsutra kiosk-server[2006197]: {"time":"2026-07-17T07:07:58.174028085Z","level":"INFO","msg":"Amount:","Amount_paise":1500}
Jul 17 07:07:58 vithsutra kiosk-server[2006197]: {"time":"2026-07-17T07:07:58.174116904Z","level":"INFO","msg":"request","method":"POST","path":"/payments/create","status":201,"bytes":233,"duration_ms":517,"request_id":"vithsutra/yJhBRTSzdo-004743","remote_addr":"2401:4900:91c8:669f:8881:f0ff:fe34:4a79"}
Jul 17 07:07:58 vithsutra kiosk-server[2006197]: {"time":"2026-07-17T07:07:58.81666909Z","level":"INFO","msg":"expire session after printing started","session_id":"2f7e1cc1-38b4-49a2-b42b-fb13bd2da774"}
Jul 17 07:07:58 vithsutra kiosk-server[2006197]: {"time":"2026-07-17T07:07:58.882944857Z","level":"WARN","msg":"this session has already been completed","code":"session_already_completed"}
Jul 17 07:07:58 vithsutra kiosk-server[2006197]: {"time":"2026-07-17T07:07:58.883043679Z","level":"INFO","msg":"request","method":"POST","path":"/print/jobs/expire","status":400,"bytes":99,"duration_ms":66,"request_id":"vithsutra/yJhBRTSzdo-004744","remote_addr":"103.89.233.254"}
Jul 17 07:08:12 vithsutra kiosk-server[2006197]: {"time":"2026-07-17T07:08:12.095982347Z","level":"INFO","msg":"expire session after printing started","session_id":"2f7e1cc1-38b4-49a2-b42b-fb13bd2da774"}
Jul 17 07:08:12 vithsutra kiosk-server[2006197]: {"time":"2026-07-17T07:08:12.162625884Z","level":"WARN","msg":"this session has already been completed","code":"session_already_completed"}
Jul 17 07:08:12 vithsutra kiosk-server[2006197]: {"time":"2026-07-17T07:08:12.162734305Z","level":"INFO","msg":"request","method":"POST","path":"/print/jobs/expire","status":400,"bytes":99,"duration_ms":66,"request_id":"vithsutra/yJhBRTSzdo-004745","remote_addr":"103.89.233.254"}
Jul 17 07:08:22 vithsutra kiosk-server[2006197]: {"time":"2026-07-17T07:08:22.494267942Z","level":"INFO","msg":"webhook received","event":"payment.captured"}
Jul 17 07:08:22 vithsutra kiosk-server[2006197]: {"time":"2026-07-17T07:08:22.494314491Z","level":"INFO","msg":"processing payment success","razorpay_order_id":"order_TETvkBatgJPTHO","razorpay_payment_id":"pay_TETvplYv9u63qB"}
Jul 17 07:08:23 vithsutra kiosk-server[2006197]: {"time":"2026-07-17T07:08:23.12582191Z","level":"INFO","msg":"file promoted","session_id":"1d8ea744-9a38-411b-b414-38d84f1f0286","file_id":"cef7d186-fd02-4148-9844-2e76a7981ffe","final_key":"uploads/final/9416aec8-143a-4076-8e71-e3281da03d5c/1d8ea744-9a38-411b-b414-38d84f1f0286/cef7d186-fd02-4148-9844-2e76a7981ffe.pdf"}
Jul 17 07:08:23 vithsutra kiosk-server[2006197]: {"time":"2026-07-17T07:08:23.233152033Z","level":"INFO","msg":"file promoted","session_id":"1d8ea744-9a38-411b-b414-38d84f1f0286","file_id":"70ad1944-4853-4bd7-9f00-b67e2000a1c7","final_key":"uploads/final/9416aec8-143a-4076-8e71-e3281da03d5c/1d8ea744-9a38-411b-b414-38d84f1f0286/70ad1944-4853-4bd7-9f00-b67e2000a1c7.pdf"}
Jul 17 07:08:24 vithsutra kiosk-server[2006197]: {"time":"2026-07-17T07:08:24.668117911Z","level":"INFO","msg":"payment success committed","session_id":"1d8ea744-9a38-411b-b414-38d84f1f0286","razorpay_order_id":"order_TETvkBatgJPTHO","razorpay_payment_id":"pay_TETvplYv9u63qB","files_promoted":2}
Jul 17 07:08:24 vithsutra kiosk-server[2006197]: {"time":"2026-07-17T07:08:24.668220211Z","level":"INFO","msg":"request","method":"POST","path":"/webhooks/razorpay","status":200,"bytes":21,"duration_ms":2174,"request_id":"vithsutra/yJhBRTSzdo-004746","remote_addr":"52.66.76.63"}
Jul 17 07:08:25 vithsutra kiosk-server[2006197]: {"time":"2026-07-17T07:08:25.26456284Z","level":"INFO","msg":"expire session after printing started","session_id":"2f7e1cc1-38b4-49a2-b42b-fb13bd2da774"}
Jul 17 07:08:25 vithsutra kiosk-server[2006197]: {"time":"2026-07-17T07:08:25.370544011Z","level":"WARN","msg":"this session has already been completed","code":"session_already_completed"}
Jul 17 07:08:25 vithsutra kiosk-server[2006197]: {"time":"2026-07-17T07:08:25.370634718Z","level":"INFO","msg":"request","method":"POST","path":"/print/jobs/expire","status":400,"bytes":99,"duration_ms":106,"request_id":"vithsutra/yJhBRTSzdo-004747","remote_addr":"103.89.233.254"}
Jul 17 07:08:32 vithsutra kiosk-server[2006197]: {"time":"2026-07-17T07:08:32.890892855Z","level":"INFO","msg":"request","method":"OPTIONS","path":"/payments/status/1d8ea744-9a38-411b-b414-38d84f1f0286","status":204,"bytes":0,"duration_ms":0,"request_id":"vithsutra/yJhBRTSzdo-004748","remote_addr":"2401:4900:91c8:669f:8881:f0ff:fe34:4a79"}
Jul 17 07:08:33 vithsutra kiosk-server[2006197]: {"time":"2026-07-17T07:08:33.172498033Z","level":"INFO","msg":"get job by session ID started","session_id":"1d8ea744-9a38-411b-b414-38d84f1f0286"}
Jul 17 07:08:33 vithsutra kiosk-server[2006197]: {"time":"2026-07-17T07:08:33.225971309Z","level":"INFO","msg":"Token Debugging","Token:":"648401"}
Jul 17 07:08:33 vithsutra kiosk-server[2006197]: {"time":"2026-07-17T07:08:33.333966121Z","level":"INFO","msg":"get job by session ID completed","session_id":"1d8ea744-9a38-411b-b414-38d84f1f0286","file_count":2}
Jul 17 07:08:33 vithsutra kiosk-server[2006197]: {"time":"2026-07-17T07:08:33.334137101Z","level":"INFO","msg":"request","method":"GET","path":"/payments/status/1d8ea744-9a38-411b-b414-38d84f1f0286","status":200,"bytes":1105,"duration_ms":161,"request_id":"vithsutra/yJhBRTSzdo-004749","remote_addr":"2401:4900:91c8:669f:8881:f0ff:fe34:4a79"}
Jul 17 07:08:38 vithsutra kiosk-server[2006197]: {"time":"2026-07-17T07:08:38.337177114Z","level":"INFO","msg":"expire session after printing started","session_id":"2f7e1cc1-38b4-49a2-b42b-fb13bd2da774"}
Jul 17 07:08:38 vithsutra kiosk-server[2006197]: {"time":"2026-07-17T07:08:38.390822101Z","level":"WARN","msg":"this session has already been completed","code":"session_already_completed"}
Jul 17 07:08:38 vithsutra kiosk-server[2006197]: {"time":"2026-07-17T07:08:38.390966972Z","level":"INFO","msg":"request","method":"POST","path":"/print/jobs/expire","status":400,"bytes":99,"duration_ms":53,"request_id":"vithsutra/yJhBRTSzdo-004750","remote_addr":"103.89.233.254"}
Jul 17 07:08:51 vithsutra kiosk-server[2006197]: {"time":"2026-07-17T07:08:51.510873217Z","level":"INFO","msg":"expire session after printing started","session_id":"2f7e1cc1-38b4-49a2-b42b-fb13bd2da774"}
Jul 17 07:08:51 vithsutra kiosk-server[2006197]: {"time":"2026-07-17T07:08:51.563825756Z","level":"WARN","msg":"this session has already been completed","code":"session_already_completed"}
Jul 17 07:08:51 vithsutra kiosk-server[2006197]: {"time":"2026-07-17T07:08:51.56394555Z","level":"INFO","msg":"request","method":"POST","path":"/print/jobs/expire","status":400,"bytes":99,"duration_ms":53,"request_id":"vithsutra/yJhBRTSzdo-004751","remote_addr":"103.89.233.254"}
Jul 17 07:09:04 vithsutra kiosk-server[2006197]: {"time":"2026-07-17T07:09:04.771064153Z","level":"INFO","msg":"expire session after printing started","session_id":"2f7e1cc1-38b4-49a2-b42b-fb13bd2da774"}
Jul 17 07:09:04 vithsutra kiosk-server[2006197]: {"time":"2026-07-17T07:09:04.824646625Z","level":"WARN","msg":"this session has already been completed","code":"session_already_completed"}
Jul 17 07:09:04 vithsutra kiosk-server[2006197]: {"time":"2026-07-17T07:09:04.825037335Z","level":"INFO","msg":"request","method":"POST","path":"/print/jobs/expire","status":400,"bytes":99,"duration_ms":54,"request_id":"vithsutra/yJhBRTSzdo-004752","remote_addr":"103.89.233.254"}
Jul 17 07:09:09 vithsutra kiosk-server[2006197]: {"time":"2026-07-17T07:09:09.000256499Z","level":"INFO","msg":"request","method":"OPTIONS","path":"/files/upload/init","status":204,"bytes":0,"duration_ms":0,"request_id":"vithsutra/yJhBRTSzdo-004753","remote_addr":"2401:4900:91c9:242f:554a:7713:c3ea:2832"}
Jul 17 07:09:09 vithsutra kiosk-server[2006197]: {"time":"2026-07-17T07:09:09.499909077Z","level":"INFO","msg":"USERID","userId:":"86dafe38-9bc9-4e13-ac9c-2f894b0025e8"}
Jul 17 07:09:09 vithsutra kiosk-server[2006197]: {"time":"2026-07-17T07:09:09.499945775Z","level":"INFO","msg":"USEREMAIL","userEmail:":"vithuljain75@gmail.com"}
Jul 17 07:09:09 vithsutra kiosk-server[2006197]: {"time":"2026-07-17T07:09:09.499958376Z","level":"INFO","msg":"init upload started","user_id":"86dafe38-9bc9-4e13-ac9c-2f894b0025e8","file_count":8,"request_payload":{"files":[{"file_name":"IFM 1.pdf","content_type":"application/pdf"},{"file_name":"MERGER 2.pdf","content_type":"application/pdf"},{"file_name":"IND 1.pdf","content_type":"application/pdf"},{"file_name":"IND 2.pdf","content_type":"application/pdf"},{"file_name":"TAX 1.pdf","content_type":"application/pdf"},{"file_name":"ETB 2.pdf","content_type":"application/pdf"},{"file_name":"IFM 2.pdf","content_type":"application/pdf"},{"file_name":"ETB 1.pdf","content_type":"application/pdf"}]}}
Jul 17 07:09:09 vithsutra kiosk-server[2006197]: {"time":"2026-07-17T07:09:09.658756084Z","level":"INFO","msg":"upload session created","session_id":"a6d134a8-c3da-4a0a-97cd-7091ab6e95d3","user_id":"86dafe38-9bc9-4e13-ac9c-2f894b0025e8","expires_at":"2026-07-24T07:09:09.552621224Z"}
Jul 17 07:09:10 vithsutra kiosk-server[2006197]: {"time":"2026-07-17T07:09:10.190018948Z","level":"INFO","msg":"init upload completed","session_id":"a6d134a8-c3da-4a0a-97cd-7091ab6e95d3","user_id":"86dafe38-9bc9-4e13-ac9c-2f894b0025e8","file_count":8}
Jul 17 07:09:10 vithsutra kiosk-server[2006197]: {"time":"2026-07-17T07:09:10.190511185Z","level":"INFO","msg":"request","method":"POST","path":"/files/upload/init","status":201,"bytes":6550,"duration_ms":690,"request_id":"vithsutra/yJhBRTSzdo-004754","remote_addr":"2401:4900:91c9:242f:554a:7713:c3ea:2832"}
Jul 17 07:09:33 vithsutra kiosk-server[2006197]: {"time":"2026-07-17T07:09:33.229990615Z","level":"INFO","msg":"request","method":"OPTIONS","path":"/files/upload/init","status":204,"bytes":0,"duration_ms":0,"request_id":"vithsutra/yJhBRTSzdo-004755","remote_addr":"2401:4900:c951:d3ed:3416:b9ff:fe05:adfc"}
Jul 17 07:09:33 vithsutra kiosk-server[2006197]: {"time":"2026-07-17T07:09:33.383371319Z","level":"INFO","msg":"USERID","userId:":"69848409-3869-4ce7-8709-a00e40f59602"}
Jul 17 07:09:33 vithsutra kiosk-server[2006197]: {"time":"2026-07-17T07:09:33.383429556Z","level":"INFO","msg":"USEREMAIL","userEmail:":"4al24ba085@aiet.org.in"}
Jul 17 07:09:33 vithsutra kiosk-server[2006197]: {"time":"2026-07-17T07:09:33.383447758Z","level":"INFO","msg":"init upload started","user_id":"69848409-3869-4ce7-8709-a00e40f59602","file_count":8,"request_payload":{"files":[{"file_name":"hllo.pdf","content_type":"application/pdf"},{"file_name":"Merger2.pdf","content_type":"application/pdf"},{"file_name":"Tax 2.pdf","content_type":"application/pdf"},{"file_name":"IFM 2.pdf","content_type":"application/pdf"},{"file_name":"IFM 1.pdf","content_type":"application/pdf"},{"file_name":"ETB1.pdf","content_type":"application/pdf"},{"file_name":"etb 2.pdf","content_type":"application/pdf"},{"file_name":"Ind 1.pdf","content_type":"application/pdf"}]}}
Jul 17 07:09:33 vithsutra kiosk-server[2006197]: {"time":"2026-07-17T07:09:33.492265008Z","level":"INFO","msg":"upload session created","session_id":"0fb5ac2a-09c7-4c2f-b324-ac77ca1c7f7e","user_id":"69848409-3869-4ce7-8709-a00e40f59602","expires_at":"2026-07-24T07:09:33.439297911Z"}
Jul 17 07:09:33 vithsutra kiosk-server[2006197]: {"time":"2026-07-17T07:09:33.971425902Z","level":"INFO","msg":"init upload completed","session_id":"0fb5ac2a-09c7-4c2f-b324-ac77ca1c7f7e","user_id":"69848409-3869-4ce7-8709-a00e40f59602","file_count":8}
Jul 17 07:09:33 vithsutra kiosk-server[2006197]: {"time":"2026-07-17T07:09:33.971980731Z","level":"INFO","msg":"request","method":"POST","path":"/files/upload/init","status":201,"bytes":6547,"duration_ms":588,"request_id":"vithsutra/yJhBRTSzdo-004756","remote_addr":"2401:4900:c951:d3ed:3416:b9ff:fe05:adfc"}
Jul 17 07:09:41 vithsutra kiosk-server[2006197]: {"time":"2026-07-17T07:09:41.125384489Z","level":"INFO","msg":"request","method":"OPTIONS","path":"/files/upload/confirm","status":204,"bytes":0,"duration_ms":0,"request_id":"vithsutra/yJhBRTSzdo-004757","remote_addr":"2401:4900:91c9:242f:554a:7713:c3ea:2832"}
Jul 17 07:09:41 vithsutra kiosk-server[2006197]: {"time":"2026-07-17T07:09:41.312486167Z","level":"INFO","msg":"confirm upload started","session_id":"a6d134a8-c3da-4a0a-97cd-7091ab6e95d3","file_count":8}
Jul 17 07:09:41 vithsutra kiosk-server[2006197]: {"time":"2026-07-17T07:09:41.366651137Z","level":"INFO","msg":"session validated for confirm","session_id":"a6d134a8-c3da-4a0a-97cd-7091ab6e95d3","status":"created"}
Jul 17 07:09:41 vithsutra kiosk-server[2006197]: DEBUG HeadObject → bucket: aiet-printflow-upload-prod  key: uploads/staging/86dafe38-9bc9-4e13-ac9c-2f894b0025e8/a6d134a8-c3da-4a0a-97cd-7091ab6e95d3/681dbe13-f832-4f28-87e3-150c7b39436c.pdf
Jul 17 07:09:41 vithsutra kiosk-server[2006197]: {"time":"2026-07-17T07:09:41.642201349Z","level":"INFO","msg":"file price calculated","price":1,"sheets":1,"num_of_pages":1,"copies":1,"page_layout":1,"printing_mode":"monochromatic","printing_side":"single_side"}
Jul 17 07:09:41 vithsutra kiosk-server[2006197]: {"time":"2026-07-17T07:09:41.642249663Z","level":"INFO","msg":"Total done bebug","TotalAmount:":1,"TotalSheetes:":1}
Jul 17 07:09:41 vithsutra kiosk-server[2006197]: {"time":"2026-07-17T07:09:41.64226739Z","level":"INFO","msg":"Page Range bebugging","page_range:":["1"]}
Jul 17 07:09:41 vithsutra kiosk-server[2006197]: {"time":"2026-07-17T07:09:41.642287997Z","level":"INFO","msg":"file confirmed","session_id":"a6d134a8-c3da-4a0a-97cd-7091ab6e95d3","file_id":"681dbe13-f832-4f28-87e3-150c7b39436c","file_name":"IFM 1.pdf","sheets":1,"price":1}
Jul 17 07:09:41 vithsutra kiosk-server[2006197]: DEBUG HeadObject → bucket: aiet-printflow-upload-prod  key: uploads/staging/86dafe38-9bc9-4e13-ac9c-2f894b0025e8/a6d134a8-c3da-4a0a-97cd-7091ab6e95d3/2fb82c2e-fe95-4af8-83b5-af5a52794736.pdf
Jul 17 07:09:41 vithsutra kiosk-server[2006197]: {"time":"2026-07-17T07:09:41.722795584Z","level":"INFO","msg":"file price calculated","price":1,"sheets":1,"num_of_pages":1,"copies":1,"page_layout":1,"printing_mode":"monochromatic","printing_side":"single_side"}
Jul 17 07:09:41 vithsutra kiosk-server[2006197]: {"time":"2026-07-17T07:09:41.722904016Z","level":"INFO","msg":"Total done bebug","TotalAmount:":2,"TotalSheetes:":2}
Jul 17 07:09:41 vithsutra kiosk-server[2006197]: {"time":"2026-07-17T07:09:41.722927645Z","level":"INFO","msg":"Page Range bebugging","page_range:":["1"]}
Jul 17 07:09:41 vithsutra kiosk-server[2006197]: {"time":"2026-07-17T07:09:41.722951792Z","level":"INFO","msg":"file confirmed","session_id":"a6d134a8-c3da-4a0a-97cd-7091ab6e95d3","file_id":"2fb82c2e-fe95-4af8-83b5-af5a52794736","file_name":"MERGER 2.pdf","sheets":1,"price":1}
Jul 17 07:09:41 vithsutra kiosk-server[2006197]: DEBUG HeadObject → bucket: aiet-printflow-upload-prod  key: uploads/staging/86dafe38-9bc9-4e13-ac9c-2f894b0025e8/a6d134a8-c3da-4a0a-97cd-7091ab6e95d3/62b4db3b-41cc-4bc0-93bf-9822c154fc96.pdf
Jul 17 07:09:41 vithsutra kiosk-server[2006197]: {"time":"2026-07-17T07:09:41.803216893Z","level":"INFO","msg":"file price calculated","price":1,"sheets":1,"num_of_pages":1,"copies":1,"page_layout":1,"printing_mode":"monochromatic","printing_side":"single_side"}
Jul 17 07:09:41 vithsutra kiosk-server[2006197]: {"time":"2026-07-17T07:09:41.803277164Z","level":"INFO","msg":"Total done bebug","TotalAmount:":3,"TotalSheetes:":3}
Jul 17 07:09:41 vithsutra kiosk-server[2006197]: {"time":"2026-07-17T07:09:41.803298549Z","level":"INFO","msg":"Page Range bebugging","page_range:":["1"]}
Jul 17 07:09:41 vithsutra kiosk-server[2006197]: {"time":"2026-07-17T07:09:41.8033213Z","level":"INFO","msg":"file confirmed","session_id":"a6d134a8-c3da-4a0a-97cd-7091ab6e95d3","file_id":"62b4db3b-41cc-4bc0-93bf-9822c154fc96","file_name":"IND 1.pdf","sheets":1,"price":1}
Jul 17 07:09:41 vithsutra kiosk-server[2006197]: DEBUG HeadObject → bucket: aiet-printflow-upload-prod  key: uploads/staging/86dafe38-9bc9-4e13-ac9c-2f894b0025e8/a6d134a8-c3da-4a0a-97cd-7091ab6e95d3/9a44e270-b44e-4cdb-b6df-87888311157f.pdf
Jul 17 07:09:41 vithsutra kiosk-server[2006197]: {"time":"2026-07-17T07:09:41.883492597Z","level":"INFO","msg":"file price calculated","price":1,"sheets":1,"num_of_pages":1,"copies":1,"page_layout":1,"printing_mode":"monochromatic","printing_side":"single_side"}
Jul 17 07:09:41 vithsutra kiosk-server[2006197]: {"time":"2026-07-17T07:09:41.883547886Z","level":"INFO","msg":"Total done bebug","TotalAmount:":4,"TotalSheetes:":4}
Jul 17 07:09:41 vithsutra kiosk-server[2006197]: {"time":"2026-07-17T07:09:41.883566471Z","level":"INFO","msg":"Page Range bebugging","page_range:":["1"]}
Jul 17 07:09:41 vithsutra kiosk-server[2006197]: {"time":"2026-07-17T07:09:41.883586312Z","level":"INFO","msg":"file confirmed","session_id":"a6d134a8-c3da-4a0a-97cd-7091ab6e95d3","file_id":"9a44e270-b44e-4cdb-b6df-87888311157f","file_name":"IND 2.pdf","sheets":1,"price":1}
Jul 17 07:09:41 vithsutra kiosk-server[2006197]: DEBUG HeadObject → bucket: aiet-printflow-upload-prod  key: uploads/staging/86dafe38-9bc9-4e13-ac9c-2f894b0025e8/a6d134a8-c3da-4a0a-97cd-7091ab6e95d3/d9885095-1951-43c0-9f45-18e2c68fba39.pdf
Jul 17 07:09:41 vithsutra kiosk-server[2006197]: {"time":"2026-07-17T07:09:41.964432466Z","level":"INFO","msg":"file price calculated","price":1,"sheets":1,"num_of_pages":1,"copies":1,"page_layout":1,"printing_mode":"monochromatic","printing_side":"single_side"}
Jul 17 07:09:41 vithsutra kiosk-server[2006197]: {"time":"2026-07-17T07:09:41.964492638Z","level":"INFO","msg":"Total done bebug","TotalAmount:":5,"TotalSheetes:":5}
Jul 17 07:09:41 vithsutra kiosk-server[2006197]: {"time":"2026-07-17T07:09:41.964512912Z","level":"INFO","msg":"Page Range bebugging","page_range:":["1"]}
Jul 17 07:09:41 vithsutra kiosk-server[2006197]: {"time":"2026-07-17T07:09:41.96453547Z","level":"INFO","msg":"file confirmed","session_id":"a6d134a8-c3da-4a0a-97cd-7091ab6e95d3","file_id":"d9885095-1951-43c0-9f45-18e2c68fba39","file_name":"TAX 1.pdf","sheets":1,"price":1}
Jul 17 07:09:42 vithsutra kiosk-server[2006197]: DEBUG HeadObject → bucket: aiet-printflow-upload-prod  key: uploads/staging/86dafe38-9bc9-4e13-ac9c-2f894b0025e8/a6d134a8-c3da-4a0a-97cd-7091ab6e95d3/b0cd4153-af01-4b06-a8a2-d0abbf0d60a0.pdf
Jul 17 07:09:42 vithsutra kiosk-server[2006197]: {"time":"2026-07-17T07:09:42.044722276Z","level":"INFO","msg":"file price calculated","price":1,"sheets":1,"num_of_pages":1,"copies":1,"page_layout":1,"printing_mode":"monochromatic","printing_side":"single_side"}
Jul 17 07:09:42 vithsutra kiosk-server[2006197]: {"time":"2026-07-17T07:09:42.044758776Z","level":"INFO","msg":"Total done bebug","TotalAmount:":6,"TotalSheetes:":6}
Jul 17 07:09:42 vithsutra kiosk-server[2006197]: {"time":"2026-07-17T07:09:42.04476991Z","level":"INFO","msg":"Page Range bebugging","page_range:":["1"]}
Jul 17 07:09:42 vithsutra kiosk-server[2006197]: {"time":"2026-07-17T07:09:42.044781738Z","level":"INFO","msg":"file confirmed","session_id":"a6d134a8-c3da-4a0a-97cd-7091ab6e95d3","file_id":"b0cd4153-af01-4b06-a8a2-d0abbf0d60a0","file_name":"ETB 2.pdf","sheets":1,"price":1}
Jul 17 07:09:42 vithsutra kiosk-server[2006197]: DEBUG HeadObject → bucket: aiet-printflow-upload-prod  key: uploads/staging/86dafe38-9bc9-4e13-ac9c-2f894b0025e8/a6d134a8-c3da-4a0a-97cd-7091ab6e95d3/f5ac2f92-2064-4a6e-a1ff-2ad386be2d1f.pdf
Jul 17 07:09:42 vithsutra kiosk-server[2006197]: {"time":"2026-07-17T07:09:42.127168356Z","level":"INFO","msg":"file price calculated","price":1,"sheets":1,"num_of_pages":1,"copies":1,"page_layout":1,"printing_mode":"monochromatic","printing_side":"single_side"}
Jul 17 07:09:42 vithsutra kiosk-server[2006197]: {"time":"2026-07-17T07:09:42.127225126Z","level":"INFO","msg":"Total done bebug","TotalAmount:":7,"TotalSheetes:":7}
Jul 17 07:09:42 vithsutra kiosk-server[2006197]: {"time":"2026-07-17T07:09:42.127244071Z","level":"INFO","msg":"Page Range bebugging","page_range:":["1"]}
Jul 17 07:09:42 vithsutra kiosk-server[2006197]: {"time":"2026-07-17T07:09:42.127265062Z","level":"INFO","msg":"file confirmed","session_id":"a6d134a8-c3da-4a0a-97cd-7091ab6e95d3","file_id":"f5ac2f92-2064-4a6e-a1ff-2ad386be2d1f","file_name":"IFM 2.pdf","sheets":1,"price":1}
Jul 17 07:09:42 vithsutra kiosk-server[2006197]: DEBUG HeadObject → bucket: aiet-printflow-upload-prod  key: uploads/staging/86dafe38-9bc9-4e13-ac9c-2f894b0025e8/a6d134a8-c3da-4a0a-97cd-7091ab6e95d3/873bec93-2b05-4f88-9c64-f7eb0bc33386.pdf
Jul 17 07:09:42 vithsutra kiosk-server[2006197]: {"time":"2026-07-17T07:09:42.206359947Z","level":"INFO","msg":"file price calculated","price":1,"sheets":1,"num_of_pages":1,"copies":1,"page_layout":1,"printing_mode":"monochromatic","printing_side":"single_side"}
Jul 17 07:09:42 vithsutra kiosk-server[2006197]: {"time":"2026-07-17T07:09:42.206420578Z","level":"INFO","msg":"Total done bebug","TotalAmount:":8,"TotalSheetes:":8}
Jul 17 07:09:42 vithsutra kiosk-server[2006197]: {"time":"2026-07-17T07:09:42.206443034Z","level":"INFO","msg":"Page Range bebugging","page_range:":["1"]}
Jul 17 07:09:42 vithsutra kiosk-server[2006197]: {"time":"2026-07-17T07:09:42.206465615Z","level":"INFO","msg":"file confirmed","session_id":"a6d134a8-c3da-4a0a-97cd-7091ab6e95d3","file_id":"873bec93-2b05-4f88-9c64-f7eb0bc33386","file_name":"ETB 1.pdf","sheets":1,"price":1}
Jul 17 07:09:42 vithsutra kiosk-server[2006197]: DEBUG: PageRange in UpdateFileWithPrintOptions: [1]
Jul 17 07:09:42 vithsutra kiosk-server[2006197]: DEBUG: PageRange in UpdateFileWithPrintOptions: [1]
Jul 17 07:09:42 vithsutra kiosk-server[2006197]: DEBUG: PageRange in UpdateFileWithPrintOptions: [1]
Jul 17 07:09:42 vithsutra kiosk-server[2006197]: DEBUG: PageRange in UpdateFileWithPrintOptions: [1]
Jul 17 07:09:42 vithsutra kiosk-server[2006197]: DEBUG: PageRange in UpdateFileWithPrintOptions: [1]
Jul 17 07:09:42 vithsutra kiosk-server[2006197]: DEBUG: PageRange in UpdateFileWithPrintOptions: [1]
Jul 17 07:09:42 vithsutra kiosk-server[2006197]: DEBUG: PageRange in UpdateFileWithPrintOptions: [1]
Jul 17 07:09:42 vithsutra kiosk-server[2006197]: DEBUG: PageRange in UpdateFileWithPrintOptions: [1]
Jul 17 07:09:42 vithsutra kiosk-server[2006197]: {"time":"2026-07-17T07:09:42.90010113Z","level":"INFO","msg":"confirm upload completed","session_id":"a6d134a8-c3da-4a0a-97cd-7091ab6e95d3","total_sheets":8,"total_amount":8}
Jul 17 07:09:42 vithsutra kiosk-server[2006197]: {"time":"2026-07-17T07:09:42.90026258Z","level":"INFO","msg":"request","method":"POST","path":"/files/upload/confirm","status":200,"bytes":1585,"duration_ms":1588,"request_id":"vithsutra/yJhBRTSzdo-004758","remote_addr":"2401:4900:91c9:242f:554a:7713:c3ea:2832"}
Jul 17 07:09:43 vithsutra kiosk-server[2006197]: {"time":"2026-07-17T07:09:43.173109037Z","level":"INFO","msg":"request","method":"OPTIONS","path":"/payments/create","status":204,"bytes":0,"duration_ms":0,"request_id":"vithsutra/yJhBRTSzdo-004759","remote_addr":"2401:4900:91c9:242f:554a:7713:c3ea:2832"}
Jul 17 07:09:43 vithsutra kiosk-server[2006197]: {"time":"2026-07-17T07:09:43.383739413Z","level":"INFO","msg":"create payment order started","session_id":"a6d134a8-c3da-4a0a-97cd-7091ab6e95d3","amount_paise_frontend":800}
Jul 17 07:09:43 vithsutra kiosk-server[2006197]: {"time":"2026-07-17T07:09:43.694782485Z","level":"INFO","msg":"razorpay order created","session_id":"a6d134a8-c3da-4a0a-97cd-7091ab6e95d3","razorpay_order_id":"order_TETxbSdDDayjp7","amount_paise":800}
Jul 17 07:09:43 vithsutra kiosk-server[2006197]: {"time":"2026-07-17T07:09:43.80096581Z","level":"INFO","msg":"create payment order completed","session_id":"a6d134a8-c3da-4a0a-97cd-7091ab6e95d3","payment_id":"e4eef5ce-19d9-49cd-86a3-8b99ff8d57ac","razorpay_order_id":"order_TETxbSdDDayjp7"}
Jul 17 07:09:43 vithsutra kiosk-server[2006197]: {"time":"2026-07-17T07:09:43.800989891Z","level":"INFO","msg":"Amount:","Amount_paise":800}
Jul 17 07:09:43 vithsutra kiosk-server[2006197]: {"time":"2026-07-17T07:09:43.80102501Z","level":"INFO","msg":"request","method":"POST","path":"/payments/create","status":201,"bytes":232,"duration_ms":417,"request_id":"vithsutra/yJhBRTSzdo-004760","remote_addr":"2401:4900:91c9:242f:554a:7713:c3ea:2832"}
Jul 17 07:09:43 vithsutra kiosk-server[2006197]: {"time":"2026-07-17T07:09:43.954982079Z","level":"INFO","msg":"request","method":"OPTIONS","path":"/files/upload/confirm","status":204,"bytes":0,"duration_ms":0,"request_id":"vithsutra/yJhBRTSzdo-004761","remote_addr":"2401:4900:c951:d3ed:3416:b9ff:fe05:adfc"}
Jul 17 07:09:44 vithsutra kiosk-server[2006197]: {"time":"2026-07-17T07:09:44.117331647Z","level":"INFO","msg":"confirm upload started","session_id":"0fb5ac2a-09c7-4c2f-b324-ac77ca1c7f7e","file_count":8}
Jul 17 07:09:44 vithsutra kiosk-server[2006197]: {"time":"2026-07-17T07:09:44.170222763Z","level":"INFO","msg":"session validated for confirm","session_id":"0fb5ac2a-09c7-4c2f-b324-ac77ca1c7f7e","status":"created"}
Jul 17 07:09:44 vithsutra kiosk-server[2006197]: DEBUG HeadObject → bucket: aiet-printflow-upload-prod  key: uploads/staging/69848409-3869-4ce7-8709-a00e40f59602/0fb5ac2a-09c7-4c2f-b324-ac77ca1c7f7e/d346eccb-4bd9-4130-a28d-50fd235e0c36.pdf
Jul 17 07:09:44 vithsutra kiosk-server[2006197]: {"time":"2026-07-17T07:09:44.250559351Z","level":"INFO","msg":"file price calculated","price":1,"sheets":1,"num_of_pages":1,"copies":1,"page_layout":1,"printing_mode":"monochromatic","printing_side":"single_side"}
Jul 17 07:09:44 vithsutra kiosk-server[2006197]: {"time":"2026-07-17T07:09:44.250624735Z","level":"INFO","msg":"Total done bebug","TotalAmount:":1,"TotalSheetes:":1}
Jul 17 07:09:44 vithsutra kiosk-server[2006197]: {"time":"2026-07-17T07:09:44.250646108Z","level":"INFO","msg":"Page Range bebugging","page_range:":["1"]}
Jul 17 07:09:44 vithsutra kiosk-server[2006197]: {"time":"2026-07-17T07:09:44.250669462Z","level":"INFO","msg":"file confirmed","session_id":"0fb5ac2a-09c7-4c2f-b324-ac77ca1c7f7e","file_id":"d346eccb-4bd9-4130-a28d-50fd235e0c36","file_name":"hllo.pdf","sheets":1,"price":1}
Jul 17 07:09:44 vithsutra kiosk-server[2006197]: DEBUG HeadObject → bucket: aiet-printflow-upload-prod  key: uploads/staging/69848409-3869-4ce7-8709-a00e40f59602/0fb5ac2a-09c7-4c2f-b324-ac77ca1c7f7e/17662a8d-4c25-4c2d-95bb-17be1e7f44b4.pdf
Jul 17 07:09:44 vithsutra kiosk-server[2006197]: {"time":"2026-07-17T07:09:44.336914174Z","level":"INFO","msg":"file price calculated","price":1,"sheets":1,"num_of_pages":1,"copies":1,"page_layout":1,"printing_mode":"monochromatic","printing_side":"single_side"}
Jul 17 07:09:44 vithsutra kiosk-server[2006197]: {"time":"2026-07-17T07:09:44.336976038Z","level":"INFO","msg":"Total done bebug","TotalAmount:":2,"TotalSheetes:":2}
Jul 17 07:09:44 vithsutra kiosk-server[2006197]: {"time":"2026-07-17T07:09:44.336995953Z","level":"INFO","msg":"Page Range bebugging","page_range:":["1"]}
Jul 17 07:09:44 vithsutra kiosk-server[2006197]: {"time":"2026-07-17T07:09:44.337017333Z","level":"INFO","msg":"file confirmed","session_id":"0fb5ac2a-09c7-4c2f-b324-ac77ca1c7f7e","file_id":"17662a8d-4c25-4c2d-95bb-17be1e7f44b4","file_name":"Merger2.pdf","sheets":1,"price":1}
Jul 17 07:09:44 vithsutra kiosk-server[2006197]: DEBUG HeadObject → bucket: aiet-printflow-upload-prod  key: uploads/staging/69848409-3869-4ce7-8709-a00e40f59602/0fb5ac2a-09c7-4c2f-b324-ac77ca1c7f7e/5001472a-a4d6-4c17-ba4d-f08aa1e23a85.pdf
Jul 17 07:09:44 vithsutra kiosk-server[2006197]: {"time":"2026-07-17T07:09:44.415843418Z","level":"INFO","msg":"file price calculated","price":1,"sheets":1,"num_of_pages":1,"copies":1,"page_layout":1,"printing_mode":"monochromatic","printing_side":"single_side"}
Jul 17 07:09:44 vithsutra kiosk-server[2006197]: {"time":"2026-07-17T07:09:44.415936423Z","level":"INFO","msg":"Total done bebug","TotalAmount:":3,"TotalSheetes:":3}
Jul 17 07:09:44 vithsutra kiosk-server[2006197]: {"time":"2026-07-17T07:09:44.415956141Z","level":"INFO","msg":"Page Range bebugging","page_range:":["1"]}
Jul 17 07:09:44 vithsutra kiosk-server[2006197]: {"time":"2026-07-17T07:09:44.415975429Z","level":"INFO","msg":"file confirmed","session_id":"0fb5ac2a-09c7-4c2f-b324-ac77ca1c7f7e","file_id":"5001472a-a4d6-4c17-ba4d-f08aa1e23a85","file_name":"Tax 2.pdf","sheets":1,"price":1}
Jul 17 07:09:44 vithsutra kiosk-server[2006197]: DEBUG HeadObject → bucket: aiet-printflow-upload-prod  key: uploads/staging/69848409-3869-4ce7-8709-a00e40f59602/0fb5ac2a-09c7-4c2f-b324-ac77ca1c7f7e/5d139fb1-f965-4ab9-b147-fbf9ed560984.pdf
Jul 17 07:09:44 vithsutra kiosk-server[2006197]: {"time":"2026-07-17T07:09:44.496983093Z","level":"INFO","msg":"file price calculated","price":1,"sheets":1,"num_of_pages":1,"copies":1,"page_layout":1,"printing_mode":"monochromatic","printing_side":"single_side"}
Jul 17 07:09:44 vithsutra kiosk-server[2006197]: {"time":"2026-07-17T07:09:44.49703882Z","level":"INFO","msg":"Total done bebug","TotalAmount:":4,"TotalSheetes:":4}
Jul 17 07:09:44 vithsutra kiosk-server[2006197]: {"time":"2026-07-17T07:09:44.497056844Z","level":"INFO","msg":"Page Range bebugging","page_range:":["1"]}
Jul 17 07:09:44 vithsutra kiosk-server[2006197]: {"time":"2026-07-17T07:09:44.49707664Z","level":"INFO","msg":"file confirmed","session_id":"0fb5ac2a-09c7-4c2f-b324-ac77ca1c7f7e","file_id":"5d139fb1-f965-4ab9-b147-fbf9ed560984","file_name":"IFM 2.pdf","sheets":1,"price":1}
Jul 17 07:09:44 vithsutra kiosk-server[2006197]: DEBUG HeadObject → bucket: aiet-printflow-upload-prod  key: uploads/staging/69848409-3869-4ce7-8709-a00e40f59602/0fb5ac2a-09c7-4c2f-b324-ac77ca1c7f7e/0edf6a94-36f0-4581-b638-1693e5edb54d.pdf
Jul 17 07:09:44 vithsutra kiosk-server[2006197]: {"time":"2026-07-17T07:09:44.576560523Z","level":"INFO","msg":"file price calculated","price":1,"sheets":1,"num_of_pages":1,"copies":1,"page_layout":1,"printing_mode":"monochromatic","printing_side":"single_side"}
Jul 17 07:09:44 vithsutra kiosk-server[2006197]: {"time":"2026-07-17T07:09:44.576612877Z","level":"INFO","msg":"Total done bebug","TotalAmount:":5,"TotalSheetes:":5}
Jul 17 07:09:44 vithsutra kiosk-server[2006197]: {"time":"2026-07-17T07:09:44.576632111Z","level":"INFO","msg":"Page Range bebugging","page_range:":["1"]}
Jul 17 07:09:44 vithsutra kiosk-server[2006197]: {"time":"2026-07-17T07:09:44.576651453Z","level":"INFO","msg":"file confirmed","session_id":"0fb5ac2a-09c7-4c2f-b324-ac77ca1c7f7e","file_id":"0edf6a94-36f0-4581-b638-1693e5edb54d","file_name":"IFM 1.pdf","sheets":1,"price":1}
Jul 17 07:09:44 vithsutra kiosk-server[2006197]: DEBUG HeadObject → bucket: aiet-printflow-upload-prod  key: uploads/staging/69848409-3869-4ce7-8709-a00e40f59602/0fb5ac2a-09c7-4c2f-b324-ac77ca1c7f7e/b30c52db-1517-47ab-b4e3-b7fb5feb02c5.pdf
Jul 17 07:09:44 vithsutra kiosk-server[2006197]: {"time":"2026-07-17T07:09:44.657145439Z","level":"INFO","msg":"file price calculated","price":1,"sheets":1,"num_of_pages":1,"copies":1,"page_layout":1,"printing_mode":"monochromatic","printing_side":"single_side"}
Jul 17 07:09:44 vithsutra kiosk-server[2006197]: {"time":"2026-07-17T07:09:44.657174644Z","level":"INFO","msg":"Total done bebug","TotalAmount:":6,"TotalSheetes:":6}
Jul 17 07:09:44 vithsutra kiosk-server[2006197]: {"time":"2026-07-17T07:09:44.657184732Z","level":"INFO","msg":"Page Range bebugging","page_range:":["1"]}
Jul 17 07:09:44 vithsutra kiosk-server[2006197]: {"time":"2026-07-17T07:09:44.657219365Z","level":"INFO","msg":"file confirmed","session_id":"0fb5ac2a-09c7-4c2f-b324-ac77ca1c7f7e","file_id":"b30c52db-1517-47ab-b4e3-b7fb5feb02c5","file_name":"ETB1.pdf","sheets":1,"price":1}
Jul 17 07:09:44 vithsutra kiosk-server[2006197]: DEBUG HeadObject → bucket: aiet-printflow-upload-prod  key: uploads/staging/69848409-3869-4ce7-8709-a00e40f59602/0fb5ac2a-09c7-4c2f-b324-ac77ca1c7f7e/01391983-01b5-40cb-80c6-eb0e9a9c80ff.pdf
Jul 17 07:09:44 vithsutra kiosk-server[2006197]: {"time":"2026-07-17T07:09:44.739603612Z","level":"INFO","msg":"file price calculated","price":1,"sheets":1,"num_of_pages":1,"copies":1,"page_layout":1,"printing_mode":"monochromatic","printing_side":"single_side"}
Jul 17 07:09:44 vithsutra kiosk-server[2006197]: {"time":"2026-07-17T07:09:44.739653285Z","level":"INFO","msg":"Total done bebug","TotalAmount:":7,"TotalSheetes:":7}
Jul 17 07:09:44 vithsutra kiosk-server[2006197]: {"time":"2026-07-17T07:09:44.739670331Z","level":"INFO","msg":"Page Range bebugging","page_range:":["1"]}
Jul 17 07:09:44 vithsutra kiosk-server[2006197]: {"time":"2026-07-17T07:09:44.739686911Z","level":"INFO","msg":"file confirmed","session_id":"0fb5ac2a-09c7-4c2f-b324-ac77ca1c7f7e","file_id":"01391983-01b5-40cb-80c6-eb0e9a9c80ff","file_name":"etb 2.pdf","sheets":1,"price":1}
Jul 17 07:09:44 vithsutra kiosk-server[2006197]: DEBUG HeadObject → bucket: aiet-printflow-upload-prod  key: uploads/staging/69848409-3869-4ce7-8709-a00e40f59602/0fb5ac2a-09c7-4c2f-b324-ac77ca1c7f7e/560cf3e0-fdaa-4840-bda7-3cfed8351b20.pdf
Jul 17 07:09:44 vithsutra kiosk-server[2006197]: {"time":"2026-07-17T07:09:44.818596453Z","level":"INFO","msg":"file price calculated","price":1,"sheets":1,"num_of_pages":1,"copies":1,"page_layout":1,"printing_mode":"monochromatic","printing_side":"single_side"}
Jul 17 07:09:44 vithsutra kiosk-server[2006197]: {"time":"2026-07-17T07:09:44.818662343Z","level":"INFO","msg":"Total done bebug","TotalAmount:":8,"TotalSheetes:":8}
Jul 17 07:09:44 vithsutra kiosk-server[2006197]: {"time":"2026-07-17T07:09:44.818683409Z","level":"INFO","msg":"Page Range bebugging","page_range:":["1"]}
Jul 17 07:09:44 vithsutra kiosk-server[2006197]: {"time":"2026-07-17T07:09:44.81870824Z","level":"INFO","msg":"file confirmed","session_id":"0fb5ac2a-09c7-4c2f-b324-ac77ca1c7f7e","file_id":"560cf3e0-fdaa-4840-bda7-3cfed8351b20","file_name":"Ind 1.pdf","sheets":1,"price":1}
Jul 17 07:09:44 vithsutra kiosk-server[2006197]: DEBUG: PageRange in UpdateFileWithPrintOptions: [1]
Jul 17 07:09:44 vithsutra kiosk-server[2006197]: DEBUG: PageRange in UpdateFileWithPrintOptions: [1]
Jul 17 07:09:44 vithsutra kiosk-server[2006197]: DEBUG: PageRange in UpdateFileWithPrintOptions: [1]
Jul 17 07:09:45 vithsutra kiosk-server[2006197]: DEBUG: PageRange in UpdateFileWithPrintOptions: [1]
Jul 17 07:09:45 vithsutra kiosk-server[2006197]: DEBUG: PageRange in UpdateFileWithPrintOptions: [1]
Jul 17 07:09:45 vithsutra kiosk-server[2006197]: DEBUG: PageRange in UpdateFileWithPrintOptions: [1]
Jul 17 07:09:45 vithsutra kiosk-server[2006197]: DEBUG: PageRange in UpdateFileWithPrintOptions: [1]
Jul 17 07:09:45 vithsutra kiosk-server[2006197]: DEBUG: PageRange in UpdateFileWithPrintOptions: [1]
Jul 17 07:09:45 vithsutra kiosk-server[2006197]: {"time":"2026-07-17T07:09:45.405802681Z","level":"INFO","msg":"confirm upload completed","session_id":"0fb5ac2a-09c7-4c2f-b324-ac77ca1c7f7e","total_sheets":8,"total_amount":8}
Jul 17 07:09:45 vithsutra kiosk-server[2006197]: {"time":"2026-07-17T07:09:45.405895297Z","level":"INFO","msg":"request","method":"POST","path":"/files/upload/confirm","status":200,"bytes":1582,"duration_ms":1288,"request_id":"vithsutra/yJhBRTSzdo-004762","remote_addr":"2401:4900:c951:d3ed:3416:b9ff:fe05:adfc"}
Jul 17 07:09:45 vithsutra kiosk-server[2006197]: {"time":"2026-07-17T07:09:45.562782398Z","level":"INFO","msg":"request","method":"OPTIONS","path":"/payments/create","status":204,"bytes":0,"duration_ms":0,"request_id":"vithsutra/yJhBRTSzdo-004763","remote_addr":"2401:4900:c951:d3ed:3416:b9ff:fe05:adfc"}
Jul 17 07:09:45 vithsutra kiosk-server[2006197]: {"time":"2026-07-17T07:09:45.705496818Z","level":"INFO","msg":"create payment order started","session_id":"0fb5ac2a-09c7-4c2f-b324-ac77ca1c7f7e","amount_paise_frontend":800}
Jul 17 07:09:45 vithsutra kiosk-server[2006197]: {"time":"2026-07-17T07:09:45.825387701Z","level":"INFO","msg":"razorpay order created","session_id":"0fb5ac2a-09c7-4c2f-b324-ac77ca1c7f7e","razorpay_order_id":"order_TETxdmgosdQwFH","amount_paise":800}
Jul 17 07:09:45 vithsutra kiosk-server[2006197]: {"time":"2026-07-17T07:09:45.880573361Z","level":"INFO","msg":"create payment order completed","session_id":"0fb5ac2a-09c7-4c2f-b324-ac77ca1c7f7e","payment_id":"22d2ea23-240a-428d-8376-efc52e52d84c","razorpay_order_id":"order_TETxdmgosdQwFH"}
Jul 17 07:09:45 vithsutra kiosk-server[2006197]: {"time":"2026-07-17T07:09:45.880619963Z","level":"INFO","msg":"Amount:","Amount_paise":800}
Jul 17 07:09:45 vithsutra kiosk-server[2006197]: {"time":"2026-07-17T07:09:45.880689676Z","level":"INFO","msg":"request","method":"POST","path":"/payments/create","status":201,"bytes":232,"duration_ms":175,"request_id":"vithsutra/yJhBRTSzdo-004764","remote_addr":"2401:4900:c951:d3ed:3416:b9ff:fe05:adfc"}
Jul 17 07:10:08 vithsutra kiosk-server[2006197]: {"time":"2026-07-17T07:10:08.034494917Z","level":"INFO","msg":"webhook received","event":"payment.captured"}
Jul 17 07:10:08 vithsutra kiosk-server[2006197]: {"time":"2026-07-17T07:10:08.034555349Z","level":"INFO","msg":"processing payment success","razorpay_order_id":"order_TETxbSdDDayjp7","razorpay_payment_id":"pay_TETxoJeiTA5ziG"}
Jul 17 07:10:08 vithsutra kiosk-server[2006197]: {"time":"2026-07-17T07:10:08.561148009Z","level":"INFO","msg":"file promoted","session_id":"a6d134a8-c3da-4a0a-97cd-7091ab6e95d3","file_id":"681dbe13-f832-4f28-87e3-150c7b39436c","final_key":"uploads/final/86dafe38-9bc9-4e13-ac9c-2f894b0025e8/a6d134a8-c3da-4a0a-97cd-7091ab6e95d3/681dbe13-f832-4f28-87e3-150c7b39436c.pdf"}
Jul 17 07:10:08 vithsutra kiosk-server[2006197]: {"time":"2026-07-17T07:10:08.73712611Z","level":"INFO","msg":"file promoted","session_id":"a6d134a8-c3da-4a0a-97cd-7091ab6e95d3","file_id":"2fb82c2e-fe95-4af8-83b5-af5a52794736","final_key":"uploads/final/86dafe38-9bc9-4e13-ac9c-2f894b0025e8/a6d134a8-c3da-4a0a-97cd-7091ab6e95d3/2fb82c2e-fe95-4af8-83b5-af5a52794736.pdf"}
Jul 17 07:10:08 vithsutra kiosk-server[2006197]: {"time":"2026-07-17T07:10:08.856726271Z","level":"INFO","msg":"file promoted","session_id":"a6d134a8-c3da-4a0a-97cd-7091ab6e95d3","file_id":"62b4db3b-41cc-4bc0-93bf-9822c154fc96","final_key":"uploads/final/86dafe38-9bc9-4e13-ac9c-2f894b0025e8/a6d134a8-c3da-4a0a-97cd-7091ab6e95d3/62b4db3b-41cc-4bc0-93bf-9822c154fc96.pdf"}
Jul 17 07:10:08 vithsutra kiosk-server[2006197]: {"time":"2026-07-17T07:10:08.98303658Z","level":"INFO","msg":"file promoted","session_id":"a6d134a8-c3da-4a0a-97cd-7091ab6e95d3","file_id":"9a44e270-b44e-4cdb-b6df-87888311157f","final_key":"uploads/final/86dafe38-9bc9-4e13-ac9c-2f894b0025e8/a6d134a8-c3da-4a0a-97cd-7091ab6e95d3/9a44e270-b44e-4cdb-b6df-87888311157f.pdf"}
Jul 17 07:10:09 vithsutra kiosk-server[2006197]: {"time":"2026-07-17T07:10:09.107148373Z","level":"INFO","msg":"file promoted","session_id":"a6d134a8-c3da-4a0a-97cd-7091ab6e95d3","file_id":"d9885095-1951-43c0-9f45-18e2c68fba39","final_key":"uploads/final/86dafe38-9bc9-4e13-ac9c-2f894b0025e8/a6d134a8-c3da-4a0a-97cd-7091ab6e95d3/d9885095-1951-43c0-9f45-18e2c68fba39.pdf"}
Jul 17 07:10:09 vithsutra kiosk-server[2006197]: {"time":"2026-07-17T07:10:09.316423613Z","level":"INFO","msg":"file promoted","session_id":"a6d134a8-c3da-4a0a-97cd-7091ab6e95d3","file_id":"b0cd4153-af01-4b06-a8a2-d0abbf0d60a0","final_key":"uploads/final/86dafe38-9bc9-4e13-ac9c-2f894b0025e8/a6d134a8-c3da-4a0a-97cd-7091ab6e95d3/b0cd4153-af01-4b06-a8a2-d0abbf0d60a0.pdf"}
Jul 17 07:10:09 vithsutra kiosk-server[2006197]: {"time":"2026-07-17T07:10:09.462826471Z","level":"INFO","msg":"file promoted","session_id":"a6d134a8-c3da-4a0a-97cd-7091ab6e95d3","file_id":"f5ac2f92-2064-4a6e-a1ff-2ad386be2d1f","final_key":"uploads/final/86dafe38-9bc9-4e13-ac9c-2f894b0025e8/a6d134a8-c3da-4a0a-97cd-7091ab6e95d3/f5ac2f92-2064-4a6e-a1ff-2ad386be2d1f.pdf"}
Jul 17 07:10:09 vithsutra kiosk-server[2006197]: {"time":"2026-07-17T07:10:09.58174301Z","level":"INFO","msg":"file promoted","session_id":"a6d134a8-c3da-4a0a-97cd-7091ab6e95d3","file_id":"873bec93-2b05-4f88-9c64-f7eb0bc33386","final_key":"uploads/final/86dafe38-9bc9-4e13-ac9c-2f894b0025e8/a6d134a8-c3da-4a0a-97cd-7091ab6e95d3/873bec93-2b05-4f88-9c64-f7eb0bc33386.pdf"}
Jul 17 07:10:10 vithsutra kiosk-server[2006197]: {"time":"2026-07-17T07:10:10.219868836Z","level":"INFO","msg":"payment success committed","session_id":"a6d134a8-c3da-4a0a-97cd-7091ab6e95d3","razorpay_order_id":"order_TETxbSdDDayjp7","razorpay_payment_id":"pay_TETxoJeiTA5ziG","files_promoted":8}
Jul 17 07:10:10 vithsutra kiosk-server[2006197]: {"time":"2026-07-17T07:10:10.219939221Z","level":"INFO","msg":"request","method":"POST","path":"/webhooks/razorpay","status":200,"bytes":21,"duration_ms":2185,"request_id":"vithsutra/yJhBRTSzdo-004765","remote_addr":"52.66.76.63"}
Jul 17 07:10:18 vithsutra kiosk-server[2006197]: {"time":"2026-07-17T07:10:18.571237623Z","level":"INFO","msg":"webhook received","event":"payment.captured"}
Jul 17 07:10:18 vithsutra kiosk-server[2006197]: {"time":"2026-07-17T07:10:18.571281063Z","level":"INFO","msg":"processing payment success","razorpay_order_id":"order_TETxdmgosdQwFH","razorpay_payment_id":"pay_TETxpPMew43JvK"}
Jul 17 07:10:19 vithsutra kiosk-server[2006197]: {"time":"2026-07-17T07:10:19.078313805Z","level":"INFO","msg":"file promoted","session_id":"0fb5ac2a-09c7-4c2f-b324-ac77ca1c7f7e","file_id":"d346eccb-4bd9-4130-a28d-50fd235e0c36","final_key":"uploads/final/69848409-3869-4ce7-8709-a00e40f59602/0fb5ac2a-09c7-4c2f-b324-ac77ca1c7f7e/d346eccb-4bd9-4130-a28d-50fd235e0c36.pdf"}
Jul 17 07:10:19 vithsutra kiosk-server[2006197]: {"time":"2026-07-17T07:10:19.186958203Z","level":"INFO","msg":"file promoted","session_id":"0fb5ac2a-09c7-4c2f-b324-ac77ca1c7f7e","file_id":"17662a8d-4c25-4c2d-95bb-17be1e7f44b4","final_key":"uploads/final/69848409-3869-4ce7-8709-a00e40f59602/0fb5ac2a-09c7-4c2f-b324-ac77ca1c7f7e/17662a8d-4c25-4c2d-95bb-17be1e7f44b4.pdf"}
Jul 17 07:10:19 vithsutra kiosk-server[2006197]: {"time":"2026-07-17T07:10:19.305164441Z","level":"INFO","msg":"file promoted","session_id":"0fb5ac2a-09c7-4c2f-b324-ac77ca1c7f7e","file_id":"5001472a-a4d6-4c17-ba4d-f08aa1e23a85","final_key":"uploads/final/69848409-3869-4ce7-8709-a00e40f59602/0fb5ac2a-09c7-4c2f-b324-ac77ca1c7f7e/5001472a-a4d6-4c17-ba4d-f08aa1e23a85.pdf"}
Jul 17 07:10:19 vithsutra kiosk-server[2006197]: {"time":"2026-07-17T07:10:19.392434568Z","level":"INFO","msg":"file promoted","session_id":"0fb5ac2a-09c7-4c2f-b324-ac77ca1c7f7e","file_id":"5d139fb1-f965-4ab9-b147-fbf9ed560984","final_key":"uploads/final/69848409-3869-4ce7-8709-a00e40f59602/0fb5ac2a-09c7-4c2f-b324-ac77ca1c7f7e/5d139fb1-f965-4ab9-b147-fbf9ed560984.pdf"}
Jul 17 07:10:19 vithsutra kiosk-server[2006197]: {"time":"2026-07-17T07:10:19.497416213Z","level":"INFO","msg":"file promoted","session_id":"0fb5ac2a-09c7-4c2f-b324-ac77ca1c7f7e","file_id":"0edf6a94-36f0-4581-b638-1693e5edb54d","final_key":"uploads/final/69848409-3869-4ce7-8709-a00e40f59602/0fb5ac2a-09c7-4c2f-b324-ac77ca1c7f7e/0edf6a94-36f0-4581-b638-1693e5edb54d.pdf"}
Jul 17 07:10:19 vithsutra kiosk-server[2006197]: {"time":"2026-07-17T07:10:19.603023549Z","level":"INFO","msg":"file promoted","session_id":"0fb5ac2a-09c7-4c2f-b324-ac77ca1c7f7e","file_id":"b30c52db-1517-47ab-b4e3-b7fb5feb02c5","final_key":"uploads/final/69848409-3869-4ce7-8709-a00e40f59602/0fb5ac2a-09c7-4c2f-b324-ac77ca1c7f7e/b30c52db-1517-47ab-b4e3-b7fb5feb02c5.pdf"}
Jul 17 07:10:19 vithsutra kiosk-server[2006197]: {"time":"2026-07-17T07:10:19.752417148Z","level":"INFO","msg":"file promoted","session_id":"0fb5ac2a-09c7-4c2f-b324-ac77ca1c7f7e","file_id":"01391983-01b5-40cb-80c6-eb0e9a9c80ff","final_key":"uploads/final/69848409-3869-4ce7-8709-a00e40f59602/0fb5ac2a-09c7-4c2f-b324-ac77ca1c7f7e/01391983-01b5-40cb-80c6-eb0e9a9c80ff.pdf"}
Jul 17 07:10:19 vithsutra kiosk-server[2006197]: {"time":"2026-07-17T07:10:19.850626878Z","level":"INFO","msg":"file promoted","session_id":"0fb5ac2a-09c7-4c2f-b324-ac77ca1c7f7e","file_id":"560cf3e0-fdaa-4840-bda7-3cfed8351b20","final_key":"uploads/final/69848409-3869-4ce7-8709-a00e40f59602/0fb5ac2a-09c7-4c2f-b324-ac77ca1c7f7e/560cf3e0-fdaa-4840-bda7-3cfed8351b20.pdf"}
Jul 17 07:10:20 vithsutra kiosk-server[2006197]: {"time":"2026-07-17T07:10:20.617113669Z","level":"INFO","msg":"payment success committed","session_id":"0fb5ac2a-09c7-4c2f-b324-ac77ca1c7f7e","razorpay_order_id":"order_TETxdmgosdQwFH","razorpay_payment_id":"pay_TETxpPMew43JvK","files_promoted":8}
Jul 17 07:10:20 vithsutra kiosk-server[2006197]: {"time":"2026-07-17T07:10:20.617209061Z","level":"INFO","msg":"request","method":"POST","path":"/webhooks/razorpay","status":200,"bytes":21,"duration_ms":2046,"request_id":"vithsutra/yJhBRTSzdo-004766","remote_addr":"52.66.76.63"}
Jul 17 07:10:22 vithsutra kiosk-server[2006197]: {"time":"2026-07-17T07:10:22.23652393Z","level":"INFO","msg":"request","method":"OPTIONS","path":"/payments/status/a6d134a8-c3da-4a0a-97cd-7091ab6e95d3","status":204,"bytes":0,"duration_ms":0,"request_id":"vithsutra/yJhBRTSzdo-004767","remote_addr":"2401:4900:91c9:242f:554a:7713:c3ea:2832"}
Jul 17 07:10:22 vithsutra kiosk-server[2006197]: {"time":"2026-07-17T07:10:22.634549928Z","level":"INFO","msg":"get job by session ID started","session_id":"a6d134a8-c3da-4a0a-97cd-7091ab6e95d3"}
Jul 17 07:10:22 vithsutra kiosk-server[2006197]: {"time":"2026-07-17T07:10:22.687255557Z","level":"INFO","msg":"Token Debugging","Token:":"974971"}
Jul 17 07:10:22 vithsutra kiosk-server[2006197]: {"time":"2026-07-17T07:10:22.744351416Z","level":"INFO","msg":"get job by session ID completed","session_id":"a6d134a8-c3da-4a0a-97cd-7091ab6e95d3","file_count":8}
Jul 17 07:10:22 vithsutra kiosk-server[2006197]: {"time":"2026-07-17T07:10:22.744982057Z","level":"INFO","msg":"request","method":"GET","path":"/payments/status/a6d134a8-c3da-4a0a-97cd-7091ab6e95d3","status":200,"bytes":3479,"duration_ms":110,"request_id":"vithsutra/yJhBRTSzdo-004768","remote_addr":"2401:4900:91c9:242f:554a:7713:c3ea:2832"}
Jul 17 07:10:23 vithsutra kiosk-server[2006197]: {"time":"2026-07-17T07:10:23.469392986Z","level":"INFO","msg":"request","method":"OPTIONS","path":"/payments/status/0fb5ac2a-09c7-4c2f-b324-ac77ca1c7f7e","status":204,"bytes":0,"duration_ms":0,"request_id":"vithsutra/yJhBRTSzdo-004769","remote_addr":"2401:4900:c951:d3ed:3416:b9ff:fe05:adfc"}
Jul 17 07:10:23 vithsutra kiosk-server[2006197]: {"time":"2026-07-17T07:10:23.750891998Z","level":"INFO","msg":"get job by session ID started","session_id":"0fb5ac2a-09c7-4c2f-b324-ac77ca1c7f7e"}
Jul 17 07:10:23 vithsutra kiosk-server[2006197]: {"time":"2026-07-17T07:10:23.803675538Z","level":"INFO","msg":"Token Debugging","Token:":"981638"}
Jul 17 07:10:23 vithsutra kiosk-server[2006197]: {"time":"2026-07-17T07:10:23.85807125Z","level":"INFO","msg":"get job by session ID completed","session_id":"0fb5ac2a-09c7-4c2f-b324-ac77ca1c7f7e","file_count":8}
Jul 17 07:10:23 vithsutra kiosk-server[2006197]: {"time":"2026-07-17T07:10:23.858315042Z","level":"INFO","msg":"request","method":"GET","path":"/payments/status/0fb5ac2a-09c7-4c2f-b324-ac77ca1c7f7e","status":200,"bytes":3476,"duration_ms":107,"request_id":"vithsutra/yJhBRTSzdo-004770","remote_addr":"2401:4900:c951:d3ed:3416:b9ff:fe05:adfc"}
Jul 17 07:10:29 vithsutra kiosk-server[2006197]: {"time":"2026-07-17T07:10:29.742624053Z","level":"INFO","msg":"get job by token started","token":974971}
Jul 17 07:10:29 vithsutra kiosk-server[2006197]: DEBUG PRESIGN GET URL: https://aiet-printflow-upload-prod.s3.ap-south-1.amazonaws.com/uploads/final/86dafe38-9bc9-4e13-ac9c-2f894b0025e8/a6d134a8-c3da-4a0a-97cd-7091ab6e95d3/681dbe13-f832-4f28-87e3-150c7b39436c.pdf?X-Amz-Algorithm=AWS4-HMAC-SHA256&X-Amz-Checksum-Mode=ENABLED&X-Amz-Credential=AKIAURY6ZINDKCABHGV3%2F20260717%2Fap-south-1%2Fs3%2Faws4_request&X-Amz-Date=20260717T071029Z&X-Amz-Expires=900&X-Amz-SignedHeaders=host&x-id=GetObject&X-Amz-Signature=bc692c667383558ff62c81918ee1467c9c5a5c3e40a11e6bfd16a7e3f0ae939a
Jul 17 07:10:29 vithsutra kiosk-server[2006197]: {"time":"2026-07-17T07:10:29.906000918Z","level":"INFO","msg":"final_Key_Bebugging","final_key:":"uploads/final/86dafe38-9bc9-4e13-ac9c-2f894b0025e8/a6d134a8-c3da-4a0a-97cd-7091ab6e95d3/681dbe13-f832-4f28-87e3-150c7b39436c.pdf"}
Jul 17 07:10:29 vithsutra kiosk-server[2006197]: DEBUG PRESIGN GET URL: https://aiet-printflow-upload-prod.s3.ap-south-1.amazonaws.com/uploads/final/86dafe38-9bc9-4e13-ac9c-2f894b0025e8/a6d134a8-c3da-4a0a-97cd-7091ab6e95d3/2fb82c2e-fe95-4af8-83b5-af5a52794736.pdf?X-Amz-Algorithm=AWS4-HMAC-SHA256&X-Amz-Checksum-Mode=ENABLED&X-Amz-Credential=AKIAURY6ZINDKCABHGV3%2F20260717%2Fap-south-1%2Fs3%2Faws4_request&X-Amz-Date=20260717T071029Z&X-Amz-Expires=900&X-Amz-SignedHeaders=host&x-id=GetObject&X-Amz-Signature=1e4e863e978d62ca5adde07102a30049c4ae93aecfcc76cd3650b9e67ac6242b
Jul 17 07:10:29 vithsutra kiosk-server[2006197]: {"time":"2026-07-17T07:10:29.906258663Z","level":"INFO","msg":"final_Key_Bebugging","final_key:":"uploads/final/86dafe38-9bc9-4e13-ac9c-2f894b0025e8/a6d134a8-c3da-4a0a-97cd-7091ab6e95d3/2fb82c2e-fe95-4af8-83b5-af5a52794736.pdf"}
Jul 17 07:10:29 vithsutra kiosk-server[2006197]: DEBUG PRESIGN GET URL: https://aiet-printflow-upload-prod.s3.ap-south-1.amazonaws.com/uploads/final/86dafe38-9bc9-4e13-ac9c-2f894b0025e8/a6d134a8-c3da-4a0a-97cd-7091ab6e95d3/62b4db3b-41cc-4bc0-93bf-9822c154fc96.pdf?X-Amz-Algorithm=AWS4-HMAC-SHA256&X-Amz-Checksum-Mode=ENABLED&X-Amz-Credential=AKIAURY6ZINDKCABHGV3%2F20260717%2Fap-south-1%2Fs3%2Faws4_request&X-Amz-Date=20260717T071029Z&X-Amz-Expires=900&X-Amz-SignedHeaders=host&x-id=GetObject&X-Amz-Signature=f8174f57efb5587e44dd59a1ea43759b442567fc785552ab2429cef61f147dac
Jul 17 07:10:29 vithsutra kiosk-server[2006197]: {"time":"2026-07-17T07:10:29.906473948Z","level":"INFO","msg":"final_Key_Bebugging","final_key:":"uploads/final/86dafe38-9bc9-4e13-ac9c-2f894b0025e8/a6d134a8-c3da-4a0a-97cd-7091ab6e95d3/62b4db3b-41cc-4bc0-93bf-9822c154fc96.pdf"}
Jul 17 07:10:29 vithsutra kiosk-server[2006197]: DEBUG PRESIGN GET URL: https://aiet-printflow-upload-prod.s3.ap-south-1.amazonaws.com/uploads/final/86dafe38-9bc9-4e13-ac9c-2f894b0025e8/a6d134a8-c3da-4a0a-97cd-7091ab6e95d3/9a44e270-b44e-4cdb-b6df-87888311157f.pdf?X-Amz-Algorithm=AWS4-HMAC-SHA256&X-Amz-Checksum-Mode=ENABLED&X-Amz-Credential=AKIAURY6ZINDKCABHGV3%2F20260717%2Fap-south-1%2Fs3%2Faws4_request&X-Amz-Date=20260717T071029Z&X-Amz-Expires=900&X-Amz-SignedHeaders=host&x-id=GetObject&X-Amz-Signature=c1a6d5d67c8788300659c70d06dd7ec72d159c8f6e71bd5e0ff3096dbc9f67a1
Jul 17 07:10:29 vithsutra kiosk-server[2006197]: {"time":"2026-07-17T07:10:29.906656012Z","level":"INFO","msg":"final_Key_Bebugging","final_key:":"uploads/final/86dafe38-9bc9-4e13-ac9c-2f894b0025e8/a6d134a8-c3da-4a0a-97cd-7091ab6e95d3/9a44e270-b44e-4cdb-b6df-87888311157f.pdf"}
Jul 17 07:10:29 vithsutra kiosk-server[2006197]: DEBUG PRESIGN GET URL: https://aiet-printflow-upload-prod.s3.ap-south-1.amazonaws.com/uploads/final/86dafe38-9bc9-4e13-ac9c-2f894b0025e8/a6d134a8-c3da-4a0a-97cd-7091ab6e95d3/d9885095-1951-43c0-9f45-18e2c68fba39.pdf?X-Amz-Algorithm=AWS4-HMAC-SHA256&X-Amz-Checksum-Mode=ENABLED&X-Amz-Credential=AKIAURY6ZINDKCABHGV3%2F20260717%2Fap-south-1%2Fs3%2Faws4_request&X-Amz-Date=20260717T071029Z&X-Amz-Expires=900&X-Amz-SignedHeaders=host&x-id=GetObject&X-Amz-Signature=4bacb68ca76a0ab1f04a60afe9d8d5f836738248e66ff1fc645241fa1c64ebef
Jul 17 07:10:29 vithsutra kiosk-server[2006197]: {"time":"2026-07-17T07:10:29.906856856Z","level":"INFO","msg":"final_Key_Bebugging","final_key:":"uploads/final/86dafe38-9bc9-4e13-ac9c-2f894b0025e8/a6d134a8-c3da-4a0a-97cd-7091ab6e95d3/d9885095-1951-43c0-9f45-18e2c68fba39.pdf"}
Jul 17 07:10:29 vithsutra kiosk-server[2006197]: DEBUG PRESIGN GET URL: https://aiet-printflow-upload-prod.s3.ap-south-1.amazonaws.com/uploads/final/86dafe38-9bc9-4e13-ac9c-2f894b0025e8/a6d134a8-c3da-4a0a-97cd-7091ab6e95d3/b0cd4153-af01-4b06-a8a2-d0abbf0d60a0.pdf?X-Amz-Algorithm=AWS4-HMAC-SHA256&X-Amz-Checksum-Mode=ENABLED&X-Amz-Credential=AKIAURY6ZINDKCABHGV3%2F20260717%2Fap-south-1%2Fs3%2Faws4_request&X-Amz-Date=20260717T071029Z&X-Amz-Expires=900&X-Amz-SignedHeaders=host&x-id=GetObject&X-Amz-Signature=6d186ed61ce184e80e3e2c19f8e1d6561fb7b9ea864a7d930aac002f4da786cc
Jul 17 07:10:29 vithsutra kiosk-server[2006197]: {"time":"2026-07-17T07:10:29.90704512Z","level":"INFO","msg":"final_Key_Bebugging","final_key:":"uploads/final/86dafe38-9bc9-4e13-ac9c-2f894b0025e8/a6d134a8-c3da-4a0a-97cd-7091ab6e95d3/b0cd4153-af01-4b06-a8a2-d0abbf0d60a0.pdf"}
Jul 17 07:10:29 vithsutra kiosk-server[2006197]: DEBUG PRESIGN GET URL: https://aiet-printflow-upload-prod.s3.ap-south-1.amazonaws.com/uploads/final/86dafe38-9bc9-4e13-ac9c-2f894b0025e8/a6d134a8-c3da-4a0a-97cd-7091ab6e95d3/f5ac2f92-2064-4a6e-a1ff-2ad386be2d1f.pdf?X-Amz-Algorithm=AWS4-HMAC-SHA256&X-Amz-Checksum-Mode=ENABLED&X-Amz-Credential=AKIAURY6ZINDKCABHGV3%2F20260717%2Fap-south-1%2Fs3%2Faws4_request&X-Amz-Date=20260717T071029Z&X-Amz-Expires=900&X-Amz-SignedHeaders=host&x-id=GetObject&X-Amz-Signature=ec5c9187aea51739fe77c31d13f0ba462d0124f0a1510f64d6b52f7ac7f2eecd
Jul 17 07:10:29 vithsutra kiosk-server[2006197]: {"time":"2026-07-17T07:10:29.907243819Z","level":"INFO","msg":"final_Key_Bebugging","final_key:":"uploads/final/86dafe38-9bc9-4e13-ac9c-2f894b0025e8/a6d134a8-c3da-4a0a-97cd-7091ab6e95d3/f5ac2f92-2064-4a6e-a1ff-2ad386be2d1f.pdf"}
Jul 17 07:10:29 vithsutra kiosk-server[2006197]: DEBUG PRESIGN GET URL: https://aiet-printflow-upload-prod.s3.ap-south-1.amazonaws.com/uploads/final/86dafe38-9bc9-4e13-ac9c-2f894b0025e8/a6d134a8-c3da-4a0a-97cd-7091ab6e95d3/873bec93-2b05-4f88-9c64-f7eb0bc33386.pdf?X-Amz-Algorithm=AWS4-HMAC-SHA256&X-Amz-Checksum-Mode=ENABLED&X-Amz-Credential=AKIAURY6ZINDKCABHGV3%2F20260717%2Fap-south-1%2Fs3%2Faws4_request&X-Amz-Date=20260717T071029Z&X-Amz-Expires=900&X-Amz-SignedHeaders=host&x-id=GetObject&X-Amz-Signature=250abf11b3bb39f745a5fb887b805587876a8b42df15bbbf0d52624cc955e208
Jul 17 07:10:29 vithsutra kiosk-server[2006197]: {"time":"2026-07-17T07:10:29.907423877Z","level":"INFO","msg":"final_Key_Bebugging","final_key:":"uploads/final/86dafe38-9bc9-4e13-ac9c-2f894b0025e8/a6d134a8-c3da-4a0a-97cd-7091ab6e95d3/873bec93-2b05-4f88-9c64-f7eb0bc33386.pdf"}
Jul 17 07:10:29 vithsutra kiosk-server[2006197]: {"time":"2026-07-17T07:10:29.907442921Z","level":"INFO","msg":"get job by token completed","token":974971,"session_id":"a6d134a8-c3da-4a0a-97cd-7091ab6e95d3","file_count":8}
Jul 17 07:10:29 vithsutra kiosk-server[2006197]: {"time":"2026-07-17T07:10:29.907690246Z","level":"INFO","msg":"request","method":"POST","path":"/print/jobs/token","status":200,"bytes":6244,"duration_ms":165,"request_id":"vithsutra/yJhBRTSzdo-004771","remote_addr":"103.89.233.254"}
Jul 17 07:10:58 vithsutra kiosk-server[2006197]: {"time":"2026-07-17T07:10:58.161353734Z","level":"INFO","msg":"expire session after printing started","session_id":"a6d134a8-c3da-4a0a-97cd-7091ab6e95d3"}
Jul 17 07:10:58 vithsutra kiosk-server[2006197]: {"time":"2026-07-17T07:10:58.320253136Z","level":"INFO","msg":"session marked completed","session_id":"a6d134a8-c3da-4a0a-97cd-7091ab6e95d3"}
Jul 17 07:10:58 vithsutra kiosk-server[2006197]: {"time":"2026-07-17T07:10:58.428687696Z","level":"WARN","msg":"no completed file found for session a6d134a8-c3da-4a0a-97cd-7091ab6e95d3","code":"no_completed_file"}
Jul 17 07:10:58 vithsutra kiosk-server[2006197]: {"time":"2026-07-17T07:10:58.428787135Z","level":"INFO","msg":"request","method":"POST","path":"/print/jobs/expire","status":404,"bytes":124,"duration_ms":267,"request_id":"vithsutra/yJhBRTSzdo-004772","remote_addr":"103.89.233.254"}
Jul 17 07:11:11 vithsutra kiosk-server[2006197]: {"time":"2026-07-17T07:11:11.018467251Z","level":"INFO","msg":"expire session after printing started","session_id":"a6d134a8-c3da-4a0a-97cd-7091ab6e95d3"}
Jul 17 07:11:11 vithsutra kiosk-server[2006197]: {"time":"2026-07-17T07:11:11.071327246Z","level":"WARN","msg":"this session has already been completed","code":"session_already_completed"}
Jul 17 07:11:11 vithsutra kiosk-server[2006197]: {"time":"2026-07-17T07:11:11.071430445Z","level":"INFO","msg":"request","method":"POST","path":"/print/jobs/expire","status":400,"bytes":99,"duration_ms":53,"request_id":"vithsutra/yJhBRTSzdo-004773","remote_addr":"103.89.233.254"}
Jul 17 07:11:24 vithsutra kiosk-server[2006197]: {"time":"2026-07-17T07:11:24.36955198Z","level":"INFO","msg":"expire session after printing started","session_id":"a6d134a8-c3da-4a0a-97cd-7091ab6e95d3"}
Jul 17 07:11:24 vithsutra kiosk-server[2006197]: {"time":"2026-07-17T07:11:24.422492683Z","level":"WARN","msg":"this session has already been completed","code":"session_already_completed"}
Jul 17 07:11:24 vithsutra kiosk-server[2006197]: {"time":"2026-07-17T07:11:24.422614686Z","level":"INFO","msg":"request","method":"POST","path":"/print/jobs/expire","status":400,"bytes":99,"duration_ms":53,"request_id":"vithsutra/yJhBRTSzdo-004774","remote_addr":"103.89.233.254"}
Jul 17 07:11:37 vithsutra kiosk-server[2006197]: {"time":"2026-07-17T07:11:37.651636812Z","level":"INFO","msg":"expire session after printing started","session_id":"a6d134a8-c3da-4a0a-97cd-7091ab6e95d3"}
Jul 17 07:11:37 vithsutra kiosk-server[2006197]: {"time":"2026-07-17T07:11:37.704426752Z","level":"WARN","msg":"this session has already been completed","code":"session_already_completed"}
Jul 17 07:11:37 vithsutra kiosk-server[2006197]: {"time":"2026-07-17T07:11:37.70459958Z","level":"INFO","msg":"request","method":"POST","path":"/print/jobs/expire","status":400,"bytes":99,"duration_ms":53,"request_id":"vithsutra/yJhBRTSzdo-004775","remote_addr":"103.89.233.254"}
Jul 17 07:11:50 vithsutra kiosk-server[2006197]: {"time":"2026-07-17T07:11:50.894481398Z","level":"INFO","msg":"expire session after printing started","session_id":"a6d134a8-c3da-4a0a-97cd-7091ab6e95d3"}
Jul 17 07:11:50 vithsutra kiosk-server[2006197]: {"time":"2026-07-17T07:11:50.947542392Z","level":"WARN","msg":"this session has already been completed","code":"session_already_completed"}
Jul 17 07:11:50 vithsutra kiosk-server[2006197]: {"time":"2026-07-17T07:11:50.947639581Z","level":"INFO","msg":"request","method":"POST","path":"/print/jobs/expire","status":400,"bytes":99,"duration_ms":53,"request_id":"vithsutra/yJhBRTSzdo-004776","remote_addr":"103.89.233.254"}
Jul 17 07:12:04 vithsutra kiosk-server[2006197]: {"time":"2026-07-17T07:12:04.008863192Z","level":"INFO","msg":"expire session after printing started","session_id":"a6d134a8-c3da-4a0a-97cd-7091ab6e95d3"}
Jul 17 07:12:04 vithsutra kiosk-server[2006197]: {"time":"2026-07-17T07:12:04.062415302Z","level":"WARN","msg":"this session has already been completed","code":"session_already_completed"}
Jul 17 07:12:04 vithsutra kiosk-server[2006197]: {"time":"2026-07-17T07:12:04.062513309Z","level":"INFO","msg":"request","method":"POST","path":"/print/jobs/expire","status":400,"bytes":99,"duration_ms":53,"request_id":"vithsutra/yJhBRTSzdo-004777","remote_addr":"103.89.233.254"}
Jul 17 07:12:17 vithsutra kiosk-server[2006197]: {"time":"2026-07-17T07:12:17.308726383Z","level":"INFO","msg":"expire session after printing started","session_id":"a6d134a8-c3da-4a0a-97cd-7091ab6e95d3"}
Jul 17 07:12:17 vithsutra kiosk-server[2006197]: {"time":"2026-07-17T07:12:17.361564458Z","level":"WARN","msg":"this session has already been completed","code":"session_already_completed"}
Jul 17 07:12:17 vithsutra kiosk-server[2006197]: {"time":"2026-07-17T07:12:17.361657574Z","level":"INFO","msg":"request","method":"POST","path":"/print/jobs/expire","status":400,"bytes":99,"duration_ms":53,"request_id":"vithsutra/yJhBRTSzdo-004778","remote_addr":"103.89.233.254"}
Jul 17 07:12:30 vithsutra kiosk-server[2006197]: {"time":"2026-07-17T07:12:30.866949472Z","level":"INFO","msg":"expire session after printing started","session_id":"a6d134a8-c3da-4a0a-97cd-7091ab6e95d3"}
Jul 17 07:12:30 vithsutra kiosk-server[2006197]: {"time":"2026-07-17T07:12:30.919758801Z","level":"WARN","msg":"this session has already been completed","code":"session_already_completed"}
Jul 17 07:12:30 vithsutra kiosk-server[2006197]: {"time":"2026-07-17T07:12:30.919906809Z","level":"INFO","msg":"request","method":"POST","path":"/print/jobs/expire","status":400,"bytes":99,"duration_ms":53,"request_id":"vithsutra/yJhBRTSzdo-004779","remote_addr":"103.89.233.254"}
Jul 17 07:12:44 vithsutra kiosk-server[2006197]: {"time":"2026-07-17T07:12:44.909682485Z","level":"INFO","msg":"get job by token started","token":981638}
Jul 17 07:12:45 vithsutra kiosk-server[2006197]: DEBUG PRESIGN GET URL: https://aiet-printflow-upload-prod.s3.ap-south-1.amazonaws.com/uploads/final/69848409-3869-4ce7-8709-a00e40f59602/0fb5ac2a-09c7-4c2f-b324-ac77ca1c7f7e/d346eccb-4bd9-4130-a28d-50fd235e0c36.pdf?X-Amz-Algorithm=AWS4-HMAC-SHA256&X-Amz-Checksum-Mode=ENABLED&X-Amz-Credential=AKIAURY6ZINDKCABHGV3%2F20260717%2Fap-south-1%2Fs3%2Faws4_request&X-Amz-Date=20260717T071245Z&X-Amz-Expires=900&X-Amz-SignedHeaders=host&x-id=GetObject&X-Amz-Signature=042a22791f7c4cb555df652ac8785f1079cec2ee2b4ecc56773ec45c13a4eed4
Jul 17 07:12:45 vithsutra kiosk-server[2006197]: {"time":"2026-07-17T07:12:45.017702424Z","level":"INFO","msg":"final_Key_Bebugging","final_key:":"uploads/final/69848409-3869-4ce7-8709-a00e40f59602/0fb5ac2a-09c7-4c2f-b324-ac77ca1c7f7e/d346eccb-4bd9-4130-a28d-50fd235e0c36.pdf"}
Jul 17 07:12:45 vithsutra kiosk-server[2006197]: DEBUG PRESIGN GET URL: https://aiet-printflow-upload-prod.s3.ap-south-1.amazonaws.com/uploads/final/69848409-3869-4ce7-8709-a00e40f59602/0fb5ac2a-09c7-4c2f-b324-ac77ca1c7f7e/17662a8d-4c25-4c2d-95bb-17be1e7f44b4.pdf?X-Amz-Algorithm=AWS4-HMAC-SHA256&X-Amz-Checksum-Mode=ENABLED&X-Amz-Credential=AKIAURY6ZINDKCABHGV3%2F20260717%2Fap-south-1%2Fs3%2Faws4_request&X-Amz-Date=20260717T071245Z&X-Amz-Expires=900&X-Amz-SignedHeaders=host&x-id=GetObject&X-Amz-Signature=63c93c77cc45be6e5a9a3130acb7e248517fa71b93f76012173e4f0502aa3605
Jul 17 07:12:45 vithsutra kiosk-server[2006197]: {"time":"2026-07-17T07:12:45.017967742Z","level":"INFO","msg":"final_Key_Bebugging","final_key:":"uploads/final/69848409-3869-4ce7-8709-a00e40f59602/0fb5ac2a-09c7-4c2f-b324-ac77ca1c7f7e/17662a8d-4c25-4c2d-95bb-17be1e7f44b4.pdf"}
Jul 17 07:12:45 vithsutra kiosk-server[2006197]: DEBUG PRESIGN GET URL: https://aiet-printflow-upload-prod.s3.ap-south-1.amazonaws.com/uploads/final/69848409-3869-4ce7-8709-a00e40f59602/0fb5ac2a-09c7-4c2f-b324-ac77ca1c7f7e/5001472a-a4d6-4c17-ba4d-f08aa1e23a85.pdf?X-Amz-Algorithm=AWS4-HMAC-SHA256&X-Amz-Checksum-Mode=ENABLED&X-Amz-Credential=AKIAURY6ZINDKCABHGV3%2F20260717%2Fap-south-1%2Fs3%2Faws4_request&X-Amz-Date=20260717T071245Z&X-Amz-Expires=900&X-Amz-SignedHeaders=host&x-id=GetObject&X-Amz-Signature=54b5fea8874f8f0527654a6d484601133add3b9b6003d2e4de4eb09ea0140e23
Jul 17 07:12:45 vithsutra kiosk-server[2006197]: {"time":"2026-07-17T07:12:45.018168963Z","level":"INFO","msg":"final_Key_Bebugging","final_key:":"uploads/final/69848409-3869-4ce7-8709-a00e40f59602/0fb5ac2a-09c7-4c2f-b324-ac77ca1c7f7e/5001472a-a4d6-4c17-ba4d-f08aa1e23a85.pdf"}
Jul 17 07:12:45 vithsutra kiosk-server[2006197]: DEBUG PRESIGN GET URL: https://aiet-printflow-upload-prod.s3.ap-south-1.amazonaws.com/uploads/final/69848409-3869-4ce7-8709-a00e40f59602/0fb5ac2a-09c7-4c2f-b324-ac77ca1c7f7e/5d139fb1-f965-4ab9-b147-fbf9ed560984.pdf?X-Amz-Algorithm=AWS4-HMAC-SHA256&X-Amz-Checksum-Mode=ENABLED&X-Amz-Credential=AKIAURY6ZINDKCABHGV3%2F20260717%2Fap-south-1%2Fs3%2Faws4_request&X-Amz-Date=20260717T071245Z&X-Amz-Expires=900&X-Amz-SignedHeaders=host&x-id=GetObject&X-Amz-Signature=a5b6d683ce67f3eb03b15e34d391ebf8983eb4c5be64759b4753622c9983475c
Jul 17 07:12:45 vithsutra kiosk-server[2006197]: {"time":"2026-07-17T07:12:45.018354038Z","level":"INFO","msg":"final_Key_Bebugging","final_key:":"uploads/final/69848409-3869-4ce7-8709-a00e40f59602/0fb5ac2a-09c7-4c2f-b324-ac77ca1c7f7e/5d139fb1-f965-4ab9-b147-fbf9ed560984.pdf"}
Jul 17 07:12:45 vithsutra kiosk-server[2006197]: DEBUG PRESIGN GET URL: https://aiet-printflow-upload-prod.s3.ap-south-1.amazonaws.com/uploads/final/69848409-3869-4ce7-8709-a00e40f59602/0fb5ac2a-09c7-4c2f-b324-ac77ca1c7f7e/0edf6a94-36f0-4581-b638-1693e5edb54d.pdf?X-Amz-Algorithm=AWS4-HMAC-SHA256&X-Amz-Checksum-Mode=ENABLED&X-Amz-Credential=AKIAURY6ZINDKCABHGV3%2F20260717%2Fap-south-1%2Fs3%2Faws4_request&X-Amz-Date=20260717T071245Z&X-Amz-Expires=900&X-Amz-SignedHeaders=host&x-id=GetObject&X-Amz-Signature=9cf879afc6160473e9f75220a7e25c04d9c8531c9a5a52b25cedd63500c12247
Jul 17 07:12:45 vithsutra kiosk-server[2006197]: {"time":"2026-07-17T07:12:45.018540897Z","level":"INFO","msg":"final_Key_Bebugging","final_key:":"uploads/final/69848409-3869-4ce7-8709-a00e40f59602/0fb5ac2a-09c7-4c2f-b324-ac77ca1c7f7e/0edf6a94-36f0-4581-b638-1693e5edb54d.pdf"}
Jul 17 07:12:45 vithsutra kiosk-server[2006197]: DEBUG PRESIGN GET URL: https://aiet-printflow-upload-prod.s3.ap-south-1.amazonaws.com/uploads/final/69848409-3869-4ce7-8709-a00e40f59602/0fb5ac2a-09c7-4c2f-b324-ac77ca1c7f7e/b30c52db-1517-47ab-b4e3-b7fb5feb02c5.pdf?X-Amz-Algorithm=AWS4-HMAC-SHA256&X-Amz-Checksum-Mode=ENABLED&X-Amz-Credential=AKIAURY6ZINDKCABHGV3%2F20260717%2Fap-south-1%2Fs3%2Faws4_request&X-Amz-Date=20260717T071245Z&X-Amz-Expires=900&X-Amz-SignedHeaders=host&x-id=GetObject&X-Amz-Signature=0c4fc1da933c31d5e871050dfd16ad5afaf638fad7403c755be069faddab8eb4
Jul 17 07:12:45 vithsutra kiosk-server[2006197]: {"time":"2026-07-17T07:12:45.01871866Z","level":"INFO","msg":"final_Key_Bebugging","final_key:":"uploads/final/69848409-3869-4ce7-8709-a00e40f59602/0fb5ac2a-09c7-4c2f-b324-ac77ca1c7f7e/b30c52db-1517-47ab-b4e3-b7fb5feb02c5.pdf"}
Jul 17 07:12:45 vithsutra kiosk-server[2006197]: DEBUG PRESIGN GET URL: https://aiet-printflow-upload-prod.s3.ap-south-1.amazonaws.com/uploads/final/69848409-3869-4ce7-8709-a00e40f59602/0fb5ac2a-09c7-4c2f-b324-ac77ca1c7f7e/01391983-01b5-40cb-80c6-eb0e9a9c80ff.pdf?X-Amz-Algorithm=AWS4-HMAC-SHA256&X-Amz-Checksum-Mode=ENABLED&X-Amz-Credential=AKIAURY6ZINDKCABHGV3%2F20260717%2Fap-south-1%2Fs3%2Faws4_request&X-Amz-Date=20260717T071245Z&X-Amz-Expires=900&X-Amz-SignedHeaders=host&x-id=GetObject&X-Amz-Signature=2c594463dfb4e3df8e8dfe27ce056acd53f00fe52d279e02dcb43ef37986e367
Jul 17 07:12:45 vithsutra kiosk-server[2006197]: {"time":"2026-07-17T07:12:45.018917273Z","level":"INFO","msg":"final_Key_Bebugging","final_key:":"uploads/final/69848409-3869-4ce7-8709-a00e40f59602/0fb5ac2a-09c7-4c2f-b324-ac77ca1c7f7e/01391983-01b5-40cb-80c6-eb0e9a9c80ff.pdf"}
Jul 17 07:12:45 vithsutra kiosk-server[2006197]: DEBUG PRESIGN GET URL: https://aiet-printflow-upload-prod.s3.ap-south-1.amazonaws.com/uploads/final/69848409-3869-4ce7-8709-a00e40f59602/0fb5ac2a-09c7-4c2f-b324-ac77ca1c7f7e/560cf3e0-fdaa-4840-bda7-3cfed8351b20.pdf?X-Amz-Algorithm=AWS4-HMAC-SHA256&X-Amz-Checksum-Mode=ENABLED&X-Amz-Credential=AKIAURY6ZINDKCABHGV3%2F20260717%2Fap-south-1%2Fs3%2Faws4_request&X-Amz-Date=20260717T071245Z&X-Amz-Expires=900&X-Amz-SignedHeaders=host&x-id=GetObject&X-Amz-Signature=6c8243b810ed1c4e57b9e43f618c3c77b9a9cea52b10af3ac5e609a0d89023ac
Jul 17 07:12:45 vithsutra kiosk-server[2006197]: {"time":"2026-07-17T07:12:45.019089699Z","level":"INFO","msg":"final_Key_Bebugging","final_key:":"uploads/final/69848409-3869-4ce7-8709-a00e40f59602/0fb5ac2a-09c7-4c2f-b324-ac77ca1c7f7e/560cf3e0-fdaa-4840-bda7-3cfed8351b20.pdf"}
Jul 17 07:12:45 vithsutra kiosk-server[2006197]: {"time":"2026-07-17T07:12:45.019109135Z","level":"INFO","msg":"get job by token completed","token":981638,"session_id":"0fb5ac2a-09c7-4c2f-b324-ac77ca1c7f7e","file_count":8}
Jul 17 07:12:45 vithsutra kiosk-server[2006197]: {"time":"2026-07-17T07:12:45.019359899Z","level":"INFO","msg":"request","method":"POST","path":"/print/jobs/token","status":200,"bytes":6241,"duration_ms":109,"request_id":"vithsutra/yJhBRTSzdo-004780","remote_addr":"103.89.233.254"}
Jul 17 07:13:28 vithsutra kiosk-server[2006197]: {"time":"2026-07-17T07:13:28.697591679Z","level":"INFO","msg":"expire session after printing started","session_id":"0fb5ac2a-09c7-4c2f-b324-ac77ca1c7f7e"}
Jul 17 07:13:30 vithsutra kiosk-server[2006197]: {"time":"2026-07-17T07:13:30.898214114Z","level":"INFO","msg":"session marked completed","session_id":"0fb5ac2a-09c7-4c2f-b324-ac77ca1c7f7e"}
Jul 17 07:13:31 vithsutra kiosk-server[2006197]: {"time":"2026-07-17T07:13:31.01163374Z","level":"WARN","msg":"no completed file found for session 0fb5ac2a-09c7-4c2f-b324-ac77ca1c7f7e","code":"no_completed_file"}
Jul 17 07:13:31 vithsutra kiosk-server[2006197]: {"time":"2026-07-17T07:13:31.011723264Z","level":"INFO","msg":"request","method":"POST","path":"/print/jobs/expire","status":404,"bytes":124,"duration_ms":2314,"request_id":"vithsutra/yJhBRTSzdo-004781","remote_addr":"103.89.233.254"}
Jul 17 07:13:40 vithsutra kiosk-server[2006197]: {"time":"2026-07-17T07:13:40.026259163Z","level":"INFO","msg":"request","method":"OPTIONS","path":"/files/upload/init","status":204,"bytes":0,"duration_ms":0,"request_id":"vithsutra/yJhBRTSzdo-004782","remote_addr":"2409:40f2:314b:e960:35f6:6825:d7f7:47df"}
Jul 17 07:13:40 vithsutra kiosk-server[2006197]: {"time":"2026-07-17T07:13:40.419297409Z","level":"INFO","msg":"USERID","userId:":"ebbe6137-3966-4fb9-92bd-79ac60c0a6d3"}
Jul 17 07:13:40 vithsutra kiosk-server[2006197]: {"time":"2026-07-17T07:13:40.419338842Z","level":"INFO","msg":"USEREMAIL","userEmail:":"sushmanayak279@gmail.com"}
Jul 17 07:13:40 vithsutra kiosk-server[2006197]: {"time":"2026-07-17T07:13:40.41935455Z","level":"INFO","msg":"init upload started","user_id":"ebbe6137-3966-4fb9-92bd-79ac60c0a6d3","file_count":5,"request_payload":{"files":[{"file_name":"ETB 1.pdf","content_type":"application/pdf"},{"file_name":"MERGERS 2.pdf","content_type":"application/pdf"},{"file_name":"IFM 1.pdf","content_type":"application/pdf"},{"file_name":"IND 1.pdf","content_type":"application/pdf"},{"file_name":"IFM 2-1.pdf","content_type":"application/pdf"}]}}
Jul 17 07:13:40 vithsutra kiosk-server[2006197]: {"time":"2026-07-17T07:13:40.620439761Z","level":"INFO","msg":"upload session created","session_id":"0491be4a-7884-43a1-866b-dc77460c998b","user_id":"ebbe6137-3966-4fb9-92bd-79ac60c0a6d3","expires_at":"2026-07-24T07:13:40.474697471Z"}
Jul 17 07:13:41 vithsutra kiosk-server[2006197]: {"time":"2026-07-17T07:13:41.051938529Z","level":"INFO","msg":"init upload completed","session_id":"0491be4a-7884-43a1-866b-dc77460c998b","user_id":"ebbe6137-3966-4fb9-92bd-79ac60c0a6d3","file_count":5}
Jul 17 07:13:41 vithsutra kiosk-server[2006197]: {"time":"2026-07-17T07:13:41.052194809Z","level":"INFO","msg":"request","method":"POST","path":"/files/upload/init","status":201,"bytes":4162,"duration_ms":633,"request_id":"vithsutra/yJhBRTSzdo-004783","remote_addr":"2409:40f2:314b:e960:35f6:6825:d7f7:47df"}
Jul 17 07:13:41 vithsutra kiosk-server[2006197]: {"time":"2026-07-17T07:13:41.706171472Z","level":"INFO","msg":"expire session after printing started","session_id":"0fb5ac2a-09c7-4c2f-b324-ac77ca1c7f7e"}
Jul 17 07:13:41 vithsutra kiosk-server[2006197]: {"time":"2026-07-17T07:13:41.761446566Z","level":"WARN","msg":"this session has already been completed","code":"session_already_completed"}
Jul 17 07:13:41 vithsutra kiosk-server[2006197]: {"time":"2026-07-17T07:13:41.761548461Z","level":"INFO","msg":"request","method":"POST","path":"/print/jobs/expire","status":400,"bytes":99,"duration_ms":55,"request_id":"vithsutra/yJhBRTSzdo-004784","remote_addr":"103.89.233.254"}
Jul 17 07:13:43 vithsutra kiosk-server[2006197]: {"time":"2026-07-17T07:13:43.675946268Z","level":"INFO","msg":"request","method":"OPTIONS","path":"/files/upload/confirm","status":204,"bytes":0,"duration_ms":0,"request_id":"vithsutra/yJhBRTSzdo-004785","remote_addr":"2409:40f2:314b:e960:35f6:6825:d7f7:47df"}
Jul 17 07:13:44 vithsutra kiosk-server[2006197]: {"time":"2026-07-17T07:13:44.05737047Z","level":"INFO","msg":"confirm upload started","session_id":"0491be4a-7884-43a1-866b-dc77460c998b","file_count":5}
Jul 17 07:13:44 vithsutra kiosk-server[2006197]: {"time":"2026-07-17T07:13:44.112468601Z","level":"INFO","msg":"session validated for confirm","session_id":"0491be4a-7884-43a1-866b-dc77460c998b","status":"created"}
Jul 17 07:13:44 vithsutra kiosk-server[2006197]: DEBUG HeadObject → bucket: aiet-printflow-upload-prod  key: uploads/staging/ebbe6137-3966-4fb9-92bd-79ac60c0a6d3/0491be4a-7884-43a1-866b-dc77460c998b/5707346c-b18e-46af-8565-fc06709dd493.pdf
Jul 17 07:13:44 vithsutra kiosk-server[2006197]: {"time":"2026-07-17T07:13:44.582493061Z","level":"INFO","msg":"file price calculated","price":1,"sheets":1,"num_of_pages":1,"copies":1,"page_layout":1,"printing_mode":"monochromatic","printing_side":"single_side"}
Jul 17 07:13:44 vithsutra kiosk-server[2006197]: {"time":"2026-07-17T07:13:44.58253804Z","level":"INFO","msg":"Total done bebug","TotalAmount:":1,"TotalSheetes:":1}
Jul 17 07:13:44 vithsutra kiosk-server[2006197]: {"time":"2026-07-17T07:13:44.582553681Z","level":"INFO","msg":"Page Range bebugging","page_range:":["1"]}
Jul 17 07:13:44 vithsutra kiosk-server[2006197]: {"time":"2026-07-17T07:13:44.582572863Z","level":"INFO","msg":"file confirmed","session_id":"0491be4a-7884-43a1-866b-dc77460c998b","file_id":"5707346c-b18e-46af-8565-fc06709dd493","file_name":"ETB 1.pdf","sheets":1,"price":1}
Jul 17 07:13:44 vithsutra kiosk-server[2006197]: DEBUG HeadObject → bucket: aiet-printflow-upload-prod  key: uploads/staging/ebbe6137-3966-4fb9-92bd-79ac60c0a6d3/0491be4a-7884-43a1-866b-dc77460c998b/06b50a60-a44b-4b02-8a3a-adef87f93acd.pdf
Jul 17 07:13:44 vithsutra kiosk-server[2006197]: {"time":"2026-07-17T07:13:44.66722245Z","level":"INFO","msg":"file price calculated","price":1,"sheets":1,"num_of_pages":1,"copies":1,"page_layout":1,"printing_mode":"monochromatic","printing_side":"single_side"}
Jul 17 07:13:44 vithsutra kiosk-server[2006197]: {"time":"2026-07-17T07:13:44.667283374Z","level":"INFO","msg":"Total done bebug","TotalAmount:":2,"TotalSheetes:":2}
Jul 17 07:13:44 vithsutra kiosk-server[2006197]: {"time":"2026-07-17T07:13:44.667305771Z","level":"INFO","msg":"Page Range bebugging","page_range:":["1"]}
Jul 17 07:13:44 vithsutra kiosk-server[2006197]: {"time":"2026-07-17T07:13:44.667327898Z","level":"INFO","msg":"file confirmed","session_id":"0491be4a-7884-43a1-866b-dc77460c998b","file_id":"06b50a60-a44b-4b02-8a3a-adef87f93acd","file_name":"MERGERS 2.pdf","sheets":1,"price":1}
Jul 17 07:13:44 vithsutra kiosk-server[2006197]: DEBUG HeadObject → bucket: aiet-printflow-upload-prod  key: uploads/staging/ebbe6137-3966-4fb9-92bd-79ac60c0a6d3/0491be4a-7884-43a1-866b-dc77460c998b/f3789dc5-9517-4a31-8328-4d56dcea9d7c.pdf
Jul 17 07:13:44 vithsutra kiosk-server[2006197]: {"time":"2026-07-17T07:13:44.748955068Z","level":"INFO","msg":"file price calculated","price":1,"sheets":1,"num_of_pages":1,"copies":1,"page_layout":1,"printing_mode":"monochromatic","printing_side":"single_side"}
Jul 17 07:13:44 vithsutra kiosk-server[2006197]: {"time":"2026-07-17T07:13:44.749015181Z","level":"INFO","msg":"Total done bebug","TotalAmount:":3,"TotalSheetes:":3}
Jul 17 07:13:44 vithsutra kiosk-server[2006197]: {"time":"2026-07-17T07:13:44.749035885Z","level":"INFO","msg":"Page Range bebugging","page_range:":["1"]}
Jul 17 07:13:44 vithsutra kiosk-server[2006197]: {"time":"2026-07-17T07:13:44.749057671Z","level":"INFO","msg":"file confirmed","session_id":"0491be4a-7884-43a1-866b-dc77460c998b","file_id":"f3789dc5-9517-4a31-8328-4d56dcea9d7c","file_name":"IFM 1.pdf","sheets":1,"price":1}
Jul 17 07:13:44 vithsutra kiosk-server[2006197]: DEBUG HeadObject → bucket: aiet-printflow-upload-prod  key: uploads/staging/ebbe6137-3966-4fb9-92bd-79ac60c0a6d3/0491be4a-7884-43a1-866b-dc77460c998b/2c27300d-a52d-459b-abe8-b5eb21d94b83.pdf
Jul 17 07:13:44 vithsutra kiosk-server[2006197]: {"time":"2026-07-17T07:13:44.82971202Z","level":"INFO","msg":"file price calculated","price":1,"sheets":1,"num_of_pages":1,"copies":1,"page_layout":1,"printing_mode":"monochromatic","printing_side":"single_side"}
Jul 17 07:13:44 vithsutra kiosk-server[2006197]: {"time":"2026-07-17T07:13:44.82977733Z","level":"INFO","msg":"Total done bebug","TotalAmount:":4,"TotalSheetes:":4}
Jul 17 07:13:44 vithsutra kiosk-server[2006197]: {"time":"2026-07-17T07:13:44.829797544Z","level":"INFO","msg":"Page Range bebugging","page_range:":["1"]}
Jul 17 07:13:44 vithsutra kiosk-server[2006197]: {"time":"2026-07-17T07:13:44.829821742Z","level":"INFO","msg":"file confirmed","session_id":"0491be4a-7884-43a1-866b-dc77460c998b","file_id":"2c27300d-a52d-459b-abe8-b5eb21d94b83","file_name":"IND 1.pdf","sheets":1,"price":1}
Jul 17 07:13:44 vithsutra kiosk-server[2006197]: DEBUG HeadObject → bucket: aiet-printflow-upload-prod  key: uploads/staging/ebbe6137-3966-4fb9-92bd-79ac60c0a6d3/0491be4a-7884-43a1-866b-dc77460c998b/5668b05d-6c9f-498b-bf35-39118a985353.pdf
Jul 17 07:13:44 vithsutra kiosk-server[2006197]: {"time":"2026-07-17T07:13:44.913183891Z","level":"INFO","msg":"file price calculated","price":1,"sheets":1,"num_of_pages":1,"copies":1,"page_layout":1,"printing_mode":"monochromatic","printing_side":"single_side"}
Jul 17 07:13:44 vithsutra kiosk-server[2006197]: {"time":"2026-07-17T07:13:44.913249361Z","level":"INFO","msg":"Total done bebug","TotalAmount:":5,"TotalSheetes:":5}
Jul 17 07:13:44 vithsutra kiosk-server[2006197]: {"time":"2026-07-17T07:13:44.913273474Z","level":"INFO","msg":"Page Range bebugging","page_range:":["1"]}
Jul 17 07:13:44 vithsutra kiosk-server[2006197]: {"time":"2026-07-17T07:13:44.913296242Z","level":"INFO","msg":"file confirmed","session_id":"0491be4a-7884-43a1-866b-dc77460c998b","file_id":"5668b05d-6c9f-498b-bf35-39118a985353","file_name":"IFM 2-1.pdf","sheets":1,"price":1}
Jul 17 07:13:44 vithsutra kiosk-server[2006197]: DEBUG: PageRange in UpdateFileWithPrintOptions: [1]
Jul 17 07:13:45 vithsutra kiosk-server[2006197]: DEBUG: PageRange in UpdateFileWithPrintOptions: [1]
Jul 17 07:13:45 vithsutra kiosk-server[2006197]: DEBUG: PageRange in UpdateFileWithPrintOptions: [1]
Jul 17 07:13:45 vithsutra kiosk-server[2006197]: DEBUG: PageRange in UpdateFileWithPrintOptions: [1]
Jul 17 07:13:45 vithsutra kiosk-server[2006197]: DEBUG: PageRange in UpdateFileWithPrintOptions: [1]
Jul 17 07:13:45 vithsutra kiosk-server[2006197]: {"time":"2026-07-17T07:13:45.470767204Z","level":"INFO","msg":"confirm upload completed","session_id":"0491be4a-7884-43a1-866b-dc77460c998b","total_sheets":5,"total_amount":5}
Jul 17 07:13:45 vithsutra kiosk-server[2006197]: {"time":"2026-07-17T07:13:45.470967995Z","level":"INFO","msg":"request","method":"POST","path":"/files/upload/confirm","status":200,"bytes":1057,"duration_ms":1413,"request_id":"vithsutra/yJhBRTSzdo-004786","remote_addr":"2409:40f2:314b:e960:35f6:6825:d7f7:47df"}
Jul 17 07:13:45 vithsutra kiosk-server[2006197]: {"time":"2026-07-17T07:13:45.876341719Z","level":"INFO","msg":"request","method":"OPTIONS","path":"/payments/create","status":204,"bytes":0,"duration_ms":0,"request_id":"vithsutra/yJhBRTSzdo-004787","remote_addr":"2409:40f2:314b:e960:35f6:6825:d7f7:47df"}
Jul 17 07:13:46 vithsutra kiosk-server[2006197]: {"time":"2026-07-17T07:13:46.41628108Z","level":"INFO","msg":"create payment order started","session_id":"0491be4a-7884-43a1-866b-dc77460c998b","amount_paise_frontend":500}
Jul 17 07:13:46 vithsutra kiosk-server[2006197]: {"time":"2026-07-17T07:13:46.965667896Z","level":"INFO","msg":"razorpay order created","session_id":"0491be4a-7884-43a1-866b-dc77460c998b","razorpay_order_id":"order_TEU1szrxmKSSQ8","amount_paise":500}
Jul 17 07:13:47 vithsutra kiosk-server[2006197]: {"time":"2026-07-17T07:13:47.078171812Z","level":"INFO","msg":"create payment order completed","session_id":"0491be4a-7884-43a1-866b-dc77460c998b","payment_id":"8c23ae28-3908-465d-9455-6cceb020d27d","razorpay_order_id":"order_TEU1szrxmKSSQ8"}
Jul 17 07:13:47 vithsutra kiosk-server[2006197]: {"time":"2026-07-17T07:13:47.078216049Z","level":"INFO","msg":"Amount:","Amount_paise":500}
Jul 17 07:13:47 vithsutra kiosk-server[2006197]: {"time":"2026-07-17T07:13:47.078293535Z","level":"INFO","msg":"request","method":"POST","path":"/payments/create","status":201,"bytes":232,"duration_ms":662,"request_id":"vithsutra/yJhBRTSzdo-004788","remote_addr":"2409:40f2:314b:e960:35f6:6825:d7f7:47df"}
Jul 17 07:13:54 vithsutra kiosk-server[2006197]: {"time":"2026-07-17T07:13:54.816737297Z","level":"INFO","msg":"expire session after printing started","session_id":"0fb5ac2a-09c7-4c2f-b324-ac77ca1c7f7e"}
Jul 17 07:13:54 vithsutra kiosk-server[2006197]: {"time":"2026-07-17T07:13:54.873173622Z","level":"WARN","msg":"this session has already been completed","code":"session_already_completed"}
Jul 17 07:13:54 vithsutra kiosk-server[2006197]: {"time":"2026-07-17T07:13:54.873269413Z","level":"INFO","msg":"request","method":"POST","path":"/print/jobs/expire","status":400,"bytes":99,"duration_ms":56,"request_id":"vithsutra/yJhBRTSzdo-004789","remote_addr":"103.89.233.254"}
Jul 17 07:14:07 vithsutra kiosk-server[2006197]: {"time":"2026-07-17T07:14:07.997037334Z","level":"INFO","msg":"expire session after printing started","session_id":"0fb5ac2a-09c7-4c2f-b324-ac77ca1c7f7e"}
Jul 17 07:14:08 vithsutra kiosk-server[2006197]: {"time":"2026-07-17T07:14:08.054638423Z","level":"WARN","msg":"this session has already been completed","code":"session_already_completed"}
Jul 17 07:14:08 vithsutra kiosk-server[2006197]: {"time":"2026-07-17T07:14:08.054679074Z","level":"INFO","msg":"request","method":"POST","path":"/print/jobs/expire","status":400,"bytes":99,"duration_ms":57,"request_id":"vithsutra/yJhBRTSzdo-004790","remote_addr":"103.89.233.254"}
Jul 17 07:14:12 vithsutra kiosk-server[2006197]: {"time":"2026-07-17T07:14:12.058822459Z","level":"INFO","msg":"webhook received","event":"payment.captured"}
Jul 17 07:14:12 vithsutra kiosk-server[2006197]: {"time":"2026-07-17T07:14:12.058866693Z","level":"INFO","msg":"processing payment success","razorpay_order_id":"order_TEU1szrxmKSSQ8","razorpay_payment_id":"pay_TEU1xwD0X03p6W"}
Jul 17 07:14:12 vithsutra kiosk-server[2006197]: {"time":"2026-07-17T07:14:12.673641366Z","level":"INFO","msg":"file promoted","session_id":"0491be4a-7884-43a1-866b-dc77460c998b","file_id":"5707346c-b18e-46af-8565-fc06709dd493","final_key":"uploads/final/ebbe6137-3966-4fb9-92bd-79ac60c0a6d3/0491be4a-7884-43a1-866b-dc77460c998b/5707346c-b18e-46af-8565-fc06709dd493.pdf"}
Jul 17 07:14:12 vithsutra kiosk-server[2006197]: {"time":"2026-07-17T07:14:12.796140966Z","level":"INFO","msg":"file promoted","session_id":"0491be4a-7884-43a1-866b-dc77460c998b","file_id":"06b50a60-a44b-4b02-8a3a-adef87f93acd","final_key":"uploads/final/ebbe6137-3966-4fb9-92bd-79ac60c0a6d3/0491be4a-7884-43a1-866b-dc77460c998b/06b50a60-a44b-4b02-8a3a-adef87f93acd.pdf"}
Jul 17 07:14:12 vithsutra kiosk-server[2006197]: {"time":"2026-07-17T07:14:12.925333471Z","level":"INFO","msg":"file promoted","session_id":"0491be4a-7884-43a1-866b-dc77460c998b","file_id":"f3789dc5-9517-4a31-8328-4d56dcea9d7c","final_key":"uploads/final/ebbe6137-3966-4fb9-92bd-79ac60c0a6d3/0491be4a-7884-43a1-866b-dc77460c998b/f3789dc5-9517-4a31-8328-4d56dcea9d7c.pdf"}
Jul 17 07:14:13 vithsutra kiosk-server[2006197]: {"time":"2026-07-17T07:14:13.062368881Z","level":"INFO","msg":"file promoted","session_id":"0491be4a-7884-43a1-866b-dc77460c998b","file_id":"2c27300d-a52d-459b-abe8-b5eb21d94b83","final_key":"uploads/final/ebbe6137-3966-4fb9-92bd-79ac60c0a6d3/0491be4a-7884-43a1-866b-dc77460c998b/2c27300d-a52d-459b-abe8-b5eb21d94b83.pdf"}
Jul 17 07:14:13 vithsutra kiosk-server[2006197]: {"time":"2026-07-17T07:14:13.201045366Z","level":"INFO","msg":"file promoted","session_id":"0491be4a-7884-43a1-866b-dc77460c998b","file_id":"5668b05d-6c9f-498b-bf35-39118a985353","final_key":"uploads/final/ebbe6137-3966-4fb9-92bd-79ac60c0a6d3/0491be4a-7884-43a1-866b-dc77460c998b/5668b05d-6c9f-498b-bf35-39118a985353.pdf"}
Jul 17 07:14:13 vithsutra kiosk-server[2006197]: {"time":"2026-07-17T07:14:13.86543158Z","level":"INFO","msg":"payment success committed","session_id":"0491be4a-7884-43a1-866b-dc77460c998b","razorpay_order_id":"order_TEU1szrxmKSSQ8","razorpay_payment_id":"pay_TEU1xwD0X03p6W","files_promoted":5}
Jul 17 07:14:13 vithsutra kiosk-server[2006197]: {"time":"2026-07-17T07:14:13.865546292Z","level":"INFO","msg":"request","method":"POST","path":"/webhooks/razorpay","status":200,"bytes":21,"duration_ms":1806,"request_id":"vithsutra/yJhBRTSzdo-004791","remote_addr":"52.66.75.174"}
Jul 17 07:14:21 vithsutra kiosk-server[2006197]: {"time":"2026-07-17T07:14:21.044514978Z","level":"INFO","msg":"expire session after printing started","session_id":"0fb5ac2a-09c7-4c2f-b324-ac77ca1c7f7e"}
Jul 17 07:14:21 vithsutra kiosk-server[2006197]: {"time":"2026-07-17T07:14:21.099351628Z","level":"WARN","msg":"this session has already been completed","code":"session_already_completed"}
Jul 17 07:14:21 vithsutra kiosk-server[2006197]: {"time":"2026-07-17T07:14:21.099451358Z","level":"INFO","msg":"request","method":"POST","path":"/print/jobs/expire","status":400,"bytes":99,"duration_ms":55,"request_id":"vithsutra/yJhBRTSzdo-004792","remote_addr":"103.89.233.254"}
Jul 17 07:14:23 vithsutra kiosk-server[2006197]: {"time":"2026-07-17T07:14:23.454212877Z","level":"INFO","msg":"request","method":"OPTIONS","path":"/payments/status/0491be4a-7884-43a1-866b-dc77460c998b","status":204,"bytes":0,"duration_ms":0,"request_id":"vithsutra/yJhBRTSzdo-004793","remote_addr":"2409:40f2:314b:e960:35f6:6825:d7f7:47df"}
Jul 17 07:14:23 vithsutra kiosk-server[2006197]: {"time":"2026-07-17T07:14:23.855604486Z","level":"INFO","msg":"get job by session ID started","session_id":"0491be4a-7884-43a1-866b-dc77460c998b"}
Jul 17 07:14:23 vithsutra kiosk-server[2006197]: {"time":"2026-07-17T07:14:23.910663787Z","level":"INFO","msg":"Token Debugging","Token:":"260432"}
Jul 17 07:14:23 vithsutra kiosk-server[2006197]: {"time":"2026-07-17T07:14:23.967568736Z","level":"INFO","msg":"get job by session ID completed","session_id":"0491be4a-7884-43a1-866b-dc77460c998b","file_count":5}
Jul 17 07:14:23 vithsutra kiosk-server[2006197]: {"time":"2026-07-17T07:14:23.967787135Z","level":"INFO","msg":"request","method":"GET","path":"/payments/status/0491be4a-7884-43a1-866b-dc77460c998b","status":200,"bytes":2281,"duration_ms":112,"request_id":"vithsutra/yJhBRTSzdo-004794","remote_addr":"2409:40f2:314b:e960:35f6:6825:d7f7:47df"}
Jul 17 07:14:34 vithsutra kiosk-server[2006197]: {"time":"2026-07-17T07:14:34.139658778Z","level":"INFO","msg":"expire session after printing started","session_id":"0fb5ac2a-09c7-4c2f-b324-ac77ca1c7f7e"}
Jul 17 07:14:34 vithsutra kiosk-server[2006197]: {"time":"2026-07-17T07:14:34.19430141Z","level":"WARN","msg":"this session has already been completed","code":"session_already_completed"}
Jul 17 07:14:34 vithsutra kiosk-server[2006197]: {"time":"2026-07-17T07:14:34.194406872Z","level":"INFO","msg":"request","method":"POST","path":"/print/jobs/expire","status":400,"bytes":99,"duration_ms":54,"request_id":"vithsutra/yJhBRTSzdo-004795","remote_addr":"103.89.233.254"}
Jul 17 07:14:47 vithsutra kiosk-server[2006197]: {"time":"2026-07-17T07:14:47.275666128Z","level":"INFO","msg":"expire session after printing started","session_id":"0fb5ac2a-09c7-4c2f-b324-ac77ca1c7f7e"}
Jul 17 07:14:47 vithsutra kiosk-server[2006197]: {"time":"2026-07-17T07:14:47.330403345Z","level":"WARN","msg":"this session has already been completed","code":"session_already_completed"}
Jul 17 07:14:47 vithsutra kiosk-server[2006197]: {"time":"2026-07-17T07:14:47.330453394Z","level":"INFO","msg":"request","method":"POST","path":"/print/jobs/expire","status":400,"bytes":99,"duration_ms":54,"request_id":"vithsutra/yJhBRTSzdo-004796","remote_addr":"103.89.233.254"}
Jul 17 07:15:00 vithsutra kiosk-server[2006197]: {"time":"2026-07-17T07:15:00.279238703Z","level":"INFO","msg":"expire session after printing started","session_id":"0fb5ac2a-09c7-4c2f-b324-ac77ca1c7f7e"}
Jul 17 07:15:00 vithsutra kiosk-server[2006197]: {"time":"2026-07-17T07:15:00.333553754Z","level":"WARN","msg":"this session has already been completed","code":"session_already_completed"}
Jul 17 07:15:00 vithsutra kiosk-server[2006197]: {"time":"2026-07-17T07:15:00.333603736Z","level":"INFO","msg":"request","method":"POST","path":"/print/jobs/expire","status":400,"bytes":99,"duration_ms":54,"request_id":"vithsutra/yJhBRTSzdo-004797","remote_addr":"103.89.233.254"}
Jul 17 07:15:20 vithsutra kiosk-server[2006197]: {"time":"2026-07-17T07:15:20.034812633Z","level":"INFO","msg":"get job by token started","token":260432}
Jul 17 07:15:20 vithsutra kiosk-server[2006197]: DEBUG PRESIGN GET URL: https://aiet-printflow-upload-prod.s3.ap-south-1.amazonaws.com/uploads/final/ebbe6137-3966-4fb9-92bd-79ac60c0a6d3/0491be4a-7884-43a1-866b-dc77460c998b/5707346c-b18e-46af-8565-fc06709dd493.pdf?X-Amz-Algorithm=AWS4-HMAC-SHA256&X-Amz-Checksum-Mode=ENABLED&X-Amz-Credential=AKIAURY6ZINDKCABHGV3%2F20260717%2Fap-south-1%2Fs3%2Faws4_request&X-Amz-Date=20260717T071520Z&X-Amz-Expires=900&X-Amz-SignedHeaders=host&x-id=GetObject&X-Amz-Signature=a7ac57e12cdce72e64071af52434bd2e13a9b0062c4e0e7ffc94fdf82eec5607
Jul 17 07:15:20 vithsutra kiosk-server[2006197]: {"time":"2026-07-17T07:15:20.200952485Z","level":"INFO","msg":"final_Key_Bebugging","final_key:":"uploads/final/ebbe6137-3966-4fb9-92bd-79ac60c0a6d3/0491be4a-7884-43a1-866b-dc77460c998b/5707346c-b18e-46af-8565-fc06709dd493.pdf"}
Jul 17 07:15:20 vithsutra kiosk-server[2006197]: DEBUG PRESIGN GET URL: https://aiet-printflow-upload-prod.s3.ap-south-1.amazonaws.com/uploads/final/ebbe6137-3966-4fb9-92bd-79ac60c0a6d3/0491be4a-7884-43a1-866b-dc77460c998b/06b50a60-a44b-4b02-8a3a-adef87f93acd.pdf?X-Amz-Algorithm=AWS4-HMAC-SHA256&X-Amz-Checksum-Mode=ENABLED&X-Amz-Credential=AKIAURY6ZINDKCABHGV3%2F20260717%2Fap-south-1%2Fs3%2Faws4_request&X-Amz-Date=20260717T071520Z&X-Amz-Expires=900&X-Amz-SignedHeaders=host&x-id=GetObject&X-Amz-Signature=aeb00266b60bb95237d4548abbe4ba19e3328d083da89b9062f82dfd1e3a52bf
Jul 17 07:15:20 vithsutra kiosk-server[2006197]: {"time":"2026-07-17T07:15:20.201136032Z","level":"INFO","msg":"final_Key_Bebugging","final_key:":"uploads/final/ebbe6137-3966-4fb9-92bd-79ac60c0a6d3/0491be4a-7884-43a1-866b-dc77460c998b/06b50a60-a44b-4b02-8a3a-adef87f93acd.pdf"}
Jul 17 07:15:20 vithsutra kiosk-server[2006197]: DEBUG PRESIGN GET URL: https://aiet-printflow-upload-prod.s3.ap-south-1.amazonaws.com/uploads/final/ebbe6137-3966-4fb9-92bd-79ac60c0a6d3/0491be4a-7884-43a1-866b-dc77460c998b/f3789dc5-9517-4a31-8328-4d56dcea9d7c.pdf?X-Amz-Algorithm=AWS4-HMAC-SHA256&X-Amz-Checksum-Mode=ENABLED&X-Amz-Credential=AKIAURY6ZINDKCABHGV3%2F20260717%2Fap-south-1%2Fs3%2Faws4_request&X-Amz-Date=20260717T071520Z&X-Amz-Expires=900&X-Amz-SignedHeaders=host&x-id=GetObject&X-Amz-Signature=b843565f20042e4c064a024b758429ae4f57e4393bdddb733cc53f1cbeae794a
Jul 17 07:15:20 vithsutra kiosk-server[2006197]: {"time":"2026-07-17T07:15:20.201298044Z","level":"INFO","msg":"final_Key_Bebugging","final_key:":"uploads/final/ebbe6137-3966-4fb9-92bd-79ac60c0a6d3/0491be4a-7884-43a1-866b-dc77460c998b/f3789dc5-9517-4a31-8328-4d56dcea9d7c.pdf"}
Jul 17 07:15:20 vithsutra kiosk-server[2006197]: DEBUG PRESIGN GET URL: https://aiet-printflow-upload-prod.s3.ap-south-1.amazonaws.com/uploads/final/ebbe6137-3966-4fb9-92bd-79ac60c0a6d3/0491be4a-7884-43a1-866b-dc77460c998b/2c27300d-a52d-459b-abe8-b5eb21d94b83.pdf?X-Amz-Algorithm=AWS4-HMAC-SHA256&X-Amz-Checksum-Mode=ENABLED&X-Amz-Credential=AKIAURY6ZINDKCABHGV3%2F20260717%2Fap-south-1%2Fs3%2Faws4_request&X-Amz-Date=20260717T071520Z&X-Amz-Expires=900&X-Amz-SignedHeaders=host&x-id=GetObject&X-Amz-Signature=f59920c67c226cf25f72772c18b952ee0e40586977340725f9dad9ae6f4eaa3b
Jul 17 07:15:20 vithsutra kiosk-server[2006197]: {"time":"2026-07-17T07:15:20.2014281Z","level":"INFO","msg":"final_Key_Bebugging","final_key:":"uploads/final/ebbe6137-3966-4fb9-92bd-79ac60c0a6d3/0491be4a-7884-43a1-866b-dc77460c998b/2c27300d-a52d-459b-abe8-b5eb21d94b83.pdf"}
Jul 17 07:15:20 vithsutra kiosk-server[2006197]: DEBUG PRESIGN GET URL: https://aiet-printflow-upload-prod.s3.ap-south-1.amazonaws.com/uploads/final/ebbe6137-3966-4fb9-92bd-79ac60c0a6d3/0491be4a-7884-43a1-866b-dc77460c998b/5668b05d-6c9f-498b-bf35-39118a985353.pdf?X-Amz-Algorithm=AWS4-HMAC-SHA256&X-Amz-Checksum-Mode=ENABLED&X-Amz-Credential=AKIAURY6ZINDKCABHGV3%2F20260717%2Fap-south-1%2Fs3%2Faws4_request&X-Amz-Date=20260717T071520Z&X-Amz-Expires=900&X-Amz-SignedHeaders=host&x-id=GetObject&X-Amz-Signature=12c99cccf2b181de6125b0d54dca8edf0b461b102793a06ff661a16d52a74acf
Jul 17 07:15:20 vithsutra kiosk-server[2006197]: {"time":"2026-07-17T07:15:20.201547254Z","level":"INFO","msg":"final_Key_Bebugging","final_key:":"uploads/final/ebbe6137-3966-4fb9-92bd-79ac60c0a6d3/0491be4a-7884-43a1-866b-dc77460c998b/5668b05d-6c9f-498b-bf35-39118a985353.pdf"}
Jul 17 07:15:20 vithsutra kiosk-server[2006197]: {"time":"2026-07-17T07:15:20.201559625Z","level":"INFO","msg":"get job by token completed","token":260432,"session_id":"0491be4a-7884-43a1-866b-dc77460c998b","file_count":5}
Jul 17 07:15:20 vithsutra kiosk-server[2006197]: {"time":"2026-07-17T07:15:20.201725487Z","level":"INFO","msg":"request","method":"POST","path":"/print/jobs/token","status":200,"bytes":3975,"duration_ms":166,"request_id":"vithsutra/yJhBRTSzdo-004798","remote_addr":"103.89.233.254"}
Jul 17 07:15:58 vithsutra kiosk-server[2006197]: {"time":"2026-07-17T07:15:58.848866735Z","level":"INFO","msg":"expire session after printing started","session_id":"0491be4a-7884-43a1-866b-dc77460c998b"}
Jul 17 07:15:58 vithsutra kiosk-server[2006197]: {"time":"2026-07-17T07:15:58.959819728Z","level":"INFO","msg":"session marked completed","session_id":"0491be4a-7884-43a1-866b-dc77460c998b"}
Jul 17 07:15:59 vithsutra kiosk-server[2006197]: {"time":"2026-07-17T07:15:59.015724417Z","level":"WARN","msg":"no completed file found for session 0491be4a-7884-43a1-866b-dc77460c998b","code":"no_completed_file"}
Jul 17 07:15:59 vithsutra kiosk-server[2006197]: {"time":"2026-07-17T07:15:59.01587689Z","level":"INFO","msg":"request","method":"POST","path":"/print/jobs/expire","status":404,"bytes":124,"duration_ms":167,"request_id":"vithsutra/yJhBRTSzdo-004799","remote_addr":"103.89.233.254"}
Jul 17 07:16:12 vithsutra kiosk-server[2006197]: {"time":"2026-07-17T07:16:12.101705982Z","level":"INFO","msg":"expire session after printing started","session_id":"0491be4a-7884-43a1-866b-dc77460c998b"}
Jul 17 07:16:12 vithsutra kiosk-server[2006197]: {"time":"2026-07-17T07:16:12.15617553Z","level":"WARN","msg":"this session has already been completed","code":"session_already_completed"}
Jul 17 07:16:12 vithsutra kiosk-server[2006197]: {"time":"2026-07-17T07:16:12.156238627Z","level":"INFO","msg":"request","method":"POST","path":"/print/jobs/expire","status":400,"bytes":99,"duration_ms":54,"request_id":"vithsutra/yJhBRTSzdo-004800","remote_addr":"103.89.233.254"}
Jul 17 07:16:25 vithsutra kiosk-server[2006197]: {"time":"2026-07-17T07:16:25.303796606Z","level":"INFO","msg":"expire session after printing started","session_id":"0491be4a-7884-43a1-866b-dc77460c998b"}
Jul 17 07:16:25 vithsutra kiosk-server[2006197]: {"time":"2026-07-17T07:16:25.358317075Z","level":"WARN","msg":"this session has already been completed","code":"session_already_completed"}
Jul 17 07:16:25 vithsutra kiosk-server[2006197]: {"time":"2026-07-17T07:16:25.358396046Z","level":"INFO","msg":"request","method":"POST","path":"/print/jobs/expire","status":400,"bytes":99,"duration_ms":54,"request_id":"vithsutra/yJhBRTSzdo-004801","remote_addr":"103.89.233.254"}
Jul 17 07:16:38 vithsutra kiosk-server[2006197]: {"time":"2026-07-17T07:16:38.462547922Z","level":"INFO","msg":"expire session after printing started","session_id":"0491be4a-7884-43a1-866b-dc77460c998b"}
Jul 17 07:16:38 vithsutra kiosk-server[2006197]: {"time":"2026-07-17T07:16:38.517526381Z","level":"WARN","msg":"this session has already been completed","code":"session_already_completed"}
Jul 17 07:16:38 vithsutra kiosk-server[2006197]: {"time":"2026-07-17T07:16:38.517628271Z","level":"INFO","msg":"request","method":"POST","path":"/print/jobs/expire","status":400,"bytes":99,"duration_ms":55,"request_id":"vithsutra/yJhBRTSzdo-004802","remote_addr":"103.89.233.254"}
Jul 17 07:16:51 vithsutra kiosk-server[2006197]: {"time":"2026-07-17T07:16:51.584333018Z","level":"INFO","msg":"expire session after printing started","session_id":"0491be4a-7884-43a1-866b-dc77460c998b"}
Jul 17 07:16:51 vithsutra kiosk-server[2006197]: {"time":"2026-07-17T07:16:51.639041579Z","level":"WARN","msg":"this session has already been completed","code":"session_already_completed"}
Jul 17 07:16:51 vithsutra kiosk-server[2006197]: {"time":"2026-07-17T07:16:51.639194794Z","level":"INFO","msg":"request","method":"POST","path":"/print/jobs/expire","status":400,"bytes":99,"duration_ms":54,"request_id":"vithsutra/yJhBRTSzdo-004803","remote_addr":"103.89.233.254"}
Jul 17 07:19:18 vithsutra kiosk-server[2006197]: {"time":"2026-07-17T07:19:18.198423875Z","level":"INFO","msg":"request","method":"OPTIONS","path":"/files/jobs/recent","status":204,"bytes":0,"duration_ms":0,"request_id":"vithsutra/yJhBRTSzdo-004804","remote_addr":"2401:4900:91e9:718d:3ce2:42ff:fe3a:cbda"}
Jul 17 07:19:18 vithsutra kiosk-server[2006197]: {"time":"2026-07-17T07:19:18.398152073Z","level":"INFO","msg":"get recent print jobs started","user_id":"9416aec8-143a-4076-8e71-e3281da03d5c"}
Jul 17 07:19:20 vithsutra kiosk-server[2006197]: {"time":"2026-07-17T07:19:20.680063276Z","level":"INFO","msg":"get recent print jobs completed","user_id":"9416aec8-143a-4076-8e71-e3281da03d5c","job_count":2}
Jul 17 07:19:20 vithsutra kiosk-server[2006197]: {"time":"2026-07-17T07:19:20.680218221Z","level":"INFO","msg":"request","method":"GET","path":"/files/jobs/recent","status":200,"bytes":1468,"duration_ms":2282,"request_id":"vithsutra/yJhBRTSzdo-004805","remote_addr":"2401:4900:91e9:718d:3ce2:42ff:fe3a:cbda"}
Jul 17 07:19:39 vithsutra kiosk-server[2006197]: {"time":"2026-07-17T07:19:39.247337999Z","level":"INFO","msg":"request","method":"OPTIONS","path":"/files/jobs/active","status":204,"bytes":0,"duration_ms":0,"request_id":"vithsutra/yJhBRTSzdo-004806","remote_addr":"2401:4900:91e9:718d:3ce2:42ff:fe3a:cbda"}
Jul 17 07:19:39 vithsutra kiosk-server[2006197]: {"time":"2026-07-17T07:19:39.415756819Z","level":"INFO","msg":"get recent print jobs started","user_id":"9416aec8-143a-4076-8e71-e3281da03d5c"}
Jul 17 07:19:39 vithsutra kiosk-server[2006197]: {"time":"2026-07-17T07:19:39.624374241Z","level":"INFO","msg":"get recent print jobs completed","user_id":"9416aec8-143a-4076-8e71-e3281da03d5c","job_count":1}
Jul 17 07:19:39 vithsutra kiosk-server[2006197]: {"time":"2026-07-17T07:19:39.624537273Z","level":"INFO","msg":"request","method":"GET","path":"/files/jobs/active","status":200,"bytes":1207,"duration_ms":208,"request_id":"vithsutra/yJhBRTSzdo-004807","remote_addr":"2401:4900:91e9:718d:3ce2:42ff:fe3a:cbda"}
Jul 17 07:22:11 vithsutra kiosk-server[2006197]: {"time":"2026-07-17T07:22:11.252028557Z","level":"INFO","msg":"get job by token started","token":648401}
Jul 17 07:22:12 vithsutra kiosk-server[2006197]: DEBUG PRESIGN GET URL: https://aiet-printflow-upload-prod.s3.ap-south-1.amazonaws.com/uploads/final/9416aec8-143a-4076-8e71-e3281da03d5c/1d8ea744-9a38-411b-b414-38d84f1f0286/cef7d186-fd02-4148-9844-2e76a7981ffe.pdf?X-Amz-Algorithm=AWS4-HMAC-SHA256&X-Amz-Checksum-Mode=ENABLED&X-Amz-Credential=AKIAURY6ZINDKCABHGV3%2F20260717%2Fap-south-1%2Fs3%2Faws4_request&X-Amz-Date=20260717T072212Z&X-Amz-Expires=900&X-Amz-SignedHeaders=host&x-id=GetObject&X-Amz-Signature=bf7fe9d162fa1a65882072ceb540911f16ddd94142f4babbc79be090af5d254a
Jul 17 07:22:12 vithsutra kiosk-server[2006197]: {"time":"2026-07-17T07:22:12.457757217Z","level":"INFO","msg":"final_Key_Bebugging","final_key:":"uploads/final/9416aec8-143a-4076-8e71-e3281da03d5c/1d8ea744-9a38-411b-b414-38d84f1f0286/cef7d186-fd02-4148-9844-2e76a7981ffe.pdf"}
Jul 17 07:22:12 vithsutra kiosk-server[2006197]: DEBUG PRESIGN GET URL: https://aiet-printflow-upload-prod.s3.ap-south-1.amazonaws.com/uploads/final/9416aec8-143a-4076-8e71-e3281da03d5c/1d8ea744-9a38-411b-b414-38d84f1f0286/70ad1944-4853-4bd7-9f00-b67e2000a1c7.pdf?X-Amz-Algorithm=AWS4-HMAC-SHA256&X-Amz-Checksum-Mode=ENABLED&X-Amz-Credential=AKIAURY6ZINDKCABHGV3%2F20260717%2Fap-south-1%2Fs3%2Faws4_request&X-Amz-Date=20260717T072212Z&X-Amz-Expires=900&X-Amz-SignedHeaders=host&x-id=GetObject&X-Amz-Signature=b46b87ae35f9090c3e0531703f1036e79bd88d24825c379600669fcc6b41840e
Jul 17 07:22:12 vithsutra kiosk-server[2006197]: {"time":"2026-07-17T07:22:12.458084742Z","level":"INFO","msg":"final_Key_Bebugging","final_key:":"uploads/final/9416aec8-143a-4076-8e71-e3281da03d5c/1d8ea744-9a38-411b-b414-38d84f1f0286/70ad1944-4853-4bd7-9f00-b67e2000a1c7.pdf"}
Jul 17 07:22:12 vithsutra kiosk-server[2006197]: {"time":"2026-07-17T07:22:12.458101845Z","level":"INFO","msg":"get job by token completed","token":648401,"session_id":"1d8ea744-9a38-411b-b414-38d84f1f0286","file_count":2}
Jul 17 07:22:12 vithsutra kiosk-server[2006197]: {"time":"2026-07-17T07:22:12.458193114Z","level":"INFO","msg":"request","method":"POST","path":"/print/jobs/token","status":200,"bytes":1728,"duration_ms":1206,"request_id":"vithsutra/yJhBRTSzdo-004808","remote_addr":"103.89.233.254"}
Jul 17 07:22:45 vithsutra kiosk-server[2006197]: {"time":"2026-07-17T07:22:45.576442779Z","level":"INFO","msg":"expire session after printing started","session_id":"1d8ea744-9a38-411b-b414-38d84f1f0286"}
Jul 17 07:22:45 vithsutra kiosk-server[2006197]: {"time":"2026-07-17T07:22:45.791266008Z","level":"INFO","msg":"session marked completed","session_id":"1d8ea744-9a38-411b-b414-38d84f1f0286"}
Jul 17 07:22:45 vithsutra kiosk-server[2006197]: {"time":"2026-07-17T07:22:45.896624881Z","level":"WARN","msg":"no completed file found for session 1d8ea744-9a38-411b-b414-38d84f1f0286","code":"no_completed_file"}
Jul 17 07:22:45 vithsutra kiosk-server[2006197]: {"time":"2026-07-17T07:22:45.896761541Z","level":"INFO","msg":"request","method":"POST","path":"/print/jobs/expire","status":404,"bytes":124,"duration_ms":320,"request_id":"vithsutra/yJhBRTSzdo-004809","remote_addr":"103.89.233.254"}
Jul 17 07:22:50 vithsutra kiosk-server[2006197]: {"time":"2026-07-17T07:22:50.467501249Z","level":"INFO","msg":"expire session after printing started","session_id":"1d8ea744-9a38-411b-b414-38d84f1f0286"}
Jul 17 07:22:50 vithsutra kiosk-server[2006197]: {"time":"2026-07-17T07:22:50.521534562Z","level":"WARN","msg":"this session has already been completed","code":"session_already_completed"}
Jul 17 07:22:50 vithsutra kiosk-server[2006197]: {"time":"2026-07-17T07:22:50.521645851Z","level":"INFO","msg":"request","method":"POST","path":"/print/jobs/expire","status":400,"bytes":99,"duration_ms":54,"request_id":"vithsutra/yJhBRTSzdo-004810","remote_addr":"103.89.233.254"}
Jul 17 07:29:50 vithsutra kiosk-server[2006197]: {"time":"2026-07-17T07:29:50.311055401Z","level":"INFO","msg":"request","method":"OPTIONS","path":"/auth/google","status":204,"bytes":0,"duration_ms":0,"request_id":"vithsutra/yJhBRTSzdo-004811","remote_addr":"2401:4900:c93e:33bd:f4da:578c:12b3:cc2b"}
Jul 17 07:29:50 vithsutra kiosk-server[2006197]: {"time":"2026-07-17T07:29:50.80639994Z","level":"INFO","msg":"google auth started"}
Jul 17 07:29:50 vithsutra kiosk-server[2006197]: {"time":"2026-07-17T07:29:50.806562589Z","level":"INFO","msg":"google token verified","google_id":"111074087900361820814","email":"tusharshenoyanmaya@gmail.com"}
Jul 17 07:29:52 vithsutra kiosk-server[2006197]: {"time":"2026-07-17T07:29:52.008781624Z","level":"INFO","msg":"new user — creating account","google_id":"111074087900361820814","email":"tusharshenoyanmaya@gmail.com"}
Jul 17 07:29:52 vithsutra kiosk-server[2006197]: {"time":"2026-07-17T07:29:52.143807369Z","level":"INFO","msg":"new user created","user_id":"673428de-c2e9-4871-a0bf-30b7008d4da8","email":"tusharshenoyanmaya@gmail.com"}
Jul 17 07:29:52 vithsutra kiosk-server[2006197]: {"time":"2026-07-17T07:29:52.144008691Z","level":"INFO","msg":"google auth completed","user_id":"673428de-c2e9-4871-a0bf-30b7008d4da8","email":"tusharshenoyanmaya@gmail.com"}
Jul 17 07:29:52 vithsutra kiosk-server[2006197]: {"time":"2026-07-17T07:29:52.144107026Z","level":"INFO","msg":"request","method":"POST","path":"/auth/google","status":200,"bytes":462,"duration_ms":1337,"request_id":"vithsutra/yJhBRTSzdo-004812","remote_addr":"2401:4900:c93e:33bd:f4da:578c:12b3:cc2b"}
Jul 17 07:38:43 vithsutra kiosk-server[2006197]: {"time":"2026-07-17T07:38:43.306464957Z","level":"INFO","msg":"request","method":"OPTIONS","path":"/auth/google","status":204,"bytes":0,"duration_ms":0,"request_id":"vithsutra/yJhBRTSzdo-004813","remote_addr":"2401:4900:91d6:ca65:2629:3879:3626:be91"}
Jul 17 07:38:43 vithsutra kiosk-server[2006197]: {"time":"2026-07-17T07:38:43.508305505Z","level":"INFO","msg":"google auth started"}
Jul 17 07:38:43 vithsutra kiosk-server[2006197]: {"time":"2026-07-17T07:38:43.50865384Z","level":"INFO","msg":"google token verified","google_id":"111827490508245756968","email":"nikhilh311403@gmail.com"}
Jul 17 07:38:44 vithsutra kiosk-server[2006197]: {"time":"2026-07-17T07:38:44.608335259Z","level":"INFO","msg":"returning user authenticated","user_id":"ef4bdf36-5b13-44b1-937f-7366e5eea3cd","email":"nikhilh311403@gmail.com"}
Jul 17 07:38:44 vithsutra kiosk-server[2006197]: {"time":"2026-07-17T07:38:44.608477891Z","level":"INFO","msg":"google auth completed","user_id":"ef4bdf36-5b13-44b1-937f-7366e5eea3cd","email":"nikhilh311403@gmail.com"}
Jul 17 07:38:44 vithsutra kiosk-server[2006197]: {"time":"2026-07-17T07:38:44.608556473Z","level":"INFO","msg":"request","method":"POST","path":"/auth/google","status":200,"bytes":450,"duration_ms":1100,"request_id":"vithsutra/yJhBRTSzdo-004814","remote_addr":"2401:4900:91d6:ca65:2629:3879:3626:be91"}
Jul 17 07:40:06 vithsutra kiosk-server[2006197]: {"time":"2026-07-17T07:40:06.78199184Z","level":"INFO","msg":"request","method":"OPTIONS","path":"/auth/google","status":204,"bytes":0,"duration_ms":0,"request_id":"vithsutra/yJhBRTSzdo-004815","remote_addr":"2409:408c:be36:caaa:4493:e26f:1a6e:9b20"}
Jul 17 07:40:07 vithsutra kiosk-server[2006197]: {"time":"2026-07-17T07:40:07.451104471Z","level":"INFO","msg":"google auth started"}
Jul 17 07:40:07 vithsutra kiosk-server[2006197]: {"time":"2026-07-17T07:40:07.451454397Z","level":"INFO","msg":"google token verified","google_id":"107828062947730555081","email":"timepassd040@gmail.com"}
Jul 17 07:40:07 vithsutra kiosk-server[2006197]: {"time":"2026-07-17T07:40:07.519901911Z","level":"INFO","msg":"new user — creating account","google_id":"107828062947730555081","email":"timepassd040@gmail.com"}
Jul 17 07:40:07 vithsutra kiosk-server[2006197]: {"time":"2026-07-17T07:40:07.660042308Z","level":"INFO","msg":"new user created","user_id":"a3155e70-64bd-4641-96d0-9b79e17fce03","email":"timepassd040@gmail.com"}
Jul 17 07:40:07 vithsutra kiosk-server[2006197]: {"time":"2026-07-17T07:40:07.660096207Z","level":"INFO","msg":"google auth completed","user_id":"a3155e70-64bd-4641-96d0-9b79e17fce03","email":"timepassd040@gmail.com"}
Jul 17 07:40:07 vithsutra kiosk-server[2006197]: {"time":"2026-07-17T07:40:07.660128697Z","level":"INFO","msg":"request","method":"POST","path":"/auth/google","status":200,"bytes":439,"duration_ms":209,"request_id":"vithsutra/yJhBRTSzdo-004816","remote_addr":"2409:408c:be36:caaa:4493:e26f:1a6e:9b20"}
Jul 17 07:40:37 vithsutra kiosk-server[2006197]: {"time":"2026-07-17T07:40:37.690069247Z","level":"INFO","msg":"request","method":"OPTIONS","path":"/files/upload/init","status":204,"bytes":0,"duration_ms":0,"request_id":"vithsutra/yJhBRTSzdo-004817","remote_addr":"2409:40f2:3054:3e46:8000::"}
Jul 17 07:40:38 vithsutra kiosk-server[2006197]: {"time":"2026-07-17T07:40:38.486261605Z","level":"INFO","msg":"USERID","userId:":"23c7d373-82eb-421f-b479-a272a36cee77"}
Jul 17 07:40:38 vithsutra kiosk-server[2006197]: {"time":"2026-07-17T07:40:38.486317814Z","level":"INFO","msg":"USEREMAIL","userEmail:":"psujan887@gmail.com"}
Jul 17 07:40:38 vithsutra kiosk-server[2006197]: {"time":"2026-07-17T07:40:38.486335907Z","level":"INFO","msg":"init upload started","user_id":"23c7d373-82eb-421f-b479-a272a36cee77","file_count":1,"request_payload":{"files":[{"file_name":"CS1.pdf","content_type":"application/pdf"}]}}
Jul 17 07:40:38 vithsutra kiosk-server[2006197]: {"time":"2026-07-17T07:40:38.651575238Z","level":"INFO","msg":"upload session created","session_id":"0b080b20-a3a4-422b-83f6-154b0a44f6e7","user_id":"23c7d373-82eb-421f-b479-a272a36cee77","expires_at":"2026-07-24T07:40:38.540768096Z"}
Jul 17 07:40:38 vithsutra kiosk-server[2006197]: {"time":"2026-07-17T07:40:38.8304885Z","level":"INFO","msg":"init upload completed","session_id":"0b080b20-a3a4-422b-83f6-154b0a44f6e7","user_id":"23c7d373-82eb-421f-b479-a272a36cee77","file_count":1}
Jul 17 07:40:38 vithsutra kiosk-server[2006197]: {"time":"2026-07-17T07:40:38.830644202Z","level":"INFO","msg":"request","method":"POST","path":"/files/upload/init","status":201,"bytes":966,"duration_ms":344,"request_id":"vithsutra/yJhBRTSzdo-004818","remote_addr":"2409:40f2:3054:3e46:8000::"}
Jul 17 07:40:40 vithsutra kiosk-server[2006197]: {"time":"2026-07-17T07:40:40.873976236Z","level":"INFO","msg":"request","method":"OPTIONS","path":"/files/upload/confirm","status":204,"bytes":0,"duration_ms":0,"request_id":"vithsutra/yJhBRTSzdo-004819","remote_addr":"2409:40f2:3054:3e46:8000::"}
Jul 17 07:40:41 vithsutra kiosk-server[2006197]: {"time":"2026-07-17T07:40:41.271935856Z","level":"INFO","msg":"confirm upload started","session_id":"0b080b20-a3a4-422b-83f6-154b0a44f6e7","file_count":1}
Jul 17 07:40:41 vithsutra kiosk-server[2006197]: {"time":"2026-07-17T07:40:41.392505706Z","level":"INFO","msg":"session validated for confirm","session_id":"0b080b20-a3a4-422b-83f6-154b0a44f6e7","status":"created"}
Jul 17 07:40:41 vithsutra kiosk-server[2006197]: DEBUG HeadObject → bucket: aiet-printflow-upload-prod  key: uploads/staging/23c7d373-82eb-421f-b479-a272a36cee77/0b080b20-a3a4-422b-83f6-154b0a44f6e7/88361527-06d7-460d-a431-4c9dd17032a9.pdf
Jul 17 07:40:42 vithsutra kiosk-server[2006197]: {"time":"2026-07-17T07:40:42.367390121Z","level":"INFO","msg":"file price calculated","price":1,"sheets":1,"num_of_pages":1,"copies":1,"page_layout":1,"printing_mode":"monochromatic","printing_side":"single_side"}
Jul 17 07:40:42 vithsutra kiosk-server[2006197]: {"time":"2026-07-17T07:40:42.367445078Z","level":"INFO","msg":"Total done bebug","TotalAmount:":1,"TotalSheetes:":1}
Jul 17 07:40:42 vithsutra kiosk-server[2006197]: {"time":"2026-07-17T07:40:42.367463001Z","level":"INFO","msg":"Page Range bebugging","page_range:":["1"]}
Jul 17 07:40:42 vithsutra kiosk-server[2006197]: {"time":"2026-07-17T07:40:42.367481642Z","level":"INFO","msg":"file confirmed","session_id":"0b080b20-a3a4-422b-83f6-154b0a44f6e7","file_id":"88361527-06d7-460d-a431-4c9dd17032a9","file_name":"CS1.pdf","sheets":1,"price":1}
Jul 17 07:40:42 vithsutra kiosk-server[2006197]: DEBUG: PageRange in UpdateFileWithPrintOptions: [1]
Jul 17 07:40:42 vithsutra kiosk-server[2006197]: {"time":"2026-07-17T07:40:42.700701965Z","level":"INFO","msg":"confirm upload completed","session_id":"0b080b20-a3a4-422b-83f6-154b0a44f6e7","total_sheets":1,"total_amount":1}
Jul 17 07:40:42 vithsutra kiosk-server[2006197]: {"time":"2026-07-17T07:40:42.700774224Z","level":"INFO","msg":"request","method":"POST","path":"/files/upload/confirm","status":200,"bytes":341,"duration_ms":1429,"request_id":"vithsutra/yJhBRTSzdo-004820","remote_addr":"2409:40f2:3054:3e46:8000::"}
Jul 17 07:40:43 vithsutra kiosk-server[2006197]: {"time":"2026-07-17T07:40:43.207689584Z","level":"INFO","msg":"request","method":"OPTIONS","path":"/payments/create","status":204,"bytes":0,"duration_ms":0,"request_id":"vithsutra/yJhBRTSzdo-004821","remote_addr":"2409:40f2:3054:3e46:8000::"}
Jul 17 07:40:43 vithsutra kiosk-server[2006197]: {"time":"2026-07-17T07:40:43.68792202Z","level":"INFO","msg":"create payment order started","session_id":"0b080b20-a3a4-422b-83f6-154b0a44f6e7","amount_paise_frontend":100}
Jul 17 07:40:44 vithsutra kiosk-server[2006197]: {"time":"2026-07-17T07:40:44.248778216Z","level":"INFO","msg":"razorpay order created","session_id":"0b080b20-a3a4-422b-83f6-154b0a44f6e7","razorpay_order_id":"order_TEUUMKbpwV5lM8","amount_paise":100}
Jul 17 07:40:44 vithsutra kiosk-server[2006197]: {"time":"2026-07-17T07:40:44.361158493Z","level":"INFO","msg":"create payment order completed","session_id":"0b080b20-a3a4-422b-83f6-154b0a44f6e7","payment_id":"f3e50ee2-9d5f-4f1e-9be6-8530731b0877","razorpay_order_id":"order_TEUUMKbpwV5lM8"}
Jul 17 07:40:44 vithsutra kiosk-server[2006197]: {"time":"2026-07-17T07:40:44.361213737Z","level":"INFO","msg":"Amount:","Amount_paise":100}
Jul 17 07:40:44 vithsutra kiosk-server[2006197]: {"time":"2026-07-17T07:40:44.361313318Z","level":"INFO","msg":"request","method":"POST","path":"/payments/create","status":201,"bytes":232,"duration_ms":673,"request_id":"vithsutra/yJhBRTSzdo-004822","remote_addr":"2409:40f2:3054:3e46:8000::"}
Jul 17 07:40:50 vithsutra kiosk-server[2006197]: {"time":"2026-07-17T07:40:50.552644738Z","level":"INFO","msg":"request","method":"OPTIONS","path":"/files/upload/init","status":204,"bytes":0,"duration_ms":0,"request_id":"vithsutra/yJhBRTSzdo-004823","remote_addr":"2409:408c:be36:caaa:4493:e26f:1a6e:9b20"}
Jul 17 07:40:50 vithsutra kiosk-server[2006197]: {"time":"2026-07-17T07:40:50.865232266Z","level":"INFO","msg":"USERID","userId:":"a3155e70-64bd-4641-96d0-9b79e17fce03"}
Jul 17 07:40:50 vithsutra kiosk-server[2006197]: {"time":"2026-07-17T07:40:50.865271747Z","level":"INFO","msg":"USEREMAIL","userEmail:":"timepassd040@gmail.com"}
Jul 17 07:40:50 vithsutra kiosk-server[2006197]: {"time":"2026-07-17T07:40:50.865285392Z","level":"INFO","msg":"init upload started","user_id":"a3155e70-64bd-4641-96d0-9b79e17fce03","file_count":4,"request_payload":{"files":[{"file_name":"Coursera CS 2.pdf","content_type":"application/pdf"},{"file_name":"Coursera English 2.pdf","content_type":"application/pdf"},{"file_name":"Coursera CS 1.pdf","content_type":"application/pdf"},{"file_name":"Coursera English 1.pdf","content_type":"application/pdf"}]}}
Jul 17 07:40:50 vithsutra kiosk-server[2006197]: {"time":"2026-07-17T07:40:50.975039821Z","level":"INFO","msg":"upload session created","session_id":"7b50fd7f-2412-4058-80a8-ebf35658dedb","user_id":"a3155e70-64bd-4641-96d0-9b79e17fce03","expires_at":"2026-07-24T07:40:50.920005142Z"}
Jul 17 07:40:51 vithsutra kiosk-server[2006197]: {"time":"2026-07-17T07:40:51.252499195Z","level":"INFO","msg":"init upload completed","session_id":"7b50fd7f-2412-4058-80a8-ebf35658dedb","user_id":"a3155e70-64bd-4641-96d0-9b79e17fce03","file_count":4}
Jul 17 07:40:51 vithsutra kiosk-server[2006197]: {"time":"2026-07-17T07:40:51.252768963Z","level":"INFO","msg":"request","method":"POST","path":"/files/upload/init","status":201,"bytes":3401,"duration_ms":387,"request_id":"vithsutra/yJhBRTSzdo-004824","remote_addr":"2409:408c:be36:caaa:4493:e26f:1a6e:9b20"}
Jul 17 07:40:54 vithsutra kiosk-server[2006197]: {"time":"2026-07-17T07:40:54.627475901Z","level":"INFO","msg":"request","method":"OPTIONS","path":"/files/upload/confirm","status":204,"bytes":0,"duration_ms":0,"request_id":"vithsutra/yJhBRTSzdo-004825","remote_addr":"2409:408c:be36:caaa:4493:e26f:1a6e:9b20"}
Jul 17 07:40:54 vithsutra kiosk-server[2006197]: {"time":"2026-07-17T07:40:54.95917975Z","level":"INFO","msg":"confirm upload started","session_id":"7b50fd7f-2412-4058-80a8-ebf35658dedb","file_count":4}
Jul 17 07:40:55 vithsutra kiosk-server[2006197]: {"time":"2026-07-17T07:40:55.014077636Z","level":"INFO","msg":"session validated for confirm","session_id":"7b50fd7f-2412-4058-80a8-ebf35658dedb","status":"created"}
Jul 17 07:40:55 vithsutra kiosk-server[2006197]: DEBUG HeadObject → bucket: aiet-printflow-upload-prod  key: uploads/staging/a3155e70-64bd-4641-96d0-9b79e17fce03/7b50fd7f-2412-4058-80a8-ebf35658dedb/c25f79e0-098f-4193-b1f2-335b7ca24ea7.pdf
Jul 17 07:40:55 vithsutra kiosk-server[2006197]: {"time":"2026-07-17T07:40:55.500222714Z","level":"INFO","msg":"file price calculated","price":1,"sheets":1,"num_of_pages":1,"copies":1,"page_layout":1,"printing_mode":"monochromatic","printing_side":"single_side"}
Jul 17 07:40:55 vithsutra kiosk-server[2006197]: {"time":"2026-07-17T07:40:55.500288488Z","level":"INFO","msg":"Total done bebug","TotalAmount:":1,"TotalSheetes:":1}
Jul 17 07:40:55 vithsutra kiosk-server[2006197]: {"time":"2026-07-17T07:40:55.500309832Z","level":"INFO","msg":"Page Range bebugging","page_range:":["1"]}
Jul 17 07:40:55 vithsutra kiosk-server[2006197]: {"time":"2026-07-17T07:40:55.500331771Z","level":"INFO","msg":"file confirmed","session_id":"7b50fd7f-2412-4058-80a8-ebf35658dedb","file_id":"c25f79e0-098f-4193-b1f2-335b7ca24ea7","file_name":"Coursera CS 2.pdf","sheets":1,"price":1}
Jul 17 07:40:55 vithsutra kiosk-server[2006197]: DEBUG HeadObject → bucket: aiet-printflow-upload-prod  key: uploads/staging/a3155e70-64bd-4641-96d0-9b79e17fce03/7b50fd7f-2412-4058-80a8-ebf35658dedb/89cbba61-9065-45ae-8233-e755a8ea6453.pdf
Jul 17 07:40:55 vithsutra kiosk-server[2006197]: {"time":"2026-07-17T07:40:55.617644628Z","level":"INFO","msg":"file price calculated","price":1,"sheets":1,"num_of_pages":1,"copies":1,"page_layout":1,"printing_mode":"monochromatic","printing_side":"single_side"}
Jul 17 07:40:55 vithsutra kiosk-server[2006197]: {"time":"2026-07-17T07:40:55.617763461Z","level":"INFO","msg":"Total done bebug","TotalAmount:":2,"TotalSheetes:":2}
Jul 17 07:40:55 vithsutra kiosk-server[2006197]: {"time":"2026-07-17T07:40:55.617777632Z","level":"INFO","msg":"Page Range bebugging","page_range:":["1"]}
Jul 17 07:40:55 vithsutra kiosk-server[2006197]: {"time":"2026-07-17T07:40:55.617790055Z","level":"INFO","msg":"file confirmed","session_id":"7b50fd7f-2412-4058-80a8-ebf35658dedb","file_id":"89cbba61-9065-45ae-8233-e755a8ea6453","file_name":"Coursera English 2.pdf","sheets":1,"price":1}
Jul 17 07:40:55 vithsutra kiosk-server[2006197]: DEBUG HeadObject → bucket: aiet-printflow-upload-prod  key: uploads/staging/a3155e70-64bd-4641-96d0-9b79e17fce03/7b50fd7f-2412-4058-80a8-ebf35658dedb/73965983-28d3-45e5-ba13-b22443e3eb67.pdf
Jul 17 07:40:55 vithsutra kiosk-server[2006197]: {"time":"2026-07-17T07:40:55.733069173Z","level":"INFO","msg":"file price calculated","price":1,"sheets":1,"num_of_pages":1,"copies":1,"page_layout":1,"printing_mode":"monochromatic","printing_side":"single_side"}
Jul 17 07:40:55 vithsutra kiosk-server[2006197]: {"time":"2026-07-17T07:40:55.733117427Z","level":"INFO","msg":"Total done bebug","TotalAmount:":3,"TotalSheetes:":3}
Jul 17 07:40:55 vithsutra kiosk-server[2006197]: {"time":"2026-07-17T07:40:55.733133964Z","level":"INFO","msg":"Page Range bebugging","page_range:":["1"]}
Jul 17 07:40:55 vithsutra kiosk-server[2006197]: {"time":"2026-07-17T07:40:55.733151215Z","level":"INFO","msg":"file confirmed","session_id":"7b50fd7f-2412-4058-80a8-ebf35658dedb","file_id":"73965983-28d3-45e5-ba13-b22443e3eb67","file_name":"Coursera CS 1.pdf","sheets":1,"price":1}
Jul 17 07:40:55 vithsutra kiosk-server[2006197]: DEBUG HeadObject → bucket: aiet-printflow-upload-prod  key: uploads/staging/a3155e70-64bd-4641-96d0-9b79e17fce03/7b50fd7f-2412-4058-80a8-ebf35658dedb/acb34319-6bbf-4d83-b340-1c8d7ce9d9d5.pdf
Jul 17 07:40:55 vithsutra kiosk-server[2006197]: {"time":"2026-07-17T07:40:55.853175108Z","level":"INFO","msg":"file price calculated","price":1,"sheets":1,"num_of_pages":1,"copies":1,"page_layout":1,"printing_mode":"monochromatic","printing_side":"single_side"}
Jul 17 07:40:55 vithsutra kiosk-server[2006197]: {"time":"2026-07-17T07:40:55.853237725Z","level":"INFO","msg":"Total done bebug","TotalAmount:":4,"TotalSheetes:":4}
Jul 17 07:40:55 vithsutra kiosk-server[2006197]: {"time":"2026-07-17T07:40:55.853260048Z","level":"INFO","msg":"Page Range bebugging","page_range:":["1"]}
Jul 17 07:40:55 vithsutra kiosk-server[2006197]: {"time":"2026-07-17T07:40:55.853282421Z","level":"INFO","msg":"file confirmed","session_id":"7b50fd7f-2412-4058-80a8-ebf35658dedb","file_id":"acb34319-6bbf-4d83-b340-1c8d7ce9d9d5","file_name":"Coursera English 1.pdf","sheets":1,"price":1}
Jul 17 07:40:55 vithsutra kiosk-server[2006197]: DEBUG: PageRange in UpdateFileWithPrintOptions: [1]
Jul 17 07:40:55 vithsutra kiosk-server[2006197]: DEBUG: PageRange in UpdateFileWithPrintOptions: [1]
Jul 17 07:40:56 vithsutra kiosk-server[2006197]: DEBUG: PageRange in UpdateFileWithPrintOptions: [1]
Jul 17 07:40:56 vithsutra kiosk-server[2006197]: DEBUG: PageRange in UpdateFileWithPrintOptions: [1]
Jul 17 07:40:56 vithsutra kiosk-server[2006197]: {"time":"2026-07-17T07:40:56.320755299Z","level":"INFO","msg":"confirm upload completed","session_id":"7b50fd7f-2412-4058-80a8-ebf35658dedb","total_sheets":4,"total_amount":4}
Jul 17 07:40:56 vithsutra kiosk-server[2006197]: {"time":"2026-07-17T07:40:56.320952622Z","level":"INFO","msg":"request","method":"POST","path":"/files/upload/confirm","status":200,"bytes":916,"duration_ms":1362,"request_id":"vithsutra/yJhBRTSzdo-004826","remote_addr":"2409:408c:be36:caaa:4493:e26f:1a6e:9b20"}
Jul 17 07:40:56 vithsutra kiosk-server[2006197]: {"time":"2026-07-17T07:40:56.59256557Z","level":"INFO","msg":"request","method":"OPTIONS","path":"/payments/create","status":204,"bytes":0,"duration_ms":0,"request_id":"vithsutra/yJhBRTSzdo-004827","remote_addr":"2409:408c:be36:caaa:4493:e26f:1a6e:9b20"}
Jul 17 07:40:56 vithsutra kiosk-server[2006197]: {"time":"2026-07-17T07:40:56.883269833Z","level":"INFO","msg":"create payment order started","session_id":"7b50fd7f-2412-4058-80a8-ebf35658dedb","amount_paise_frontend":400}
Jul 17 07:40:57 vithsutra kiosk-server[2006197]: {"time":"2026-07-17T07:40:57.061228628Z","level":"INFO","msg":"razorpay order created","session_id":"7b50fd7f-2412-4058-80a8-ebf35658dedb","razorpay_order_id":"order_TEUUaJJ1eCFHH9","amount_paise":400}
Jul 17 07:40:57 vithsutra kiosk-server[2006197]: {"time":"2026-07-17T07:40:57.116969226Z","level":"INFO","msg":"create payment order completed","session_id":"7b50fd7f-2412-4058-80a8-ebf35658dedb","payment_id":"8dfbf345-831b-4574-818e-b028a34080e0","razorpay_order_id":"order_TEUUaJJ1eCFHH9"}
Jul 17 07:40:57 vithsutra kiosk-server[2006197]: {"time":"2026-07-17T07:40:57.117017397Z","level":"INFO","msg":"Amount:","Amount_paise":400}
Jul 17 07:40:57 vithsutra kiosk-server[2006197]: {"time":"2026-07-17T07:40:57.117187927Z","level":"INFO","msg":"request","method":"POST","path":"/payments/create","status":201,"bytes":232,"duration_ms":234,"request_id":"vithsutra/yJhBRTSzdo-004828","remote_addr":"2409:408c:be36:caaa:4493:e26f:1a6e:9b20"}
Jul 17 07:41:16 vithsutra kiosk-server[2006197]: {"time":"2026-07-17T07:41:16.560532848Z","level":"INFO","msg":"webhook received","event":"payment.captured"}
Jul 17 07:41:16 vithsutra kiosk-server[2006197]: {"time":"2026-07-17T07:41:16.560581205Z","level":"INFO","msg":"processing payment success","razorpay_order_id":"order_TEUUMKbpwV5lM8","razorpay_payment_id":"pay_TEUUaYqPVil4ik"}
Jul 17 07:41:17 vithsutra kiosk-server[2006197]: {"time":"2026-07-17T07:41:17.022414112Z","level":"INFO","msg":"file promoted","session_id":"0b080b20-a3a4-422b-83f6-154b0a44f6e7","file_id":"88361527-06d7-460d-a431-4c9dd17032a9","final_key":"uploads/final/23c7d373-82eb-421f-b479-a272a36cee77/0b080b20-a3a4-422b-83f6-154b0a44f6e7/88361527-06d7-460d-a431-4c9dd17032a9.pdf"}
Jul 17 07:41:17 vithsutra kiosk-server[2006197]: {"time":"2026-07-17T07:41:17.460047548Z","level":"INFO","msg":"payment success committed","session_id":"0b080b20-a3a4-422b-83f6-154b0a44f6e7","razorpay_order_id":"order_TEUUMKbpwV5lM8","razorpay_payment_id":"pay_TEUUaYqPVil4ik","files_promoted":1}
Jul 17 07:41:17 vithsutra kiosk-server[2006197]: {"time":"2026-07-17T07:41:17.460149431Z","level":"INFO","msg":"request","method":"POST","path":"/webhooks/razorpay","status":200,"bytes":21,"duration_ms":899,"request_id":"vithsutra/yJhBRTSzdo-004829","remote_addr":"52.66.76.63"}
Jul 17 07:41:28 vithsutra kiosk-server[2006197]: {"time":"2026-07-17T07:41:28.678423467Z","level":"INFO","msg":"request","method":"OPTIONS","path":"/payments/status/0b080b20-a3a4-422b-83f6-154b0a44f6e7","status":204,"bytes":0,"duration_ms":0,"request_id":"vithsutra/yJhBRTSzdo-004830","remote_addr":"2409:40f2:3054:3e46:8000::"}
Jul 17 07:41:29 vithsutra kiosk-server[2006197]: {"time":"2026-07-17T07:41:29.100219825Z","level":"INFO","msg":"get job by session ID started","session_id":"0b080b20-a3a4-422b-83f6-154b0a44f6e7"}
Jul 17 07:41:29 vithsutra kiosk-server[2006197]: {"time":"2026-07-17T07:41:29.155520538Z","level":"INFO","msg":"Token Debugging","Token:":"638317"}
Jul 17 07:41:29 vithsutra kiosk-server[2006197]: {"time":"2026-07-17T07:41:29.212087508Z","level":"INFO","msg":"get job by session ID completed","session_id":"0b080b20-a3a4-422b-83f6-154b0a44f6e7","file_count":1}
Jul 17 07:41:29 vithsutra kiosk-server[2006197]: {"time":"2026-07-17T07:41:29.212276224Z","level":"INFO","msg":"request","method":"GET","path":"/payments/status/0b080b20-a3a4-422b-83f6-154b0a44f6e7","status":200,"bytes":674,"duration_ms":112,"request_id":"vithsutra/yJhBRTSzdo-004831","remote_addr":"2409:40f2:3054:3e46:8000::"}
Jul 17 07:41:31 vithsutra kiosk-server[2006197]: {"time":"2026-07-17T07:41:31.565541004Z","level":"INFO","msg":"webhook received","event":"payment.captured"}
Jul 17 07:41:31 vithsutra kiosk-server[2006197]: {"time":"2026-07-17T07:41:31.565595421Z","level":"INFO","msg":"processing payment success","razorpay_order_id":"order_TEUUaJJ1eCFHH9","razorpay_payment_id":"pay_TEUUxcub1jJwsC"}
Jul 17 07:41:32 vithsutra kiosk-server[2006197]: {"time":"2026-07-17T07:41:32.04774762Z","level":"INFO","msg":"file promoted","session_id":"7b50fd7f-2412-4058-80a8-ebf35658dedb","file_id":"c25f79e0-098f-4193-b1f2-335b7ca24ea7","final_key":"uploads/final/a3155e70-64bd-4641-96d0-9b79e17fce03/7b50fd7f-2412-4058-80a8-ebf35658dedb/c25f79e0-098f-4193-b1f2-335b7ca24ea7.pdf"}
Jul 17 07:41:32 vithsutra kiosk-server[2006197]: {"time":"2026-07-17T07:41:32.174380273Z","level":"INFO","msg":"file promoted","session_id":"7b50fd7f-2412-4058-80a8-ebf35658dedb","file_id":"89cbba61-9065-45ae-8233-e755a8ea6453","final_key":"uploads/final/a3155e70-64bd-4641-96d0-9b79e17fce03/7b50fd7f-2412-4058-80a8-ebf35658dedb/89cbba61-9065-45ae-8233-e755a8ea6453.pdf"}
Jul 17 07:41:32 vithsutra kiosk-server[2006197]: {"time":"2026-07-17T07:41:32.332008246Z","level":"INFO","msg":"file promoted","session_id":"7b50fd7f-2412-4058-80a8-ebf35658dedb","file_id":"73965983-28d3-45e5-ba13-b22443e3eb67","final_key":"uploads/final/a3155e70-64bd-4641-96d0-9b79e17fce03/7b50fd7f-2412-4058-80a8-ebf35658dedb/73965983-28d3-45e5-ba13-b22443e3eb67.pdf"}
Jul 17 07:41:32 vithsutra kiosk-server[2006197]: {"time":"2026-07-17T07:41:32.457325407Z","level":"INFO","msg":"file promoted","session_id":"7b50fd7f-2412-4058-80a8-ebf35658dedb","file_id":"acb34319-6bbf-4d83-b340-1c8d7ce9d9d5","final_key":"uploads/final/a3155e70-64bd-4641-96d0-9b79e17fce03/7b50fd7f-2412-4058-80a8-ebf35658dedb/acb34319-6bbf-4d83-b340-1c8d7ce9d9d5.pdf"}
Jul 17 07:41:32 vithsutra kiosk-server[2006197]: {"time":"2026-07-17T07:41:32.895341372Z","level":"INFO","msg":"payment success committed","session_id":"7b50fd7f-2412-4058-80a8-ebf35658dedb","razorpay_order_id":"order_TEUUaJJ1eCFHH9","razorpay_payment_id":"pay_TEUUxcub1jJwsC","files_promoted":4}
Jul 17 07:41:32 vithsutra kiosk-server[2006197]: {"time":"2026-07-17T07:41:32.895431889Z","level":"INFO","msg":"request","method":"POST","path":"/webhooks/razorpay","status":200,"bytes":21,"duration_ms":1330,"request_id":"vithsutra/yJhBRTSzdo-004832","remote_addr":"52.66.75.174"}
Jul 17 07:41:36 vithsutra kiosk-server[2006197]: {"time":"2026-07-17T07:41:36.285496474Z","level":"INFO","msg":"get job by token started","token":638317}
Jul 17 07:41:36 vithsutra kiosk-server[2006197]: DEBUG PRESIGN GET URL: https://aiet-printflow-upload-prod.s3.ap-south-1.amazonaws.com/uploads/final/23c7d373-82eb-421f-b479-a272a36cee77/0b080b20-a3a4-422b-83f6-154b0a44f6e7/88361527-06d7-460d-a431-4c9dd17032a9.pdf?X-Amz-Algorithm=AWS4-HMAC-SHA256&X-Amz-Checksum-Mode=ENABLED&X-Amz-Credential=AKIAURY6ZINDKCABHGV3%2F20260717%2Fap-south-1%2Fs3%2Faws4_request&X-Amz-Date=20260717T074136Z&X-Amz-Expires=900&X-Amz-SignedHeaders=host&x-id=GetObject&X-Amz-Signature=1446ab88d5658feacffcb26c52b4fbd5328359289ff2cf1e02972317ce3fa44e
Jul 17 07:41:36 vithsutra kiosk-server[2006197]: {"time":"2026-07-17T07:41:36.452434519Z","level":"INFO","msg":"final_Key_Bebugging","final_key:":"uploads/final/23c7d373-82eb-421f-b479-a272a36cee77/0b080b20-a3a4-422b-83f6-154b0a44f6e7/88361527-06d7-460d-a431-4c9dd17032a9.pdf"}
Jul 17 07:41:36 vithsutra kiosk-server[2006197]: {"time":"2026-07-17T07:41:36.452466348Z","level":"INFO","msg":"get job by token completed","token":638317,"session_id":"0b080b20-a3a4-422b-83f6-154b0a44f6e7","file_count":1}
Jul 17 07:41:36 vithsutra kiosk-server[2006197]: {"time":"2026-07-17T07:41:36.452556753Z","level":"INFO","msg":"request","method":"POST","path":"/print/jobs/token","status":200,"bytes":940,"duration_ms":167,"request_id":"vithsutra/yJhBRTSzdo-004833","remote_addr":"103.89.233.254"}
Jul 17 07:41:43 vithsutra kiosk-server[2006197]: {"time":"2026-07-17T07:41:43.608403873Z","level":"INFO","msg":"request","method":"OPTIONS","path":"/payments/status/7b50fd7f-2412-4058-80a8-ebf35658dedb","status":204,"bytes":0,"duration_ms":0,"request_id":"vithsutra/yJhBRTSzdo-004834","remote_addr":"2409:408c:be36:caaa:4493:e26f:1a6e:9b20"}
Jul 17 07:41:44 vithsutra kiosk-server[2006197]: {"time":"2026-07-17T07:41:44.30758176Z","level":"INFO","msg":"get job by session ID started","session_id":"7b50fd7f-2412-4058-80a8-ebf35658dedb"}
Jul 17 07:41:44 vithsutra kiosk-server[2006197]: {"time":"2026-07-17T07:41:44.362267445Z","level":"INFO","msg":"Token Debugging","Token:":"607270"}
Jul 17 07:41:44 vithsutra kiosk-server[2006197]: {"time":"2026-07-17T07:41:44.420916723Z","level":"INFO","msg":"get job by session ID completed","session_id":"7b50fd7f-2412-4058-80a8-ebf35658dedb","file_count":4}
Jul 17 07:41:44 vithsutra kiosk-server[2006197]: {"time":"2026-07-17T07:41:44.421141055Z","level":"INFO","msg":"request","method":"GET","path":"/payments/status/7b50fd7f-2412-4058-80a8-ebf35658dedb","status":200,"bytes":1918,"duration_ms":113,"request_id":"vithsutra/yJhBRTSzdo-004835","remote_addr":"2409:408c:be36:caaa:4493:e26f:1a6e:9b20"}
Jul 17 07:41:51 vithsutra kiosk-server[2006197]: {"time":"2026-07-17T07:41:51.933367257Z","level":"INFO","msg":"expire session after printing started","session_id":"0b080b20-a3a4-422b-83f6-154b0a44f6e7"}
Jul 17 07:41:52 vithsutra kiosk-server[2006197]: {"time":"2026-07-17T07:41:52.098051935Z","level":"INFO","msg":"session marked completed","session_id":"0b080b20-a3a4-422b-83f6-154b0a44f6e7"}
Jul 17 07:41:52 vithsutra kiosk-server[2006197]: {"time":"2026-07-17T07:41:52.208343184Z","level":"WARN","msg":"no completed file found for session 0b080b20-a3a4-422b-83f6-154b0a44f6e7","code":"no_completed_file"}
Jul 17 07:41:52 vithsutra kiosk-server[2006197]: {"time":"2026-07-17T07:41:52.208474127Z","level":"INFO","msg":"request","method":"POST","path":"/print/jobs/expire","status":404,"bytes":124,"duration_ms":275,"request_id":"vithsutra/yJhBRTSzdo-004836","remote_addr":"103.89.233.254"}
Jul 17 07:42:05 vithsutra kiosk-server[2006197]: {"time":"2026-07-17T07:42:05.844675863Z","level":"INFO","msg":"get job by token started","token":607270}
Jul 17 07:42:05 vithsutra kiosk-server[2006197]: DEBUG PRESIGN GET URL: https://aiet-printflow-upload-prod.s3.ap-south-1.amazonaws.com/uploads/final/a3155e70-64bd-4641-96d0-9b79e17fce03/7b50fd7f-2412-4058-80a8-ebf35658dedb/73965983-28d3-45e5-ba13-b22443e3eb67.pdf?X-Amz-Algorithm=AWS4-HMAC-SHA256&X-Amz-Checksum-Mode=ENABLED&X-Amz-Credential=AKIAURY6ZINDKCABHGV3%2F20260717%2Fap-south-1%2Fs3%2Faws4_request&X-Amz-Date=20260717T074205Z&X-Amz-Expires=900&X-Amz-SignedHeaders=host&x-id=GetObject&X-Amz-Signature=f0f55ef17e17d93a76313bc847201286f08d37bb5547c1ce8b4f25eb97304aba
Jul 17 07:42:05 vithsutra kiosk-server[2006197]: {"time":"2026-07-17T07:42:05.956928076Z","level":"INFO","msg":"final_Key_Bebugging","final_key:":"uploads/final/a3155e70-64bd-4641-96d0-9b79e17fce03/7b50fd7f-2412-4058-80a8-ebf35658dedb/73965983-28d3-45e5-ba13-b22443e3eb67.pdf"}
Jul 17 07:42:05 vithsutra kiosk-server[2006197]: DEBUG PRESIGN GET URL: https://aiet-printflow-upload-prod.s3.ap-south-1.amazonaws.com/uploads/final/a3155e70-64bd-4641-96d0-9b79e17fce03/7b50fd7f-2412-4058-80a8-ebf35658dedb/c25f79e0-098f-4193-b1f2-335b7ca24ea7.pdf?X-Amz-Algorithm=AWS4-HMAC-SHA256&X-Amz-Checksum-Mode=ENABLED&X-Amz-Credential=AKIAURY6ZINDKCABHGV3%2F20260717%2Fap-south-1%2Fs3%2Faws4_request&X-Amz-Date=20260717T074205Z&X-Amz-Expires=900&X-Amz-SignedHeaders=host&x-id=GetObject&X-Amz-Signature=ef271682dacc77832b3bedd6c0120e0cfa24138f8416decda88fe592bff0b7be
Jul 17 07:42:05 vithsutra kiosk-server[2006197]: {"time":"2026-07-17T07:42:05.957190163Z","level":"INFO","msg":"final_Key_Bebugging","final_key:":"uploads/final/a3155e70-64bd-4641-96d0-9b79e17fce03/7b50fd7f-2412-4058-80a8-ebf35658dedb/c25f79e0-098f-4193-b1f2-335b7ca24ea7.pdf"}
Jul 17 07:42:05 vithsutra kiosk-server[2006197]: DEBUG PRESIGN GET URL: https://aiet-printflow-upload-prod.s3.ap-south-1.amazonaws.com/uploads/final/a3155e70-64bd-4641-96d0-9b79e17fce03/7b50fd7f-2412-4058-80a8-ebf35658dedb/89cbba61-9065-45ae-8233-e755a8ea6453.pdf?X-Amz-Algorithm=AWS4-HMAC-SHA256&X-Amz-Checksum-Mode=ENABLED&X-Amz-Credential=AKIAURY6ZINDKCABHGV3%2F20260717%2Fap-south-1%2Fs3%2Faws4_request&X-Amz-Date=20260717T074205Z&X-Amz-Expires=900&X-Amz-SignedHeaders=host&x-id=GetObject&X-Amz-Signature=13fb746d9388ab6ed725693831583875637b29028729fb0d5a82f218428c46f4
Jul 17 07:42:05 vithsutra kiosk-server[2006197]: {"time":"2026-07-17T07:42:05.957409014Z","level":"INFO","msg":"final_Key_Bebugging","final_key:":"uploads/final/a3155e70-64bd-4641-96d0-9b79e17fce03/7b50fd7f-2412-4058-80a8-ebf35658dedb/89cbba61-9065-45ae-8233-e755a8ea6453.pdf"}
Jul 17 07:42:05 vithsutra kiosk-server[2006197]: DEBUG PRESIGN GET URL: https://aiet-printflow-upload-prod.s3.ap-south-1.amazonaws.com/uploads/final/a3155e70-64bd-4641-96d0-9b79e17fce03/7b50fd7f-2412-4058-80a8-ebf35658dedb/acb34319-6bbf-4d83-b340-1c8d7ce9d9d5.pdf?X-Amz-Algorithm=AWS4-HMAC-SHA256&X-Amz-Checksum-Mode=ENABLED&X-Amz-Credential=AKIAURY6ZINDKCABHGV3%2F20260717%2Fap-south-1%2Fs3%2Faws4_request&X-Amz-Date=20260717T074205Z&X-Amz-Expires=900&X-Amz-SignedHeaders=host&x-id=GetObject&X-Amz-Signature=a60ae40f83334ecb9334e28b0a6bb4e6f178480ab57355c10a528e3d2f4f673c
Jul 17 07:42:05 vithsutra kiosk-server[2006197]: {"time":"2026-07-17T07:42:05.957775412Z","level":"INFO","msg":"final_Key_Bebugging","final_key:":"uploads/final/a3155e70-64bd-4641-96d0-9b79e17fce03/7b50fd7f-2412-4058-80a8-ebf35658dedb/acb34319-6bbf-4d83-b340-1c8d7ce9d9d5.pdf"}
Jul 17 07:42:05 vithsutra kiosk-server[2006197]: {"time":"2026-07-17T07:42:05.957795735Z","level":"INFO","msg":"get job by token completed","token":607270,"session_id":"7b50fd7f-2412-4058-80a8-ebf35658dedb","file_count":4}
Jul 17 07:42:05 vithsutra kiosk-server[2006197]: {"time":"2026-07-17T07:42:05.957943756Z","level":"INFO","msg":"request","method":"POST","path":"/print/jobs/token","status":200,"bytes":3255,"duration_ms":113,"request_id":"vithsutra/yJhBRTSzdo-004837","remote_addr":"103.89.233.254"}
Jul 17 07:42:41 vithsutra kiosk-server[2006197]: {"time":"2026-07-17T07:42:41.480614263Z","level":"INFO","msg":"expire session after printing started","session_id":"7b50fd7f-2412-4058-80a8-ebf35658dedb"}
Jul 17 07:42:41 vithsutra kiosk-server[2006197]: {"time":"2026-07-17T07:42:41.591326047Z","level":"INFO","msg":"session marked completed","session_id":"7b50fd7f-2412-4058-80a8-ebf35658dedb"}
Jul 17 07:42:41 vithsutra kiosk-server[2006197]: {"time":"2026-07-17T07:42:41.648535737Z","level":"WARN","msg":"no completed file found for session 7b50fd7f-2412-4058-80a8-ebf35658dedb","code":"no_completed_file"}
Jul 17 07:42:41 vithsutra kiosk-server[2006197]: {"time":"2026-07-17T07:42:41.648648934Z","level":"INFO","msg":"request","method":"POST","path":"/print/jobs/expire","status":404,"bytes":124,"duration_ms":168,"request_id":"vithsutra/yJhBRTSzdo-004838","remote_addr":"103.89.233.254"}
Jul 17 07:42:49 vithsutra kiosk-server[2006197]: {"time":"2026-07-17T07:42:49.725771346Z","level":"INFO","msg":"expire session after printing started","session_id":"7b50fd7f-2412-4058-80a8-ebf35658dedb"}
Jul 17 07:42:49 vithsutra kiosk-server[2006197]: {"time":"2026-07-17T07:42:49.781067722Z","level":"WARN","msg":"this session has already been completed","code":"session_already_completed"}
Jul 17 07:42:49 vithsutra kiosk-server[2006197]: {"time":"2026-07-17T07:42:49.781191117Z","level":"INFO","msg":"request","method":"POST","path":"/print/jobs/expire","status":400,"bytes":99,"duration_ms":55,"request_id":"vithsutra/yJhBRTSzdo-004839","remote_addr":"103.89.233.254"}
Jul 17 07:43:02 vithsutra kiosk-server[2006197]: {"time":"2026-07-17T07:43:02.890417424Z","level":"INFO","msg":"expire session after printing started","session_id":"7b50fd7f-2412-4058-80a8-ebf35658dedb"}
Jul 17 07:43:02 vithsutra kiosk-server[2006197]: {"time":"2026-07-17T07:43:02.946814221Z","level":"WARN","msg":"this session has already been completed","code":"session_already_completed"}
Jul 17 07:43:02 vithsutra kiosk-server[2006197]: {"time":"2026-07-17T07:43:02.946870703Z","level":"INFO","msg":"request","method":"POST","path":"/print/jobs/expire","status":400,"bytes":99,"duration_ms":56,"request_id":"vithsutra/yJhBRTSzdo-004840","remote_addr":"103.89.233.254"}
Jul 17 07:43:16 vithsutra kiosk-server[2006197]: {"time":"2026-07-17T07:43:16.107412132Z","level":"INFO","msg":"expire session after printing started","session_id":"7b50fd7f-2412-4058-80a8-ebf35658dedb"}
Jul 17 07:43:16 vithsutra kiosk-server[2006197]: {"time":"2026-07-17T07:43:16.162535376Z","level":"WARN","msg":"this session has already been completed","code":"session_already_completed"}
Jul 17 07:43:16 vithsutra kiosk-server[2006197]: {"time":"2026-07-17T07:43:16.162658152Z","level":"INFO","msg":"request","method":"POST","path":"/print/jobs/expire","status":400,"bytes":99,"duration_ms":55,"request_id":"vithsutra/yJhBRTSzdo-004841","remote_addr":"103.89.233.254"}
Jul 17 07:44:13 vithsutra kiosk-server[2006197]: {"time":"2026-07-17T07:44:13.655099384Z","level":"INFO","msg":"request","method":"OPTIONS","path":"/files/upload/init","status":204,"bytes":0,"duration_ms":0,"request_id":"vithsutra/yJhBRTSzdo-004842","remote_addr":"2409:40f2:3154:dd83:8000::"}
Jul 17 07:44:14 vithsutra kiosk-server[2006197]: {"time":"2026-07-17T07:44:14.0801458Z","level":"INFO","msg":"USERID","userId:":"a6ecff8b-db29-4d56-a2f2-bcd216644eb0"}
Jul 17 07:44:14 vithsutra kiosk-server[2006197]: {"time":"2026-07-17T07:44:14.08019252Z","level":"INFO","msg":"USEREMAIL","userEmail:":"4al25ba073@alvascollege.com"}
Jul 17 07:44:14 vithsutra kiosk-server[2006197]: {"time":"2026-07-17T07:44:14.080210547Z","level":"INFO","msg":"init upload started","user_id":"a6ecff8b-db29-4d56-a2f2-bcd216644eb0","file_count":10,"request_payload":{"files":[{"file_name":"Email writing.pdf","content_type":"application/pdf"},{"file_name":"Corporate strategyy.pdf","content_type":"application/pdf"},{"file_name":"Grammer and punctuation.pdf","content_type":"application/pdf"},{"file_name":"Strategic management.pdf","content_type":"application/pdf"},{"file_name":"Coursera JVICCS2K8T1H English 1.pdf","content_type":"application/pdf"},{"file_name":"Coursera XZKK04STLEEG CS 2.pdf","content_type":"application/pdf"},{"file_name":"english 2.pdf","content_type":"application/pdf"},{"file_name":"English 1.pdf","content_type":"application/pdf"},{"file_name":"CS 2.pdf","content_type":"application/pdf"},{"file_name":"corporate strategy 1.pdf","content_type":"application/pdf"}]}}
Jul 17 07:44:15 vithsutra kiosk-server[2006197]: {"time":"2026-07-17T07:44:15.235392508Z","level":"INFO","msg":"upload session created","session_id":"ac1dea36-26eb-4f65-a075-23e4688bcb0d","user_id":"a6ecff8b-db29-4d56-a2f2-bcd216644eb0","expires_at":"2026-07-24T07:44:15.100898691Z"}
Jul 17 07:44:16 vithsutra kiosk-server[2006197]: {"time":"2026-07-17T07:44:16.030227657Z","level":"INFO","msg":"init upload completed","session_id":"ac1dea36-26eb-4f65-a075-23e4688bcb0d","user_id":"a6ecff8b-db29-4d56-a2f2-bcd216644eb0","file_count":10}
Jul 17 07:44:16 vithsutra kiosk-server[2006197]: {"time":"2026-07-17T07:44:16.030912244Z","level":"INFO","msg":"request","method":"POST","path":"/files/upload/init","status":201,"bytes":8265,"duration_ms":1967,"request_id":"vithsutra/yJhBRTSzdo-004843","remote_addr":"2409:40f2:3154:dd83:8000::"}
Jul 17 07:44:28 vithsutra kiosk-server[2006197]: {"time":"2026-07-17T07:44:28.061839813Z","level":"INFO","msg":"request","method":"OPTIONS","path":"/files/upload/confirm","status":204,"bytes":0,"duration_ms":0,"request_id":"vithsutra/yJhBRTSzdo-004844","remote_addr":"2409:40f2:3154:dd83:8000::"}
Jul 17 07:44:28 vithsutra kiosk-server[2006197]: {"time":"2026-07-17T07:44:28.45113746Z","level":"INFO","msg":"confirm upload started","session_id":"ac1dea36-26eb-4f65-a075-23e4688bcb0d","file_count":10}
Jul 17 07:44:28 vithsutra kiosk-server[2006197]: {"time":"2026-07-17T07:44:28.585167247Z","level":"INFO","msg":"session validated for confirm","session_id":"ac1dea36-26eb-4f65-a075-23e4688bcb0d","status":"created"}
Jul 17 07:44:28 vithsutra kiosk-server[2006197]: DEBUG HeadObject → bucket: aiet-printflow-upload-prod  key: uploads/staging/a6ecff8b-db29-4d56-a2f2-bcd216644eb0/ac1dea36-26eb-4f65-a075-23e4688bcb0d/b7601b35-7a56-4df3-9f3e-e215406b4308.pdf
Jul 17 07:44:28 vithsutra kiosk-server[2006197]: {"time":"2026-07-17T07:44:28.942244181Z","level":"INFO","msg":"file price calculated","price":1,"sheets":1,"num_of_pages":1,"copies":1,"page_layout":1,"printing_mode":"monochromatic","printing_side":"single_side"}
Jul 17 07:44:28 vithsutra kiosk-server[2006197]: {"time":"2026-07-17T07:44:28.942310991Z","level":"INFO","msg":"Total done bebug","TotalAmount:":1,"TotalSheetes:":1}
Jul 17 07:44:28 vithsutra kiosk-server[2006197]: {"time":"2026-07-17T07:44:28.942333004Z","level":"INFO","msg":"Page Range bebugging","page_range:":["1"]}
Jul 17 07:44:28 vithsutra kiosk-server[2006197]: {"time":"2026-07-17T07:44:28.942354373Z","level":"INFO","msg":"file confirmed","session_id":"ac1dea36-26eb-4f65-a075-23e4688bcb0d","file_id":"b7601b35-7a56-4df3-9f3e-e215406b4308","file_name":"Email writing.pdf","sheets":1,"price":1}
Jul 17 07:44:29 vithsutra kiosk-server[2006197]: DEBUG HeadObject → bucket: aiet-printflow-upload-prod  key: uploads/staging/a6ecff8b-db29-4d56-a2f2-bcd216644eb0/ac1dea36-26eb-4f65-a075-23e4688bcb0d/89346fba-3880-4152-b4e2-06edb66866d1.pdf
Jul 17 07:44:29 vithsutra kiosk-server[2006197]: {"time":"2026-07-17T07:44:29.067551123Z","level":"INFO","msg":"file price calculated","price":1,"sheets":1,"num_of_pages":1,"copies":1,"page_layout":1,"printing_mode":"monochromatic","printing_side":"single_side"}
Jul 17 07:44:29 vithsutra kiosk-server[2006197]: {"time":"2026-07-17T07:44:29.067602518Z","level":"INFO","msg":"Total done bebug","TotalAmount:":2,"TotalSheetes:":2}
Jul 17 07:44:29 vithsutra kiosk-server[2006197]: {"time":"2026-07-17T07:44:29.067618567Z","level":"INFO","msg":"Page Range bebugging","page_range:":["1"]}
Jul 17 07:44:29 vithsutra kiosk-server[2006197]: {"time":"2026-07-17T07:44:29.067635074Z","level":"INFO","msg":"file confirmed","session_id":"ac1dea36-26eb-4f65-a075-23e4688bcb0d","file_id":"89346fba-3880-4152-b4e2-06edb66866d1","file_name":"Corporate strategyy.pdf","sheets":1,"price":1}
Jul 17 07:44:29 vithsutra kiosk-server[2006197]: DEBUG HeadObject → bucket: aiet-printflow-upload-prod  key: uploads/staging/a6ecff8b-db29-4d56-a2f2-bcd216644eb0/ac1dea36-26eb-4f65-a075-23e4688bcb0d/d3db2d34-e64f-439a-a3f2-cf63f85609fe.pdf
Jul 17 07:44:29 vithsutra kiosk-server[2006197]: {"time":"2026-07-17T07:44:29.196291459Z","level":"INFO","msg":"file price calculated","price":1,"sheets":1,"num_of_pages":1,"copies":1,"page_layout":1,"printing_mode":"monochromatic","printing_side":"single_side"}
Jul 17 07:44:29 vithsutra kiosk-server[2006197]: {"time":"2026-07-17T07:44:29.196351846Z","level":"INFO","msg":"Total done bebug","TotalAmount:":3,"TotalSheetes:":3}
Jul 17 07:44:29 vithsutra kiosk-server[2006197]: {"time":"2026-07-17T07:44:29.196369121Z","level":"INFO","msg":"Page Range bebugging","page_range:":["1"]}
Jul 17 07:44:29 vithsutra kiosk-server[2006197]: {"time":"2026-07-17T07:44:29.196387465Z","level":"INFO","msg":"file confirmed","session_id":"ac1dea36-26eb-4f65-a075-23e4688bcb0d","file_id":"d3db2d34-e64f-439a-a3f2-cf63f85609fe","file_name":"Grammer and punctuation.pdf","sheets":1,"price":1}
Jul 17 07:44:29 vithsutra kiosk-server[2006197]: DEBUG HeadObject → bucket: aiet-printflow-upload-prod  key: uploads/staging/a6ecff8b-db29-4d56-a2f2-bcd216644eb0/ac1dea36-26eb-4f65-a075-23e4688bcb0d/a55f343e-dc5a-4433-97c4-4163cd5fbd16.pdf
Jul 17 07:44:29 vithsutra kiosk-server[2006197]: {"time":"2026-07-17T07:44:29.319253245Z","level":"INFO","msg":"file price calculated","price":1,"sheets":1,"num_of_pages":1,"copies":1,"page_layout":1,"printing_mode":"monochromatic","printing_side":"single_side"}
Jul 17 07:44:29 vithsutra kiosk-server[2006197]: {"time":"2026-07-17T07:44:29.319305473Z","level":"INFO","msg":"Total done bebug","TotalAmount:":4,"TotalSheetes:":4}
Jul 17 07:44:29 vithsutra kiosk-server[2006197]: {"time":"2026-07-17T07:44:29.319322539Z","level":"INFO","msg":"Page Range bebugging","page_range:":["1"]}
Jul 17 07:44:29 vithsutra kiosk-server[2006197]: {"time":"2026-07-17T07:44:29.319341607Z","level":"INFO","msg":"file confirmed","session_id":"ac1dea36-26eb-4f65-a075-23e4688bcb0d","file_id":"a55f343e-dc5a-4433-97c4-4163cd5fbd16","file_name":"Strategic management.pdf","sheets":1,"price":1}
Jul 17 07:44:29 vithsutra kiosk-server[2006197]: DEBUG HeadObject → bucket: aiet-printflow-upload-prod  key: uploads/staging/a6ecff8b-db29-4d56-a2f2-bcd216644eb0/ac1dea36-26eb-4f65-a075-23e4688bcb0d/6a320cbc-5119-4c0d-9faf-f46ea77f060d.pdf
Jul 17 07:44:29 vithsutra kiosk-server[2006197]: {"time":"2026-07-17T07:44:29.442736605Z","level":"INFO","msg":"file price calculated","price":1,"sheets":1,"num_of_pages":1,"copies":1,"page_layout":1,"printing_mode":"monochromatic","printing_side":"single_side"}
Jul 17 07:44:29 vithsutra kiosk-server[2006197]: {"time":"2026-07-17T07:44:29.442795676Z","level":"INFO","msg":"Total done bebug","TotalAmount:":5,"TotalSheetes:":5}
Jul 17 07:44:29 vithsutra kiosk-server[2006197]: {"time":"2026-07-17T07:44:29.442816882Z","level":"INFO","msg":"Page Range bebugging","page_range:":["1"]}
Jul 17 07:44:29 vithsutra kiosk-server[2006197]: {"time":"2026-07-17T07:44:29.442869999Z","level":"INFO","msg":"file confirmed","session_id":"ac1dea36-26eb-4f65-a075-23e4688bcb0d","file_id":"6a320cbc-5119-4c0d-9faf-f46ea77f060d","file_name":"Coursera JVICCS2K8T1H English 1.pdf","sheets":1,"price":1}
Jul 17 07:44:29 vithsutra kiosk-server[2006197]: DEBUG HeadObject → bucket: aiet-printflow-upload-prod  key: uploads/staging/a6ecff8b-db29-4d56-a2f2-bcd216644eb0/ac1dea36-26eb-4f65-a075-23e4688bcb0d/bb76acf6-481f-4f9d-a39f-ed92faf1f28c.pdf
Jul 17 07:44:29 vithsutra kiosk-server[2006197]: {"time":"2026-07-17T07:44:29.565156165Z","level":"INFO","msg":"file price calculated","price":1,"sheets":1,"num_of_pages":1,"copies":1,"page_layout":1,"printing_mode":"monochromatic","printing_side":"single_side"}
Jul 17 07:44:29 vithsutra kiosk-server[2006197]: {"time":"2026-07-17T07:44:29.565214347Z","level":"INFO","msg":"Total done bebug","TotalAmount:":6,"TotalSheetes:":6}
Jul 17 07:44:29 vithsutra kiosk-server[2006197]: {"time":"2026-07-17T07:44:29.565233272Z","level":"INFO","msg":"Page Range bebugging","page_range:":["1"]}
Jul 17 07:44:29 vithsutra kiosk-server[2006197]: {"time":"2026-07-17T07:44:29.565252777Z","level":"INFO","msg":"file confirmed","session_id":"ac1dea36-26eb-4f65-a075-23e4688bcb0d","file_id":"bb76acf6-481f-4f9d-a39f-ed92faf1f28c","file_name":"Coursera XZKK04STLEEG CS 2.pdf","sheets":1,"price":1}
Jul 17 07:44:29 vithsutra kiosk-server[2006197]: DEBUG HeadObject → bucket: aiet-printflow-upload-prod  key: uploads/staging/a6ecff8b-db29-4d56-a2f2-bcd216644eb0/ac1dea36-26eb-4f65-a075-23e4688bcb0d/d1a64b5e-8be5-484f-82c5-8886dff2304b.pdf
Jul 17 07:44:29 vithsutra kiosk-server[2006197]: {"time":"2026-07-17T07:44:29.687649084Z","level":"INFO","msg":"file price calculated","price":1,"sheets":1,"num_of_pages":1,"copies":1,"page_layout":1,"printing_mode":"monochromatic","printing_side":"single_side"}
Jul 17 07:44:29 vithsutra kiosk-server[2006197]: {"time":"2026-07-17T07:44:29.687714802Z","level":"INFO","msg":"Total done bebug","TotalAmount:":7,"TotalSheetes:":7}
Jul 17 07:44:29 vithsutra kiosk-server[2006197]: {"time":"2026-07-17T07:44:29.687732272Z","level":"INFO","msg":"Page Range bebugging","page_range:":["1"]}
Jul 17 07:44:29 vithsutra kiosk-server[2006197]: {"time":"2026-07-17T07:44:29.687750527Z","level":"INFO","msg":"file confirmed","session_id":"ac1dea36-26eb-4f65-a075-23e4688bcb0d","file_id":"d1a64b5e-8be5-484f-82c5-8886dff2304b","file_name":"english 2.pdf","sheets":1,"price":1}
Jul 17 07:44:29 vithsutra kiosk-server[2006197]: DEBUG HeadObject → bucket: aiet-printflow-upload-prod  key: uploads/staging/a6ecff8b-db29-4d56-a2f2-bcd216644eb0/ac1dea36-26eb-4f65-a075-23e4688bcb0d/bc63b82d-a98e-4214-9151-0ad8feadad41.pdf
Jul 17 07:44:29 vithsutra kiosk-server[2006197]: {"time":"2026-07-17T07:44:29.810109052Z","level":"INFO","msg":"file price calculated","price":1,"sheets":1,"num_of_pages":1,"copies":1,"page_layout":1,"printing_mode":"monochromatic","printing_side":"single_side"}
Jul 17 07:44:29 vithsutra kiosk-server[2006197]: {"time":"2026-07-17T07:44:29.810173431Z","level":"INFO","msg":"Total done bebug","TotalAmount:":8,"TotalSheetes:":8}
Jul 17 07:44:29 vithsutra kiosk-server[2006197]: {"time":"2026-07-17T07:44:29.810195692Z","level":"INFO","msg":"Page Range bebugging","page_range:":["1"]}
Jul 17 07:44:29 vithsutra kiosk-server[2006197]: {"time":"2026-07-17T07:44:29.810218286Z","level":"INFO","msg":"file confirmed","session_id":"ac1dea36-26eb-4f65-a075-23e4688bcb0d","file_id":"bc63b82d-a98e-4214-9151-0ad8feadad41","file_name":"English 1.pdf","sheets":1,"price":1}
Jul 17 07:44:30 vithsutra kiosk-server[2006197]: DEBUG HeadObject → bucket: aiet-printflow-upload-prod  key: uploads/staging/a6ecff8b-db29-4d56-a2f2-bcd216644eb0/ac1dea36-26eb-4f65-a075-23e4688bcb0d/a3f93cf1-7b13-4588-8229-15aed9bea676.pdf
Jul 17 07:44:30 vithsutra kiosk-server[2006197]: {"time":"2026-07-17T07:44:30.202732788Z","level":"INFO","msg":"file price calculated","price":1,"sheets":1,"num_of_pages":1,"copies":1,"page_layout":1,"printing_mode":"monochromatic","printing_side":"single_side"}
Jul 17 07:44:30 vithsutra kiosk-server[2006197]: {"time":"2026-07-17T07:44:30.202790327Z","level":"INFO","msg":"Total done bebug","TotalAmount:":9,"TotalSheetes:":9}
Jul 17 07:44:30 vithsutra kiosk-server[2006197]: {"time":"2026-07-17T07:44:30.202809724Z","level":"INFO","msg":"Page Range bebugging","page_range:":["1"]}
Jul 17 07:44:30 vithsutra kiosk-server[2006197]: {"time":"2026-07-17T07:44:30.202891987Z","level":"INFO","msg":"file confirmed","session_id":"ac1dea36-26eb-4f65-a075-23e4688bcb0d","file_id":"a3f93cf1-7b13-4588-8229-15aed9bea676","file_name":"CS 2.pdf","sheets":1,"price":1}
Jul 17 07:44:30 vithsutra kiosk-server[2006197]: DEBUG HeadObject → bucket: aiet-printflow-upload-prod  key: uploads/staging/a6ecff8b-db29-4d56-a2f2-bcd216644eb0/ac1dea36-26eb-4f65-a075-23e4688bcb0d/11bb143d-e629-4b77-9982-aee46b8bad8d.pdf
Jul 17 07:44:30 vithsutra kiosk-server[2006197]: {"time":"2026-07-17T07:44:30.325241023Z","level":"INFO","msg":"file price calculated","price":1,"sheets":1,"num_of_pages":1,"copies":1,"page_layout":1,"printing_mode":"monochromatic","printing_side":"single_side"}
Jul 17 07:44:30 vithsutra kiosk-server[2006197]: {"time":"2026-07-17T07:44:30.325298499Z","level":"INFO","msg":"Total done bebug","TotalAmount:":10,"TotalSheetes:":10}
Jul 17 07:44:30 vithsutra kiosk-server[2006197]: {"time":"2026-07-17T07:44:30.325317111Z","level":"INFO","msg":"Page Range bebugging","page_range:":["1"]}
Jul 17 07:44:30 vithsutra kiosk-server[2006197]: {"time":"2026-07-17T07:44:30.325338458Z","level":"INFO","msg":"file confirmed","session_id":"ac1dea36-26eb-4f65-a075-23e4688bcb0d","file_id":"11bb143d-e629-4b77-9982-aee46b8bad8d","file_name":"corporate strategy 1.pdf","sheets":1,"price":1}
Jul 17 07:44:30 vithsutra kiosk-server[2006197]: DEBUG: PageRange in UpdateFileWithPrintOptions: [1]
Jul 17 07:44:30 vithsutra kiosk-server[2006197]: DEBUG: PageRange in UpdateFileWithPrintOptions: [1]
Jul 17 07:44:30 vithsutra kiosk-server[2006197]: DEBUG: PageRange in UpdateFileWithPrintOptions: [1]
Jul 17 07:44:30 vithsutra kiosk-server[2006197]: DEBUG: PageRange in UpdateFileWithPrintOptions: [1]
Jul 17 07:44:30 vithsutra kiosk-server[2006197]: DEBUG: PageRange in UpdateFileWithPrintOptions: [1]
Jul 17 07:44:30 vithsutra kiosk-server[2006197]: DEBUG: PageRange in UpdateFileWithPrintOptions: [1]
Jul 17 07:44:30 vithsutra kiosk-server[2006197]: DEBUG: PageRange in UpdateFileWithPrintOptions: [1]
Jul 17 07:44:30 vithsutra kiosk-server[2006197]: DEBUG: PageRange in UpdateFileWithPrintOptions: [1]
Jul 17 07:44:31 vithsutra kiosk-server[2006197]: DEBUG: PageRange in UpdateFileWithPrintOptions: [1]
Jul 17 07:44:31 vithsutra kiosk-server[2006197]: DEBUG: PageRange in UpdateFileWithPrintOptions: [1]
Jul 17 07:44:31 vithsutra kiosk-server[2006197]: {"time":"2026-07-17T07:44:31.35853326Z","level":"INFO","msg":"confirm upload completed","session_id":"ac1dea36-26eb-4f65-a075-23e4688bcb0d","total_sheets":10,"total_amount":10}
Jul 17 07:44:31 vithsutra kiosk-server[2006197]: {"time":"2026-07-17T07:44:31.35873803Z","level":"INFO","msg":"request","method":"POST","path":"/files/upload/confirm","status":200,"bytes":2062,"duration_ms":2908,"request_id":"vithsutra/yJhBRTSzdo-004845","remote_addr":"2409:40f2:3154:dd83:8000::"}
Jul 17 07:44:31 vithsutra kiosk-server[2006197]: {"time":"2026-07-17T07:44:31.742403388Z","level":"INFO","msg":"request","method":"OPTIONS","path":"/payments/create","status":204,"bytes":0,"duration_ms":0,"request_id":"vithsutra/yJhBRTSzdo-004846","remote_addr":"2409:40f2:3154:dd83:8000::"}
Jul 17 07:44:32 vithsutra kiosk-server[2006197]: {"time":"2026-07-17T07:44:32.106952138Z","level":"INFO","msg":"create payment order started","session_id":"ac1dea36-26eb-4f65-a075-23e4688bcb0d","amount_paise_frontend":1000}
Jul 17 07:44:37 vithsutra kiosk-server[2006197]: {"time":"2026-07-17T07:44:37.523477949Z","level":"INFO","msg":"razorpay order created","session_id":"ac1dea36-26eb-4f65-a075-23e4688bcb0d","razorpay_order_id":"order_TEUYSxHii9d8Bz","amount_paise":1000}
Jul 17 07:44:37 vithsutra kiosk-server[2006197]: {"time":"2026-07-17T07:44:37.660081603Z","level":"INFO","msg":"create payment order completed","session_id":"ac1dea36-26eb-4f65-a075-23e4688bcb0d","payment_id":"4ed6202c-cb53-4f9b-b2c3-f1e1e537dbe4","razorpay_order_id":"order_TEUYSxHii9d8Bz"}
Jul 17 07:44:37 vithsutra kiosk-server[2006197]: {"time":"2026-07-17T07:44:37.660140869Z","level":"INFO","msg":"Amount:","Amount_paise":1000}
Jul 17 07:44:37 vithsutra kiosk-server[2006197]: {"time":"2026-07-17T07:44:37.660297884Z","level":"INFO","msg":"request","method":"POST","path":"/payments/create","status":201,"bytes":233,"duration_ms":5553,"request_id":"vithsutra/yJhBRTSzdo-004847","remote_addr":"2409:40f2:3154:dd83:8000::"}
Jul 17 07:44:59 vithsutra kiosk-server[2006197]: {"time":"2026-07-17T07:44:59.475509379Z","level":"INFO","msg":"webhook received","event":"payment.captured"}
Jul 17 07:44:59 vithsutra kiosk-server[2006197]: {"time":"2026-07-17T07:44:59.475554331Z","level":"INFO","msg":"processing payment success","razorpay_order_id":"order_TEUYSxHii9d8Bz","razorpay_payment_id":"pay_TEUYY5vzMdA3Vr"}
Jul 17 07:45:00 vithsutra kiosk-server[2006197]: {"time":"2026-07-17T07:45:00.298444401Z","level":"INFO","msg":"file promoted","session_id":"ac1dea36-26eb-4f65-a075-23e4688bcb0d","file_id":"b7601b35-7a56-4df3-9f3e-e215406b4308","final_key":"uploads/final/a6ecff8b-db29-4d56-a2f2-bcd216644eb0/ac1dea36-26eb-4f65-a075-23e4688bcb0d/b7601b35-7a56-4df3-9f3e-e215406b4308.pdf"}
Jul 17 07:45:00 vithsutra kiosk-server[2006197]: {"time":"2026-07-17T07:45:00.424970182Z","level":"INFO","msg":"file promoted","session_id":"ac1dea36-26eb-4f65-a075-23e4688bcb0d","file_id":"89346fba-3880-4152-b4e2-06edb66866d1","final_key":"uploads/final/a6ecff8b-db29-4d56-a2f2-bcd216644eb0/ac1dea36-26eb-4f65-a075-23e4688bcb0d/89346fba-3880-4152-b4e2-06edb66866d1.pdf"}
Jul 17 07:45:00 vithsutra kiosk-server[2006197]: {"time":"2026-07-17T07:45:00.577686359Z","level":"INFO","msg":"file promoted","session_id":"ac1dea36-26eb-4f65-a075-23e4688bcb0d","file_id":"d3db2d34-e64f-439a-a3f2-cf63f85609fe","final_key":"uploads/final/a6ecff8b-db29-4d56-a2f2-bcd216644eb0/ac1dea36-26eb-4f65-a075-23e4688bcb0d/d3db2d34-e64f-439a-a3f2-cf63f85609fe.pdf"}
Jul 17 07:45:00 vithsutra kiosk-server[2006197]: {"time":"2026-07-17T07:45:00.697596191Z","level":"INFO","msg":"file promoted","session_id":"ac1dea36-26eb-4f65-a075-23e4688bcb0d","file_id":"a55f343e-dc5a-4433-97c4-4163cd5fbd16","final_key":"uploads/final/a6ecff8b-db29-4d56-a2f2-bcd216644eb0/ac1dea36-26eb-4f65-a075-23e4688bcb0d/a55f343e-dc5a-4433-97c4-4163cd5fbd16.pdf"}
Jul 17 07:45:00 vithsutra kiosk-server[2006197]: {"time":"2026-07-17T07:45:00.816760501Z","level":"INFO","msg":"file promoted","session_id":"ac1dea36-26eb-4f65-a075-23e4688bcb0d","file_id":"6a320cbc-5119-4c0d-9faf-f46ea77f060d","final_key":"uploads/final/a6ecff8b-db29-4d56-a2f2-bcd216644eb0/ac1dea36-26eb-4f65-a075-23e4688bcb0d/6a320cbc-5119-4c0d-9faf-f46ea77f060d.pdf"}
Jul 17 07:45:00 vithsutra kiosk-server[2006197]: {"time":"2026-07-17T07:45:00.941465141Z","level":"INFO","msg":"file promoted","session_id":"ac1dea36-26eb-4f65-a075-23e4688bcb0d","file_id":"bb76acf6-481f-4f9d-a39f-ed92faf1f28c","final_key":"uploads/final/a6ecff8b-db29-4d56-a2f2-bcd216644eb0/ac1dea36-26eb-4f65-a075-23e4688bcb0d/bb76acf6-481f-4f9d-a39f-ed92faf1f28c.pdf"}
Jul 17 07:45:01 vithsutra kiosk-server[2006197]: {"time":"2026-07-17T07:45:01.078766013Z","level":"INFO","msg":"file promoted","session_id":"ac1dea36-26eb-4f65-a075-23e4688bcb0d","file_id":"d1a64b5e-8be5-484f-82c5-8886dff2304b","final_key":"uploads/final/a6ecff8b-db29-4d56-a2f2-bcd216644eb0/ac1dea36-26eb-4f65-a075-23e4688bcb0d/d1a64b5e-8be5-484f-82c5-8886dff2304b.pdf"}
Jul 17 07:45:01 vithsutra kiosk-server[2006197]: {"time":"2026-07-17T07:45:01.203793419Z","level":"INFO","msg":"file promoted","session_id":"ac1dea36-26eb-4f65-a075-23e4688bcb0d","file_id":"bc63b82d-a98e-4214-9151-0ad8feadad41","final_key":"uploads/final/a6ecff8b-db29-4d56-a2f2-bcd216644eb0/ac1dea36-26eb-4f65-a075-23e4688bcb0d/bc63b82d-a98e-4214-9151-0ad8feadad41.pdf"}
Jul 17 07:45:01 vithsutra kiosk-server[2006197]: {"time":"2026-07-17T07:45:01.421061213Z","level":"INFO","msg":"file promoted","session_id":"ac1dea36-26eb-4f65-a075-23e4688bcb0d","file_id":"a3f93cf1-7b13-4588-8229-15aed9bea676","final_key":"uploads/final/a6ecff8b-db29-4d56-a2f2-bcd216644eb0/ac1dea36-26eb-4f65-a075-23e4688bcb0d/a3f93cf1-7b13-4588-8229-15aed9bea676.pdf"}
Jul 17 07:45:01 vithsutra kiosk-server[2006197]: {"time":"2026-07-17T07:45:01.552643009Z","level":"INFO","msg":"file promoted","session_id":"ac1dea36-26eb-4f65-a075-23e4688bcb0d","file_id":"11bb143d-e629-4b77-9982-aee46b8bad8d","final_key":"uploads/final/a6ecff8b-db29-4d56-a2f2-bcd216644eb0/ac1dea36-26eb-4f65-a075-23e4688bcb0d/11bb143d-e629-4b77-9982-aee46b8bad8d.pdf"}
Jul 17 07:45:02 vithsutra kiosk-server[2006197]: {"time":"2026-07-17T07:45:02.71190727Z","level":"INFO","msg":"payment success committed","session_id":"ac1dea36-26eb-4f65-a075-23e4688bcb0d","razorpay_order_id":"order_TEUYSxHii9d8Bz","razorpay_payment_id":"pay_TEUYY5vzMdA3Vr","files_promoted":10}
Jul 17 07:45:02 vithsutra kiosk-server[2006197]: {"time":"2026-07-17T07:45:02.712032444Z","level":"INFO","msg":"request","method":"POST","path":"/webhooks/razorpay","status":200,"bytes":21,"duration_ms":3236,"request_id":"vithsutra/yJhBRTSzdo-004848","remote_addr":"52.66.75.174"}
Jul 17 07:45:12 vithsutra kiosk-server[2006197]: {"time":"2026-07-17T07:45:12.629459233Z","level":"INFO","msg":"request","method":"OPTIONS","path":"/payments/status/ac1dea36-26eb-4f65-a075-23e4688bcb0d","status":204,"bytes":0,"duration_ms":0,"request_id":"vithsutra/yJhBRTSzdo-004849","remote_addr":"2409:40f2:3154:dd83:8000::"}
Jul 17 07:45:13 vithsutra kiosk-server[2006197]: {"time":"2026-07-17T07:45:13.132914815Z","level":"INFO","msg":"get job by session ID started","session_id":"ac1dea36-26eb-4f65-a075-23e4688bcb0d"}
Jul 17 07:45:13 vithsutra kiosk-server[2006197]: {"time":"2026-07-17T07:45:13.201299375Z","level":"INFO","msg":"Token Debugging","Token:":"660284"}
Jul 17 07:45:13 vithsutra kiosk-server[2006197]: {"time":"2026-07-17T07:45:13.269419458Z","level":"INFO","msg":"get job by session ID completed","session_id":"ac1dea36-26eb-4f65-a075-23e4688bcb0d","file_count":10}
Jul 17 07:45:13 vithsutra kiosk-server[2006197]: {"time":"2026-07-17T07:45:13.269703857Z","level":"INFO","msg":"request","method":"GET","path":"/payments/status/ac1dea36-26eb-4f65-a075-23e4688bcb0d","status":200,"bytes":4401,"duration_ms":136,"request_id":"vithsutra/yJhBRTSzdo-004850","remote_addr":"2409:40f2:3154:dd83:8000::"}
Jul 17 07:45:19 vithsutra kiosk-server[2006197]: {"time":"2026-07-17T07:45:19.542310431Z","level":"INFO","msg":"get job by token started","token":660284}
Jul 17 07:45:19 vithsutra kiosk-server[2006197]: DEBUG PRESIGN GET URL: https://aiet-printflow-upload-prod.s3.ap-south-1.amazonaws.com/uploads/final/a6ecff8b-db29-4d56-a2f2-bcd216644eb0/ac1dea36-26eb-4f65-a075-23e4688bcb0d/b7601b35-7a56-4df3-9f3e-e215406b4308.pdf?X-Amz-Algorithm=AWS4-HMAC-SHA256&X-Amz-Checksum-Mode=ENABLED&X-Amz-Credential=AKIAURY6ZINDKCABHGV3%2F20260717%2Fap-south-1%2Fs3%2Faws4_request&X-Amz-Date=20260717T074519Z&X-Amz-Expires=900&X-Amz-SignedHeaders=host&x-id=GetObject&X-Amz-Signature=04f61ec1adc43853acf8a40e8c5d00e6aac592f9140cc37b1657229116ce7eba
Jul 17 07:45:19 vithsutra kiosk-server[2006197]: {"time":"2026-07-17T07:45:19.745110619Z","level":"INFO","msg":"final_Key_Bebugging","final_key:":"uploads/final/a6ecff8b-db29-4d56-a2f2-bcd216644eb0/ac1dea36-26eb-4f65-a075-23e4688bcb0d/b7601b35-7a56-4df3-9f3e-e215406b4308.pdf"}
Jul 17 07:45:19 vithsutra kiosk-server[2006197]: DEBUG PRESIGN GET URL: https://aiet-printflow-upload-prod.s3.ap-south-1.amazonaws.com/uploads/final/a6ecff8b-db29-4d56-a2f2-bcd216644eb0/ac1dea36-26eb-4f65-a075-23e4688bcb0d/89346fba-3880-4152-b4e2-06edb66866d1.pdf?X-Amz-Algorithm=AWS4-HMAC-SHA256&X-Amz-Checksum-Mode=ENABLED&X-Amz-Credential=AKIAURY6ZINDKCABHGV3%2F20260717%2Fap-south-1%2Fs3%2Faws4_request&X-Amz-Date=20260717T074519Z&X-Amz-Expires=900&X-Amz-SignedHeaders=host&x-id=GetObject&X-Amz-Signature=f471ddc4ceb920681b9f4c527ae55977831d9be5a42ba5e7b2fe308c707403a1
Jul 17 07:45:19 vithsutra kiosk-server[2006197]: {"time":"2026-07-17T07:45:19.745322628Z","level":"INFO","msg":"final_Key_Bebugging","final_key:":"uploads/final/a6ecff8b-db29-4d56-a2f2-bcd216644eb0/ac1dea36-26eb-4f65-a075-23e4688bcb0d/89346fba-3880-4152-b4e2-06edb66866d1.pdf"}
Jul 17 07:45:19 vithsutra kiosk-server[2006197]: DEBUG PRESIGN GET URL: https://aiet-printflow-upload-prod.s3.ap-south-1.amazonaws.com/uploads/final/a6ecff8b-db29-4d56-a2f2-bcd216644eb0/ac1dea36-26eb-4f65-a075-23e4688bcb0d/d3db2d34-e64f-439a-a3f2-cf63f85609fe.pdf?X-Amz-Algorithm=AWS4-HMAC-SHA256&X-Amz-Checksum-Mode=ENABLED&X-Amz-Credential=AKIAURY6ZINDKCABHGV3%2F20260717%2Fap-south-1%2Fs3%2Faws4_request&X-Amz-Date=20260717T074519Z&X-Amz-Expires=900&X-Amz-SignedHeaders=host&x-id=GetObject&X-Amz-Signature=992847573d38a85e41ef8bd2a12e1c0c409f8acd58081c86d0fc62fb1cfea982
Jul 17 07:45:19 vithsutra kiosk-server[2006197]: {"time":"2026-07-17T07:45:19.745529076Z","level":"INFO","msg":"final_Key_Bebugging","final_key:":"uploads/final/a6ecff8b-db29-4d56-a2f2-bcd216644eb0/ac1dea36-26eb-4f65-a075-23e4688bcb0d/d3db2d34-e64f-439a-a3f2-cf63f85609fe.pdf"}
Jul 17 07:45:19 vithsutra kiosk-server[2006197]: DEBUG PRESIGN GET URL: https://aiet-printflow-upload-prod.s3.ap-south-1.amazonaws.com/uploads/final/a6ecff8b-db29-4d56-a2f2-bcd216644eb0/ac1dea36-26eb-4f65-a075-23e4688bcb0d/a55f343e-dc5a-4433-97c4-4163cd5fbd16.pdf?X-Amz-Algorithm=AWS4-HMAC-SHA256&X-Amz-Checksum-Mode=ENABLED&X-Amz-Credential=AKIAURY6ZINDKCABHGV3%2F20260717%2Fap-south-1%2Fs3%2Faws4_request&X-Amz-Date=20260717T074519Z&X-Amz-Expires=900&X-Amz-SignedHeaders=host&x-id=GetObject&X-Amz-Signature=5780cb10ff4d5c21591e9faf069f1c19d724d6da00c7726bb1e1878890395ec8
Jul 17 07:45:19 vithsutra kiosk-server[2006197]: {"time":"2026-07-17T07:45:19.745925238Z","level":"INFO","msg":"final_Key_Bebugging","final_key:":"uploads/final/a6ecff8b-db29-4d56-a2f2-bcd216644eb0/ac1dea36-26eb-4f65-a075-23e4688bcb0d/a55f343e-dc5a-4433-97c4-4163cd5fbd16.pdf"}
Jul 17 07:45:19 vithsutra kiosk-server[2006197]: DEBUG PRESIGN GET URL: https://aiet-printflow-upload-prod.s3.ap-south-1.amazonaws.com/uploads/final/a6ecff8b-db29-4d56-a2f2-bcd216644eb0/ac1dea36-26eb-4f65-a075-23e4688bcb0d/6a320cbc-5119-4c0d-9faf-f46ea77f060d.pdf?X-Amz-Algorithm=AWS4-HMAC-SHA256&X-Amz-Checksum-Mode=ENABLED&X-Amz-Credential=AKIAURY6ZINDKCABHGV3%2F20260717%2Fap-south-1%2Fs3%2Faws4_request&X-Amz-Date=20260717T074519Z&X-Amz-Expires=900&X-Amz-SignedHeaders=host&x-id=GetObject&X-Amz-Signature=6c72372583d75c85a9baf7610c57d275606ba75a3a5be8198eaf829062d471b1
Jul 17 07:45:19 vithsutra kiosk-server[2006197]: {"time":"2026-07-17T07:45:19.74614667Z","level":"INFO","msg":"final_Key_Bebugging","final_key:":"uploads/final/a6ecff8b-db29-4d56-a2f2-bcd216644eb0/ac1dea36-26eb-4f65-a075-23e4688bcb0d/6a320cbc-5119-4c0d-9faf-f46ea77f060d.pdf"}
Jul 17 07:45:19 vithsutra kiosk-server[2006197]: DEBUG PRESIGN GET URL: https://aiet-printflow-upload-prod.s3.ap-south-1.amazonaws.com/uploads/final/a6ecff8b-db29-4d56-a2f2-bcd216644eb0/ac1dea36-26eb-4f65-a075-23e4688bcb0d/bb76acf6-481f-4f9d-a39f-ed92faf1f28c.pdf?X-Amz-Algorithm=AWS4-HMAC-SHA256&X-Amz-Checksum-Mode=ENABLED&X-Amz-Credential=AKIAURY6ZINDKCABHGV3%2F20260717%2Fap-south-1%2Fs3%2Faws4_request&X-Amz-Date=20260717T074519Z&X-Amz-Expires=900&X-Amz-SignedHeaders=host&x-id=GetObject&X-Amz-Signature=eeaef648672286dc8bfca459f7755596bd7a8eaca3ffed5f21192f46872a7220
Jul 17 07:45:19 vithsutra kiosk-server[2006197]: {"time":"2026-07-17T07:45:19.74634423Z","level":"INFO","msg":"final_Key_Bebugging","final_key:":"uploads/final/a6ecff8b-db29-4d56-a2f2-bcd216644eb0/ac1dea36-26eb-4f65-a075-23e4688bcb0d/bb76acf6-481f-4f9d-a39f-ed92faf1f28c.pdf"}
Jul 17 07:45:19 vithsutra kiosk-server[2006197]: DEBUG PRESIGN GET URL: https://aiet-printflow-upload-prod.s3.ap-south-1.amazonaws.com/uploads/final/a6ecff8b-db29-4d56-a2f2-bcd216644eb0/ac1dea36-26eb-4f65-a075-23e4688bcb0d/d1a64b5e-8be5-484f-82c5-8886dff2304b.pdf?X-Amz-Algorithm=AWS4-HMAC-SHA256&X-Amz-Checksum-Mode=ENABLED&X-Amz-Credential=AKIAURY6ZINDKCABHGV3%2F20260717%2Fap-south-1%2Fs3%2Faws4_request&X-Amz-Date=20260717T074519Z&X-Amz-Expires=900&X-Amz-SignedHeaders=host&x-id=GetObject&X-Amz-Signature=d2e7d432b5a25a45d3377d5c4b0f0ff2522fb5e69cb65a86a5302688c65a5733
Jul 17 07:45:19 vithsutra kiosk-server[2006197]: {"time":"2026-07-17T07:45:19.746599875Z","level":"INFO","msg":"final_Key_Bebugging","final_key:":"uploads/final/a6ecff8b-db29-4d56-a2f2-bcd216644eb0/ac1dea36-26eb-4f65-a075-23e4688bcb0d/d1a64b5e-8be5-484f-82c5-8886dff2304b.pdf"}
Jul 17 07:45:19 vithsutra kiosk-server[2006197]: DEBUG PRESIGN GET URL: https://aiet-printflow-upload-prod.s3.ap-south-1.amazonaws.com/uploads/final/a6ecff8b-db29-4d56-a2f2-bcd216644eb0/ac1dea36-26eb-4f65-a075-23e4688bcb0d/bc63b82d-a98e-4214-9151-0ad8feadad41.pdf?X-Amz-Algorithm=AWS4-HMAC-SHA256&X-Amz-Checksum-Mode=ENABLED&X-Amz-Credential=AKIAURY6ZINDKCABHGV3%2F20260717%2Fap-south-1%2Fs3%2Faws4_request&X-Amz-Date=20260717T074519Z&X-Amz-Expires=900&X-Amz-SignedHeaders=host&x-id=GetObject&X-Amz-Signature=de966f9c45854ae8eb0fcba7e5bc88b4e96efca39ece28ebef03db876ef37653
Jul 17 07:45:19 vithsutra kiosk-server[2006197]: {"time":"2026-07-17T07:45:19.746868526Z","level":"INFO","msg":"final_Key_Bebugging","final_key:":"uploads/final/a6ecff8b-db29-4d56-a2f2-bcd216644eb0/ac1dea36-26eb-4f65-a075-23e4688bcb0d/bc63b82d-a98e-4214-9151-0ad8feadad41.pdf"}
Jul 17 07:45:19 vithsutra kiosk-server[2006197]: DEBUG PRESIGN GET URL: https://aiet-printflow-upload-prod.s3.ap-south-1.amazonaws.com/uploads/final/a6ecff8b-db29-4d56-a2f2-bcd216644eb0/ac1dea36-26eb-4f65-a075-23e4688bcb0d/a3f93cf1-7b13-4588-8229-15aed9bea676.pdf?X-Amz-Algorithm=AWS4-HMAC-SHA256&X-Amz-Checksum-Mode=ENABLED&X-Amz-Credential=AKIAURY6ZINDKCABHGV3%2F20260717%2Fap-south-1%2Fs3%2Faws4_request&X-Amz-Date=20260717T074519Z&X-Amz-Expires=900&X-Amz-SignedHeaders=host&x-id=GetObject&X-Amz-Signature=f9826da7d5c437c2e531563d85aa551847abbc8103acb49ba4c1b138ffa555f5
Jul 17 07:45:19 vithsutra kiosk-server[2006197]: {"time":"2026-07-17T07:45:19.747057654Z","level":"INFO","msg":"final_Key_Bebugging","final_key:":"uploads/final/a6ecff8b-db29-4d56-a2f2-bcd216644eb0/ac1dea36-26eb-4f65-a075-23e4688bcb0d/a3f93cf1-7b13-4588-8229-15aed9bea676.pdf"}
Jul 17 07:45:19 vithsutra kiosk-server[2006197]: DEBUG PRESIGN GET URL: https://aiet-printflow-upload-prod.s3.ap-south-1.amazonaws.com/uploads/final/a6ecff8b-db29-4d56-a2f2-bcd216644eb0/ac1dea36-26eb-4f65-a075-23e4688bcb0d/11bb143d-e629-4b77-9982-aee46b8bad8d.pdf?X-Amz-Algorithm=AWS4-HMAC-SHA256&X-Amz-Checksum-Mode=ENABLED&X-Amz-Credential=AKIAURY6ZINDKCABHGV3%2F20260717%2Fap-south-1%2Fs3%2Faws4_request&X-Amz-Date=20260717T074519Z&X-Amz-Expires=900&X-Amz-SignedHeaders=host&x-id=GetObject&X-Amz-Signature=5818a10721b2f3bc26f3a40ce6e660cb46a1f6ab43dd9f110d9a35bf2ea08d3e
Jul 17 07:45:19 vithsutra kiosk-server[2006197]: {"time":"2026-07-17T07:45:19.747597452Z","level":"INFO","msg":"final_Key_Bebugging","final_key:":"uploads/final/a6ecff8b-db29-4d56-a2f2-bcd216644eb0/ac1dea36-26eb-4f65-a075-23e4688bcb0d/11bb143d-e629-4b77-9982-aee46b8bad8d.pdf"}
Jul 17 07:45:19 vithsutra kiosk-server[2006197]: {"time":"2026-07-17T07:45:19.747627859Z","level":"INFO","msg":"get job by token completed","token":660284,"session_id":"ac1dea36-26eb-4f65-a075-23e4688bcb0d","file_count":10}
Jul 17 07:45:19 vithsutra kiosk-server[2006197]: {"time":"2026-07-17T07:45:19.747964521Z","level":"INFO","msg":"request","method":"POST","path":"/print/jobs/token","status":200,"bytes":7881,"duration_ms":205,"request_id":"vithsutra/yJhBRTSzdo-004851","remote_addr":"103.89.233.254"}
Jul 17 07:45:51 vithsutra kiosk-server[2006197]: {"time":"2026-07-17T07:45:51.211347621Z","level":"INFO","msg":"expire session after printing started","session_id":"ac1dea36-26eb-4f65-a075-23e4688bcb0d"}
Jul 17 07:45:51 vithsutra kiosk-server[2006197]: {"time":"2026-07-17T07:45:51.413537044Z","level":"INFO","msg":"session marked completed","session_id":"ac1dea36-26eb-4f65-a075-23e4688bcb0d"}
Jul 17 07:45:51 vithsutra kiosk-server[2006197]: {"time":"2026-07-17T07:45:51.548009686Z","level":"WARN","msg":"no completed file found for session ac1dea36-26eb-4f65-a075-23e4688bcb0d","code":"no_completed_file"}
Jul 17 07:45:51 vithsutra kiosk-server[2006197]: {"time":"2026-07-17T07:45:51.548112456Z","level":"INFO","msg":"request","method":"POST","path":"/print/jobs/expire","status":404,"bytes":124,"duration_ms":336,"request_id":"vithsutra/yJhBRTSzdo-004852","remote_addr":"103.89.233.254"}
Jul 17 07:46:04 vithsutra kiosk-server[2006197]: {"time":"2026-07-17T07:46:04.619873979Z","level":"INFO","msg":"expire session after printing started","session_id":"ac1dea36-26eb-4f65-a075-23e4688bcb0d"}
Jul 17 07:46:04 vithsutra kiosk-server[2006197]: {"time":"2026-07-17T07:46:04.686776371Z","level":"WARN","msg":"this session has already been completed","code":"session_already_completed"}
Jul 17 07:46:04 vithsutra kiosk-server[2006197]: {"time":"2026-07-17T07:46:04.686954945Z","level":"INFO","msg":"request","method":"POST","path":"/print/jobs/expire","status":400,"bytes":99,"duration_ms":67,"request_id":"vithsutra/yJhBRTSzdo-004853","remote_addr":"103.89.233.254"}
Jul 17 07:46:17 vithsutra kiosk-server[2006197]: {"time":"2026-07-17T07:46:17.805803705Z","level":"INFO","msg":"expire session after printing started","session_id":"ac1dea36-26eb-4f65-a075-23e4688bcb0d"}
Jul 17 07:46:17 vithsutra kiosk-server[2006197]: {"time":"2026-07-17T07:46:17.872901029Z","level":"WARN","msg":"this session has already been completed","code":"session_already_completed"}
Jul 17 07:46:17 vithsutra kiosk-server[2006197]: {"time":"2026-07-17T07:46:17.872957523Z","level":"INFO","msg":"request","method":"POST","path":"/print/jobs/expire","status":400,"bytes":99,"duration_ms":67,"request_id":"vithsutra/yJhBRTSzdo-004854","remote_addr":"103.89.233.254"}
Jul 17 07:46:30 vithsutra kiosk-server[2006197]: {"time":"2026-07-17T07:46:30.8777662Z","level":"INFO","msg":"expire session after printing started","session_id":"ac1dea36-26eb-4f65-a075-23e4688bcb0d"}
Jul 17 07:46:30 vithsutra kiosk-server[2006197]: {"time":"2026-07-17T07:46:30.945427668Z","level":"WARN","msg":"this session has already been completed","code":"session_already_completed"}
Jul 17 07:46:30 vithsutra kiosk-server[2006197]: {"time":"2026-07-17T07:46:30.945531974Z","level":"INFO","msg":"request","method":"POST","path":"/print/jobs/expire","status":400,"bytes":99,"duration_ms":67,"request_id":"vithsutra/yJhBRTSzdo-004855","remote_addr":"103.89.233.254"}
Jul 17 07:46:44 vithsutra kiosk-server[2006197]: {"time":"2026-07-17T07:46:44.244018379Z","level":"INFO","msg":"expire session after printing started","session_id":"ac1dea36-26eb-4f65-a075-23e4688bcb0d"}
Jul 17 07:46:44 vithsutra kiosk-server[2006197]: {"time":"2026-07-17T07:46:44.311100876Z","level":"WARN","msg":"this session has already been completed","code":"session_already_completed"}
Jul 17 07:46:44 vithsutra kiosk-server[2006197]: {"time":"2026-07-17T07:46:44.311219154Z","level":"INFO","msg":"request","method":"POST","path":"/print/jobs/expire","status":400,"bytes":99,"duration_ms":67,"request_id":"vithsutra/yJhBRTSzdo-004856","remote_addr":"103.89.233.254"}
Jul 17 07:46:57 vithsutra kiosk-server[2006197]: {"time":"2026-07-17T07:46:57.22274292Z","level":"INFO","msg":"expire session after printing started","session_id":"ac1dea36-26eb-4f65-a075-23e4688bcb0d"}
Jul 17 07:46:57 vithsutra kiosk-server[2006197]: {"time":"2026-07-17T07:46:57.288269663Z","level":"WARN","msg":"this session has already been completed","code":"session_already_completed"}
Jul 17 07:46:57 vithsutra kiosk-server[2006197]: {"time":"2026-07-17T07:46:57.288367469Z","level":"INFO","msg":"request","method":"POST","path":"/print/jobs/expire","status":400,"bytes":99,"duration_ms":65,"request_id":"vithsutra/yJhBRTSzdo-004857","remote_addr":"103.89.233.254"}
Jul 17 07:47:10 vithsutra kiosk-server[2006197]: {"time":"2026-07-17T07:47:10.569610177Z","level":"INFO","msg":"expire session after printing started","session_id":"ac1dea36-26eb-4f65-a075-23e4688bcb0d"}
Jul 17 07:47:10 vithsutra kiosk-server[2006197]: {"time":"2026-07-17T07:47:10.636554703Z","level":"WARN","msg":"this session has already been completed","code":"session_already_completed"}
Jul 17 07:47:10 vithsutra kiosk-server[2006197]: {"time":"2026-07-17T07:47:10.636947516Z","level":"INFO","msg":"request","method":"POST","path":"/print/jobs/expire","status":400,"bytes":99,"duration_ms":67,"request_id":"vithsutra/yJhBRTSzdo-004858","remote_addr":"103.89.233.254"}
Jul 17 07:47:23 vithsutra kiosk-server[2006197]: {"time":"2026-07-17T07:47:23.751326142Z","level":"INFO","msg":"expire session after printing started","session_id":"ac1dea36-26eb-4f65-a075-23e4688bcb0d"}
Jul 17 07:47:23 vithsutra kiosk-server[2006197]: {"time":"2026-07-17T07:47:23.818366668Z","level":"WARN","msg":"this session has already been completed","code":"session_already_completed"}
Jul 17 07:47:23 vithsutra kiosk-server[2006197]: {"time":"2026-07-17T07:47:23.818457515Z","level":"INFO","msg":"request","method":"POST","path":"/print/jobs/expire","status":400,"bytes":99,"duration_ms":67,"request_id":"vithsutra/yJhBRTSzdo-004859","remote_addr":"103.89.233.254"}
Jul 17 07:47:36 vithsutra kiosk-server[2006197]: {"time":"2026-07-17T07:47:36.930426873Z","level":"INFO","msg":"expire session after printing started","session_id":"ac1dea36-26eb-4f65-a075-23e4688bcb0d"}
Jul 17 07:47:36 vithsutra kiosk-server[2006197]: {"time":"2026-07-17T07:47:36.997345311Z","level":"WARN","msg":"this session has already been completed","code":"session_already_completed"}
Jul 17 07:47:36 vithsutra kiosk-server[2006197]: {"time":"2026-07-17T07:47:36.99743715Z","level":"INFO","msg":"request","method":"POST","path":"/print/jobs/expire","status":400,"bytes":99,"duration_ms":67,"request_id":"vithsutra/yJhBRTSzdo-004860","remote_addr":"103.89.233.254"}
Jul 17 07:47:50 vithsutra kiosk-server[2006197]: {"time":"2026-07-17T07:47:50.413492232Z","level":"INFO","msg":"expire session after printing started","session_id":"ac1dea36-26eb-4f65-a075-23e4688bcb0d"}
Jul 17 07:47:50 vithsutra kiosk-server[2006197]: {"time":"2026-07-17T07:47:50.480347371Z","level":"WARN","msg":"this session has already been completed","code":"session_already_completed"}
Jul 17 07:47:50 vithsutra kiosk-server[2006197]: {"time":"2026-07-17T07:47:50.480433428Z","level":"INFO","msg":"request","method":"POST","path":"/print/jobs/expire","status":400,"bytes":99,"duration_ms":66,"request_id":"vithsutra/yJhBRTSzdo-004861","remote_addr":"103.89.233.254"}
Jul 17 07:49:15 vithsutra kiosk-server[2006197]: {"time":"2026-07-17T07:49:15.634820456Z","level":"INFO","msg":"request","method":"OPTIONS","path":"/files/upload/init","status":204,"bytes":0,"duration_ms":0,"request_id":"vithsutra/yJhBRTSzdo-004862","remote_addr":"2409:40f2:3154:dd83:8000::"}
Jul 17 07:49:15 vithsutra kiosk-server[2006197]: {"time":"2026-07-17T07:49:15.894798351Z","level":"INFO","msg":"USERID","userId:":"a6ecff8b-db29-4d56-a2f2-bcd216644eb0"}
Jul 17 07:49:15 vithsutra kiosk-server[2006197]: {"time":"2026-07-17T07:49:15.894864874Z","level":"INFO","msg":"USEREMAIL","userEmail:":"4al25ba073@alvascollege.com"}
Jul 17 07:49:15 vithsutra kiosk-server[2006197]: {"time":"2026-07-17T07:49:15.894883565Z","level":"INFO","msg":"init upload started","user_id":"a6ecff8b-db29-4d56-a2f2-bcd216644eb0","file_count":9,"request_payload":{"files":[{"file_name":"Coursera 9MNK186ND9HZ.PDF","content_type":"application/pdf"},{"file_name":"Coursera Q95KZV09EXP2.PDF","content_type":"application/pdf"},{"file_name":"Coursera 0FTFY5O79OLA.PDF","content_type":"application/pdf"},{"file_name":"Coursera GACR028ATE4D.PDF","content_type":"application/pdf"},{"file_name":"1000322292.pdf","content_type":"application/pdf"},{"file_name":"CERTIFICATE_LANDING_PAGE~A6VRTCRCNY3T.pdf","content_type":"application/pdf"},{"file_name":"DocScanner Jul 17, 2026 12-35 PM.pdf","content_type":"application/pdf"},{"file_name":"Document20260717_123848.pdf","content_type":"application/pdf"},{"file_name":"Document20260717_123808.pdf","content_type":"application/pdf"}]}}
Jul 17 07:49:16 vithsutra kiosk-server[2006197]: {"time":"2026-07-17T07:49:16.97571568Z","level":"INFO","msg":"upload session created","session_id":"0d38439c-2841-4d5b-bc74-8da784ebf30c","user_id":"a6ecff8b-db29-4d56-a2f2-bcd216644eb0","expires_at":"2026-07-24T07:49:16.867203234Z"}
Jul 17 07:49:17 vithsutra kiosk-server[2006197]: {"time":"2026-07-17T07:49:17.618291367Z","level":"INFO","msg":"init upload completed","session_id":"0d38439c-2841-4d5b-bc74-8da784ebf30c","user_id":"a6ecff8b-db29-4d56-a2f2-bcd216644eb0","file_count":9}
Jul 17 07:49:17 vithsutra kiosk-server[2006197]: {"time":"2026-07-17T07:49:17.618885159Z","level":"INFO","msg":"request","method":"POST","path":"/files/upload/init","status":201,"bytes":7508,"duration_ms":1724,"request_id":"vithsutra/yJhBRTSzdo-004863","remote_addr":"2409:40f2:3154:dd83:8000::"}
Jul 17 07:49:23 vithsutra kiosk-server[2006197]: {"time":"2026-07-17T07:49:23.928186903Z","level":"INFO","msg":"request","method":"OPTIONS","path":"/files/upload/confirm","status":204,"bytes":0,"duration_ms":0,"request_id":"vithsutra/yJhBRTSzdo-004864","remote_addr":"2409:40f2:3154:dd83:8000::"}
Jul 17 07:49:24 vithsutra kiosk-server[2006197]: {"time":"2026-07-17T07:49:24.314801352Z","level":"INFO","msg":"confirm upload started","session_id":"0d38439c-2841-4d5b-bc74-8da784ebf30c","file_count":9}
Jul 17 07:49:24 vithsutra kiosk-server[2006197]: {"time":"2026-07-17T07:49:24.419728567Z","level":"INFO","msg":"session validated for confirm","session_id":"0d38439c-2841-4d5b-bc74-8da784ebf30c","status":"created"}
Jul 17 07:49:24 vithsutra kiosk-server[2006197]: DEBUG HeadObject → bucket: aiet-printflow-upload-prod  key: uploads/staging/a6ecff8b-db29-4d56-a2f2-bcd216644eb0/0d38439c-2841-4d5b-bc74-8da784ebf30c/59ce72b8-75f9-461e-9a4f-128bbcd06e91.pdf
Jul 17 07:49:24 vithsutra kiosk-server[2006197]: {"time":"2026-07-17T07:49:24.690443994Z","level":"INFO","msg":"file price calculated","price":1,"sheets":1,"num_of_pages":1,"copies":1,"page_layout":1,"printing_mode":"monochromatic","printing_side":"single_side"}
Jul 17 07:49:24 vithsutra kiosk-server[2006197]: {"time":"2026-07-17T07:49:24.690503111Z","level":"INFO","msg":"Total done bebug","TotalAmount:":1,"TotalSheetes:":1}
Jul 17 07:49:24 vithsutra kiosk-server[2006197]: {"time":"2026-07-17T07:49:24.690524161Z","level":"INFO","msg":"Page Range bebugging","page_range:":["1"]}
Jul 17 07:49:24 vithsutra kiosk-server[2006197]: {"time":"2026-07-17T07:49:24.690545162Z","level":"INFO","msg":"file confirmed","session_id":"0d38439c-2841-4d5b-bc74-8da784ebf30c","file_id":"59ce72b8-75f9-461e-9a4f-128bbcd06e91","file_name":"Coursera 9MNK186ND9HZ.PDF","sheets":1,"price":1}
Jul 17 07:49:24 vithsutra kiosk-server[2006197]: DEBUG HeadObject → bucket: aiet-printflow-upload-prod  key: uploads/staging/a6ecff8b-db29-4d56-a2f2-bcd216644eb0/0d38439c-2841-4d5b-bc74-8da784ebf30c/7d17db3e-104f-4ebf-834e-30e8bdf9dc40.pdf
Jul 17 07:49:24 vithsutra kiosk-server[2006197]: {"time":"2026-07-17T07:49:24.787429518Z","level":"INFO","msg":"file price calculated","price":1,"sheets":1,"num_of_pages":1,"copies":1,"page_layout":1,"printing_mode":"monochromatic","printing_side":"single_side"}
Jul 17 07:49:24 vithsutra kiosk-server[2006197]: {"time":"2026-07-17T07:49:24.78748295Z","level":"INFO","msg":"Total done bebug","TotalAmount:":2,"TotalSheetes:":2}
Jul 17 07:49:24 vithsutra kiosk-server[2006197]: {"time":"2026-07-17T07:49:24.787503995Z","level":"INFO","msg":"Page Range bebugging","page_range:":["1"]}
Jul 17 07:49:24 vithsutra kiosk-server[2006197]: {"time":"2026-07-17T07:49:24.787525112Z","level":"INFO","msg":"file confirmed","session_id":"0d38439c-2841-4d5b-bc74-8da784ebf30c","file_id":"7d17db3e-104f-4ebf-834e-30e8bdf9dc40","file_name":"Coursera Q95KZV09EXP2.PDF","sheets":1,"price":1}
Jul 17 07:49:24 vithsutra kiosk-server[2006197]: DEBUG HeadObject → bucket: aiet-printflow-upload-prod  key: uploads/staging/a6ecff8b-db29-4d56-a2f2-bcd216644eb0/0d38439c-2841-4d5b-bc74-8da784ebf30c/720b5d4f-3772-4ebc-b8fd-7cace30dcacc.pdf
Jul 17 07:49:24 vithsutra kiosk-server[2006197]: {"time":"2026-07-17T07:49:24.880011687Z","level":"INFO","msg":"file price calculated","price":1,"sheets":1,"num_of_pages":1,"copies":1,"page_layout":1,"printing_mode":"monochromatic","printing_side":"single_side"}
Jul 17 07:49:24 vithsutra kiosk-server[2006197]: {"time":"2026-07-17T07:49:24.880078502Z","level":"INFO","msg":"Total done bebug","TotalAmount:":3,"TotalSheetes:":3}
Jul 17 07:49:24 vithsutra kiosk-server[2006197]: {"time":"2026-07-17T07:49:24.880101565Z","level":"INFO","msg":"Page Range bebugging","page_range:":["1"]}
Jul 17 07:49:24 vithsutra kiosk-server[2006197]: {"time":"2026-07-17T07:49:24.880124351Z","level":"INFO","msg":"file confirmed","session_id":"0d38439c-2841-4d5b-bc74-8da784ebf30c","file_id":"720b5d4f-3772-4ebc-b8fd-7cace30dcacc","file_name":"Coursera 0FTFY5O79OLA.PDF","sheets":1,"price":1}
Jul 17 07:49:24 vithsutra kiosk-server[2006197]: DEBUG HeadObject → bucket: aiet-printflow-upload-prod  key: uploads/staging/a6ecff8b-db29-4d56-a2f2-bcd216644eb0/0d38439c-2841-4d5b-bc74-8da784ebf30c/87e1f32f-92d0-48dc-88e4-50683f135ba1.pdf
Jul 17 07:49:24 vithsutra kiosk-server[2006197]: {"time":"2026-07-17T07:49:24.97410426Z","level":"INFO","msg":"file price calculated","price":1,"sheets":1,"num_of_pages":1,"copies":1,"page_layout":1,"printing_mode":"monochromatic","printing_side":"single_side"}
Jul 17 07:49:24 vithsutra kiosk-server[2006197]: {"time":"2026-07-17T07:49:24.97417591Z","level":"INFO","msg":"Total done bebug","TotalAmount:":4,"TotalSheetes:":4}
Jul 17 07:49:24 vithsutra kiosk-server[2006197]: {"time":"2026-07-17T07:49:24.974201296Z","level":"INFO","msg":"Page Range bebugging","page_range:":["1"]}
Jul 17 07:49:24 vithsutra kiosk-server[2006197]: {"time":"2026-07-17T07:49:24.974225879Z","level":"INFO","msg":"file confirmed","session_id":"0d38439c-2841-4d5b-bc74-8da784ebf30c","file_id":"87e1f32f-92d0-48dc-88e4-50683f135ba1","file_name":"Coursera GACR028ATE4D.PDF","sheets":1,"price":1}
Jul 17 07:49:25 vithsutra kiosk-server[2006197]: DEBUG HeadObject → bucket: aiet-printflow-upload-prod  key: uploads/staging/a6ecff8b-db29-4d56-a2f2-bcd216644eb0/0d38439c-2841-4d5b-bc74-8da784ebf30c/0d36db02-6497-4ba7-b7b0-6236b17dba5f.pdf
Jul 17 07:49:25 vithsutra kiosk-server[2006197]: {"time":"2026-07-17T07:49:25.067680443Z","level":"INFO","msg":"file price calculated","price":2,"sheets":2,"num_of_pages":2,"copies":1,"page_layout":1,"printing_mode":"monochromatic","printing_side":"single_side"}
Jul 17 07:49:25 vithsutra kiosk-server[2006197]: {"time":"2026-07-17T07:49:25.067743127Z","level":"INFO","msg":"Total done bebug","TotalAmount:":6,"TotalSheetes:":6}
Jul 17 07:49:25 vithsutra kiosk-server[2006197]: {"time":"2026-07-17T07:49:25.067764741Z","level":"INFO","msg":"Page Range bebugging","page_range:":["1-2"]}
Jul 17 07:49:25 vithsutra kiosk-server[2006197]: {"time":"2026-07-17T07:49:25.067787132Z","level":"INFO","msg":"file confirmed","session_id":"0d38439c-2841-4d5b-bc74-8da784ebf30c","file_id":"0d36db02-6497-4ba7-b7b0-6236b17dba5f","file_name":"1000322292.pdf","sheets":2,"price":2}
Jul 17 07:49:25 vithsutra kiosk-server[2006197]: DEBUG HeadObject → bucket: aiet-printflow-upload-prod  key: uploads/staging/a6ecff8b-db29-4d56-a2f2-bcd216644eb0/0d38439c-2841-4d5b-bc74-8da784ebf30c/0b6cd947-2dac-4c6f-ba84-898c118a7a98.pdf
Jul 17 07:49:25 vithsutra kiosk-server[2006197]: {"time":"2026-07-17T07:49:25.160750594Z","level":"INFO","msg":"file price calculated","price":1,"sheets":1,"num_of_pages":1,"copies":1,"page_layout":1,"printing_mode":"monochromatic","printing_side":"single_side"}
Jul 17 07:49:25 vithsutra kiosk-server[2006197]: {"time":"2026-07-17T07:49:25.160810966Z","level":"INFO","msg":"Total done bebug","TotalAmount:":7,"TotalSheetes:":7}
Jul 17 07:49:25 vithsutra kiosk-server[2006197]: {"time":"2026-07-17T07:49:25.160868935Z","level":"INFO","msg":"Page Range bebugging","page_range:":["1"]}
Jul 17 07:49:25 vithsutra kiosk-server[2006197]: {"time":"2026-07-17T07:49:25.16089636Z","level":"INFO","msg":"file confirmed","session_id":"0d38439c-2841-4d5b-bc74-8da784ebf30c","file_id":"0b6cd947-2dac-4c6f-ba84-898c118a7a98","file_name":"CERTIFICATE_LANDING_PAGE~A6VRTCRCNY3T.pdf","sheets":1,"price":1}
Jul 17 07:49:25 vithsutra kiosk-server[2006197]: DEBUG HeadObject → bucket: aiet-printflow-upload-prod  key: uploads/staging/a6ecff8b-db29-4d56-a2f2-bcd216644eb0/0d38439c-2841-4d5b-bc74-8da784ebf30c/9f2d6583-a61a-49ff-9ef1-7f1666a048b1.pdf
Jul 17 07:49:25 vithsutra kiosk-server[2006197]: {"time":"2026-07-17T07:49:25.253882155Z","level":"INFO","msg":"file price calculated","price":1,"sheets":1,"num_of_pages":1,"copies":1,"page_layout":1,"printing_mode":"monochromatic","printing_side":"single_side"}
Jul 17 07:49:25 vithsutra kiosk-server[2006197]: {"time":"2026-07-17T07:49:25.253936311Z","level":"INFO","msg":"Total done bebug","TotalAmount:":8,"TotalSheetes:":8}
Jul 17 07:49:25 vithsutra kiosk-server[2006197]: {"time":"2026-07-17T07:49:25.253955502Z","level":"INFO","msg":"Page Range bebugging","page_range:":["1"]}
Jul 17 07:49:25 vithsutra kiosk-server[2006197]: {"time":"2026-07-17T07:49:25.253975141Z","level":"INFO","msg":"file confirmed","session_id":"0d38439c-2841-4d5b-bc74-8da784ebf30c","file_id":"9f2d6583-a61a-49ff-9ef1-7f1666a048b1","file_name":"DocScanner Jul 17, 2026 12-35 PM.pdf","sheets":1,"price":1}
Jul 17 07:49:25 vithsutra kiosk-server[2006197]: DEBUG HeadObject → bucket: aiet-printflow-upload-prod  key: uploads/staging/a6ecff8b-db29-4d56-a2f2-bcd216644eb0/0d38439c-2841-4d5b-bc74-8da784ebf30c/8583bc96-24c0-4117-974e-9179f52478db.pdf
Jul 17 07:49:25 vithsutra kiosk-server[2006197]: {"time":"2026-07-17T07:49:25.34703753Z","level":"INFO","msg":"file price calculated","price":1,"sheets":1,"num_of_pages":1,"copies":1,"page_layout":1,"printing_mode":"monochromatic","printing_side":"single_side"}
Jul 17 07:49:25 vithsutra kiosk-server[2006197]: {"time":"2026-07-17T07:49:25.347086601Z","level":"INFO","msg":"Total done bebug","TotalAmount:":9,"TotalSheetes:":9}
Jul 17 07:49:25 vithsutra kiosk-server[2006197]: {"time":"2026-07-17T07:49:25.347104288Z","level":"INFO","msg":"Page Range bebugging","page_range:":["1"]}
Jul 17 07:49:25 vithsutra kiosk-server[2006197]: {"time":"2026-07-17T07:49:25.347136488Z","level":"INFO","msg":"file confirmed","session_id":"0d38439c-2841-4d5b-bc74-8da784ebf30c","file_id":"8583bc96-24c0-4117-974e-9179f52478db","file_name":"Document20260717_123848.pdf","sheets":1,"price":1}
Jul 17 07:49:25 vithsutra kiosk-server[2006197]: DEBUG HeadObject → bucket: aiet-printflow-upload-prod  key: uploads/staging/a6ecff8b-db29-4d56-a2f2-bcd216644eb0/0d38439c-2841-4d5b-bc74-8da784ebf30c/0d49f965-68ba-4708-a16e-00b7c225327d.pdf
Jul 17 07:49:25 vithsutra kiosk-server[2006197]: {"time":"2026-07-17T07:49:25.440784939Z","level":"INFO","msg":"file price calculated","price":1,"sheets":1,"num_of_pages":1,"copies":1,"page_layout":1,"printing_mode":"monochromatic","printing_side":"single_side"}
Jul 17 07:49:25 vithsutra kiosk-server[2006197]: {"time":"2026-07-17T07:49:25.440866521Z","level":"INFO","msg":"Total done bebug","TotalAmount:":10,"TotalSheetes:":10}
Jul 17 07:49:25 vithsutra kiosk-server[2006197]: {"time":"2026-07-17T07:49:25.440889406Z","level":"INFO","msg":"Page Range bebugging","page_range:":["1"]}
Jul 17 07:49:25 vithsutra kiosk-server[2006197]: {"time":"2026-07-17T07:49:25.440910808Z","level":"INFO","msg":"file confirmed","session_id":"0d38439c-2841-4d5b-bc74-8da784ebf30c","file_id":"0d49f965-68ba-4708-a16e-00b7c225327d","file_name":"Document20260717_123808.pdf","sheets":1,"price":1}
Jul 17 07:49:25 vithsutra kiosk-server[2006197]: DEBUG: PageRange in UpdateFileWithPrintOptions: [1]
Jul 17 07:49:25 vithsutra kiosk-server[2006197]: DEBUG: PageRange in UpdateFileWithPrintOptions: [1]
Jul 17 07:49:25 vithsutra kiosk-server[2006197]: DEBUG: PageRange in UpdateFileWithPrintOptions: [1]
Jul 17 07:49:25 vithsutra kiosk-server[2006197]: DEBUG: PageRange in UpdateFileWithPrintOptions: [1]
Jul 17 07:49:25 vithsutra kiosk-server[2006197]: DEBUG: PageRange in UpdateFileWithPrintOptions: [1-2]
Jul 17 07:49:25 vithsutra kiosk-server[2006197]: DEBUG: PageRange in UpdateFileWithPrintOptions: [1]
Jul 17 07:49:25 vithsutra kiosk-server[2006197]: DEBUG: PageRange in UpdateFileWithPrintOptions: [1]
Jul 17 07:49:25 vithsutra kiosk-server[2006197]: DEBUG: PageRange in UpdateFileWithPrintOptions: [1]
Jul 17 07:49:25 vithsutra kiosk-server[2006197]: DEBUG: PageRange in UpdateFileWithPrintOptions: [1]
Jul 17 07:49:26 vithsutra kiosk-server[2006197]: {"time":"2026-07-17T07:49:26.178089038Z","level":"INFO","msg":"confirm upload completed","session_id":"0d38439c-2841-4d5b-bc74-8da784ebf30c","total_sheets":10,"total_amount":10}
Jul 17 07:49:26 vithsutra kiosk-server[2006197]: {"time":"2026-07-17T07:49:26.17827185Z","level":"INFO","msg":"request","method":"POST","path":"/files/upload/confirm","status":200,"bytes":1925,"duration_ms":1926,"request_id":"vithsutra/yJhBRTSzdo-004865","remote_addr":"2409:40f2:3154:dd83:8000::"}
Jul 17 07:49:26 vithsutra kiosk-server[2006197]: {"time":"2026-07-17T07:49:26.464616855Z","level":"INFO","msg":"request","method":"OPTIONS","path":"/payments/create","status":204,"bytes":0,"duration_ms":0,"request_id":"vithsutra/yJhBRTSzdo-004866","remote_addr":"2409:40f2:3154:dd83:8000::"}
Jul 17 07:49:26 vithsutra kiosk-server[2006197]: {"time":"2026-07-17T07:49:26.6550432Z","level":"INFO","msg":"create payment order started","session_id":"0d38439c-2841-4d5b-bc74-8da784ebf30c","amount_paise_frontend":1000}
Jul 17 07:49:27 vithsutra kiosk-server[2006197]: {"time":"2026-07-17T07:49:27.185404955Z","level":"INFO","msg":"razorpay order created","session_id":"0d38439c-2841-4d5b-bc74-8da784ebf30c","razorpay_order_id":"order_TEUdZ8pRRLn5ZX","amount_paise":1000}
Jul 17 07:49:27 vithsutra kiosk-server[2006197]: {"time":"2026-07-17T07:49:27.293891261Z","level":"INFO","msg":"create payment order completed","session_id":"0d38439c-2841-4d5b-bc74-8da784ebf30c","payment_id":"2fdf442f-3fa9-4e8c-b1ea-ddfd185ec846","razorpay_order_id":"order_TEUdZ8pRRLn5ZX"}
Jul 17 07:49:27 vithsutra kiosk-server[2006197]: {"time":"2026-07-17T07:49:27.293936274Z","level":"INFO","msg":"Amount:","Amount_paise":1000}
Jul 17 07:49:27 vithsutra kiosk-server[2006197]: {"time":"2026-07-17T07:49:27.294016265Z","level":"INFO","msg":"request","method":"POST","path":"/payments/create","status":201,"bytes":233,"duration_ms":639,"request_id":"vithsutra/yJhBRTSzdo-004867","remote_addr":"2409:40f2:3154:dd83:8000::"}
Jul 17 07:49:50 vithsutra kiosk-server[2006197]: {"time":"2026-07-17T07:49:50.136921886Z","level":"INFO","msg":"webhook received","event":"payment.captured"}
Jul 17 07:49:50 vithsutra kiosk-server[2006197]: {"time":"2026-07-17T07:49:50.136980839Z","level":"INFO","msg":"processing payment success","razorpay_order_id":"order_TEUdZ8pRRLn5ZX","razorpay_payment_id":"pay_TEUddeDnyuYIkT"}
Jul 17 07:49:50 vithsutra kiosk-server[2006197]: {"time":"2026-07-17T07:49:50.717966691Z","level":"INFO","msg":"file promoted","session_id":"0d38439c-2841-4d5b-bc74-8da784ebf30c","file_id":"59ce72b8-75f9-461e-9a4f-128bbcd06e91","final_key":"uploads/final/a6ecff8b-db29-4d56-a2f2-bcd216644eb0/0d38439c-2841-4d5b-bc74-8da784ebf30c/59ce72b8-75f9-461e-9a4f-128bbcd06e91.pdf"}
Jul 17 07:49:50 vithsutra kiosk-server[2006197]: {"time":"2026-07-17T07:49:50.82854033Z","level":"INFO","msg":"file promoted","session_id":"0d38439c-2841-4d5b-bc74-8da784ebf30c","file_id":"7d17db3e-104f-4ebf-834e-30e8bdf9dc40","final_key":"uploads/final/a6ecff8b-db29-4d56-a2f2-bcd216644eb0/0d38439c-2841-4d5b-bc74-8da784ebf30c/7d17db3e-104f-4ebf-834e-30e8bdf9dc40.pdf"}
Jul 17 07:49:50 vithsutra kiosk-server[2006197]: {"time":"2026-07-17T07:49:50.937625144Z","level":"INFO","msg":"file promoted","session_id":"0d38439c-2841-4d5b-bc74-8da784ebf30c","file_id":"720b5d4f-3772-4ebc-b8fd-7cace30dcacc","final_key":"uploads/final/a6ecff8b-db29-4d56-a2f2-bcd216644eb0/0d38439c-2841-4d5b-bc74-8da784ebf30c/720b5d4f-3772-4ebc-b8fd-7cace30dcacc.pdf"}
Jul 17 07:49:51 vithsutra kiosk-server[2006197]: {"time":"2026-07-17T07:49:51.068390419Z","level":"INFO","msg":"file promoted","session_id":"0d38439c-2841-4d5b-bc74-8da784ebf30c","file_id":"87e1f32f-92d0-48dc-88e4-50683f135ba1","final_key":"uploads/final/a6ecff8b-db29-4d56-a2f2-bcd216644eb0/0d38439c-2841-4d5b-bc74-8da784ebf30c/87e1f32f-92d0-48dc-88e4-50683f135ba1.pdf"}
Jul 17 07:49:51 vithsutra kiosk-server[2006197]: {"time":"2026-07-17T07:49:51.175100498Z","level":"INFO","msg":"file promoted","session_id":"0d38439c-2841-4d5b-bc74-8da784ebf30c","file_id":"0d36db02-6497-4ba7-b7b0-6236b17dba5f","final_key":"uploads/final/a6ecff8b-db29-4d56-a2f2-bcd216644eb0/0d38439c-2841-4d5b-bc74-8da784ebf30c/0d36db02-6497-4ba7-b7b0-6236b17dba5f.pdf"}
Jul 17 07:49:51 vithsutra kiosk-server[2006197]: {"time":"2026-07-17T07:49:51.285124991Z","level":"INFO","msg":"file promoted","session_id":"0d38439c-2841-4d5b-bc74-8da784ebf30c","file_id":"0b6cd947-2dac-4c6f-ba84-898c118a7a98","final_key":"uploads/final/a6ecff8b-db29-4d56-a2f2-bcd216644eb0/0d38439c-2841-4d5b-bc74-8da784ebf30c/0b6cd947-2dac-4c6f-ba84-898c118a7a98.pdf"}
Jul 17 07:49:51 vithsutra kiosk-server[2006197]: {"time":"2026-07-17T07:49:51.429031996Z","level":"INFO","msg":"file promoted","session_id":"0d38439c-2841-4d5b-bc74-8da784ebf30c","file_id":"9f2d6583-a61a-49ff-9ef1-7f1666a048b1","final_key":"uploads/final/a6ecff8b-db29-4d56-a2f2-bcd216644eb0/0d38439c-2841-4d5b-bc74-8da784ebf30c/9f2d6583-a61a-49ff-9ef1-7f1666a048b1.pdf"}
Jul 17 07:49:51 vithsutra kiosk-server[2006197]: {"time":"2026-07-17T07:49:51.549403984Z","level":"INFO","msg":"file promoted","session_id":"0d38439c-2841-4d5b-bc74-8da784ebf30c","file_id":"8583bc96-24c0-4117-974e-9179f52478db","final_key":"uploads/final/a6ecff8b-db29-4d56-a2f2-bcd216644eb0/0d38439c-2841-4d5b-bc74-8da784ebf30c/8583bc96-24c0-4117-974e-9179f52478db.pdf"}
Jul 17 07:49:51 vithsutra kiosk-server[2006197]: {"time":"2026-07-17T07:49:51.665650097Z","level":"INFO","msg":"file promoted","session_id":"0d38439c-2841-4d5b-bc74-8da784ebf30c","file_id":"0d49f965-68ba-4708-a16e-00b7c225327d","final_key":"uploads/final/a6ecff8b-db29-4d56-a2f2-bcd216644eb0/0d38439c-2841-4d5b-bc74-8da784ebf30c/0d49f965-68ba-4708-a16e-00b7c225327d.pdf"}
Jul 17 07:49:52 vithsutra kiosk-server[2006197]: {"time":"2026-07-17T07:49:52.017963791Z","level":"INFO","msg":"request","method":"OPTIONS","path":"/auth/google","status":204,"bytes":0,"duration_ms":0,"request_id":"vithsutra/yJhBRTSzdo-004869","remote_addr":"2409:40f2:314d:7bc2:8000::"}
Jul 17 07:49:52 vithsutra kiosk-server[2006197]: {"time":"2026-07-17T07:49:52.227243111Z","level":"INFO","msg":"google auth started"}
Jul 17 07:49:52 vithsutra kiosk-server[2006197]: {"time":"2026-07-17T07:49:52.227399315Z","level":"INFO","msg":"google token verified","google_id":"111795239189606925366","email":"akshay43357@gmail.com"}
Jul 17 07:49:52 vithsutra kiosk-server[2006197]: {"time":"2026-07-17T07:49:52.505079259Z","level":"INFO","msg":"payment success committed","session_id":"0d38439c-2841-4d5b-bc74-8da784ebf30c","razorpay_order_id":"order_TEUdZ8pRRLn5ZX","razorpay_payment_id":"pay_TEUddeDnyuYIkT","files_promoted":9}
Jul 17 07:49:52 vithsutra kiosk-server[2006197]: {"time":"2026-07-17T07:49:52.505165025Z","level":"INFO","msg":"request","method":"POST","path":"/webhooks/razorpay","status":200,"bytes":21,"duration_ms":2368,"request_id":"vithsutra/yJhBRTSzdo-004868","remote_addr":"52.66.75.174"}
Jul 17 07:49:53 vithsutra kiosk-server[2006197]: {"time":"2026-07-17T07:49:53.193120953Z","level":"INFO","msg":"new user — creating account","google_id":"111795239189606925366","email":"akshay43357@gmail.com"}
Jul 17 07:49:53 vithsutra kiosk-server[2006197]: {"time":"2026-07-17T07:49:53.299898125Z","level":"INFO","msg":"new user created","user_id":"decddead-2fbf-4623-b840-c4ec7e4a1830","email":"akshay43357@gmail.com"}
Jul 17 07:49:53 vithsutra kiosk-server[2006197]: {"time":"2026-07-17T07:49:53.300053415Z","level":"INFO","msg":"google auth completed","user_id":"decddead-2fbf-4623-b840-c4ec7e4a1830","email":"akshay43357@gmail.com"}
Jul 17 07:49:53 vithsutra kiosk-server[2006197]: {"time":"2026-07-17T07:49:53.300136025Z","level":"INFO","msg":"request","method":"POST","path":"/auth/google","status":200,"bytes":429,"duration_ms":1072,"request_id":"vithsutra/yJhBRTSzdo-004870","remote_addr":"2409:40f2:314d:7bc2:8000::"}
Jul 17 07:49:57 vithsutra kiosk-server[2006197]: {"time":"2026-07-17T07:49:57.969987681Z","level":"INFO","msg":"request","method":"OPTIONS","path":"/payments/status/0d38439c-2841-4d5b-bc74-8da784ebf30c","status":204,"bytes":0,"duration_ms":0,"request_id":"vithsutra/yJhBRTSzdo-004871","remote_addr":"2409:40f2:3154:dd83:8000::"}
Jul 17 07:49:58 vithsutra kiosk-server[2006197]: {"time":"2026-07-17T07:49:58.215011583Z","level":"INFO","msg":"get job by session ID started","session_id":"0d38439c-2841-4d5b-bc74-8da784ebf30c"}
Jul 17 07:49:58 vithsutra kiosk-server[2006197]: {"time":"2026-07-17T07:49:58.322351234Z","level":"INFO","msg":"Token Debugging","Token:":"158791"}
Jul 17 07:49:58 vithsutra kiosk-server[2006197]: {"time":"2026-07-17T07:49:58.430599218Z","level":"INFO","msg":"get job by session ID completed","session_id":"0d38439c-2841-4d5b-bc74-8da784ebf30c","file_count":9}
Jul 17 07:49:58 vithsutra kiosk-server[2006197]: {"time":"2026-07-17T07:49:58.430966632Z","level":"INFO","msg":"request","method":"GET","path":"/payments/status/0d38439c-2841-4d5b-bc74-8da784ebf30c","status":200,"bytes":4043,"duration_ms":216,"request_id":"vithsutra/yJhBRTSzdo-004872","remote_addr":"2409:40f2:3154:dd83:8000::"}
Jul 17 07:50:06 vithsutra kiosk-server[2006197]: {"time":"2026-07-17T07:50:06.602049553Z","level":"INFO","msg":"get job by token started","token":158791}
Jul 17 07:50:06 vithsutra kiosk-server[2006197]: DEBUG PRESIGN GET URL: https://aiet-printflow-upload-prod.s3.ap-south-1.amazonaws.com/uploads/final/a6ecff8b-db29-4d56-a2f2-bcd216644eb0/0d38439c-2841-4d5b-bc74-8da784ebf30c/0b6cd947-2dac-4c6f-ba84-898c118a7a98.pdf?X-Amz-Algorithm=AWS4-HMAC-SHA256&X-Amz-Checksum-Mode=ENABLED&X-Amz-Credential=AKIAURY6ZINDKCABHGV3%2F20260717%2Fap-south-1%2Fs3%2Faws4_request&X-Amz-Date=20260717T075006Z&X-Amz-Expires=900&X-Amz-SignedHeaders=host&x-id=GetObject&X-Amz-Signature=f5644db4f768ae8a4673e7a211ce4f3703e48d533e11407cc4f84615a9d5c85a
Jul 17 07:50:06 vithsutra kiosk-server[2006197]: {"time":"2026-07-17T07:50:06.767029129Z","level":"INFO","msg":"final_Key_Bebugging","final_key:":"uploads/final/a6ecff8b-db29-4d56-a2f2-bcd216644eb0/0d38439c-2841-4d5b-bc74-8da784ebf30c/0b6cd947-2dac-4c6f-ba84-898c118a7a98.pdf"}
Jul 17 07:50:06 vithsutra kiosk-server[2006197]: DEBUG PRESIGN GET URL: https://aiet-printflow-upload-prod.s3.ap-south-1.amazonaws.com/uploads/final/a6ecff8b-db29-4d56-a2f2-bcd216644eb0/0d38439c-2841-4d5b-bc74-8da784ebf30c/9f2d6583-a61a-49ff-9ef1-7f1666a048b1.pdf?X-Amz-Algorithm=AWS4-HMAC-SHA256&X-Amz-Checksum-Mode=ENABLED&X-Amz-Credential=AKIAURY6ZINDKCABHGV3%2F20260717%2Fap-south-1%2Fs3%2Faws4_request&X-Amz-Date=20260717T075006Z&X-Amz-Expires=900&X-Amz-SignedHeaders=host&x-id=GetObject&X-Amz-Signature=4f2f325ea94f45dcb710294a214ddea9336b447f114fc13c700a9908dbe13a15
Jul 17 07:50:06 vithsutra kiosk-server[2006197]: {"time":"2026-07-17T07:50:06.767373512Z","level":"INFO","msg":"final_Key_Bebugging","final_key:":"uploads/final/a6ecff8b-db29-4d56-a2f2-bcd216644eb0/0d38439c-2841-4d5b-bc74-8da784ebf30c/9f2d6583-a61a-49ff-9ef1-7f1666a048b1.pdf"}
Jul 17 07:50:06 vithsutra kiosk-server[2006197]: DEBUG PRESIGN GET URL: https://aiet-printflow-upload-prod.s3.ap-south-1.amazonaws.com/uploads/final/a6ecff8b-db29-4d56-a2f2-bcd216644eb0/0d38439c-2841-4d5b-bc74-8da784ebf30c/8583bc96-24c0-4117-974e-9179f52478db.pdf?X-Amz-Algorithm=AWS4-HMAC-SHA256&X-Amz-Checksum-Mode=ENABLED&X-Amz-Credential=AKIAURY6ZINDKCABHGV3%2F20260717%2Fap-south-1%2Fs3%2Faws4_request&X-Amz-Date=20260717T075006Z&X-Amz-Expires=900&X-Amz-SignedHeaders=host&x-id=GetObject&X-Amz-Signature=46274e611c1611839c5a5f789b6d1b597ca85b8f1eb87cc630ed8941c9e1f104
Jul 17 07:50:06 vithsutra kiosk-server[2006197]: {"time":"2026-07-17T07:50:06.767646665Z","level":"INFO","msg":"final_Key_Bebugging","final_key:":"uploads/final/a6ecff8b-db29-4d56-a2f2-bcd216644eb0/0d38439c-2841-4d5b-bc74-8da784ebf30c/8583bc96-24c0-4117-974e-9179f52478db.pdf"}
Jul 17 07:50:06 vithsutra kiosk-server[2006197]: DEBUG PRESIGN GET URL: https://aiet-printflow-upload-prod.s3.ap-south-1.amazonaws.com/uploads/final/a6ecff8b-db29-4d56-a2f2-bcd216644eb0/0d38439c-2841-4d5b-bc74-8da784ebf30c/0d49f965-68ba-4708-a16e-00b7c225327d.pdf?X-Amz-Algorithm=AWS4-HMAC-SHA256&X-Amz-Checksum-Mode=ENABLED&X-Amz-Credential=AKIAURY6ZINDKCABHGV3%2F20260717%2Fap-south-1%2Fs3%2Faws4_request&X-Amz-Date=20260717T075006Z&X-Amz-Expires=900&X-Amz-SignedHeaders=host&x-id=GetObject&X-Amz-Signature=dc9b115e3290ef0f0d1cafe8a475e973f44210e7a8c572fc4f26e9cd8c223395
Jul 17 07:50:06 vithsutra kiosk-server[2006197]: {"time":"2026-07-17T07:50:06.767926541Z","level":"INFO","msg":"final_Key_Bebugging","final_key:":"uploads/final/a6ecff8b-db29-4d56-a2f2-bcd216644eb0/0d38439c-2841-4d5b-bc74-8da784ebf30c/0d49f965-68ba-4708-a16e-00b7c225327d.pdf"}
Jul 17 07:50:06 vithsutra kiosk-server[2006197]: DEBUG PRESIGN GET URL: https://aiet-printflow-upload-prod.s3.ap-south-1.amazonaws.com/uploads/final/a6ecff8b-db29-4d56-a2f2-bcd216644eb0/0d38439c-2841-4d5b-bc74-8da784ebf30c/59ce72b8-75f9-461e-9a4f-128bbcd06e91.pdf?X-Amz-Algorithm=AWS4-HMAC-SHA256&X-Amz-Checksum-Mode=ENABLED&X-Amz-Credential=AKIAURY6ZINDKCABHGV3%2F20260717%2Fap-south-1%2Fs3%2Faws4_request&X-Amz-Date=20260717T075006Z&X-Amz-Expires=900&X-Amz-SignedHeaders=host&x-id=GetObject&X-Amz-Signature=eacc26fac81744ac0710d0684e5cc5891a70b9223b7bbac8a8e189abd1b95d33
Jul 17 07:50:06 vithsutra kiosk-server[2006197]: {"time":"2026-07-17T07:50:06.768219511Z","level":"INFO","msg":"final_Key_Bebugging","final_key:":"uploads/final/a6ecff8b-db29-4d56-a2f2-bcd216644eb0/0d38439c-2841-4d5b-bc74-8da784ebf30c/59ce72b8-75f9-461e-9a4f-128bbcd06e91.pdf"}
Jul 17 07:50:06 vithsutra kiosk-server[2006197]: DEBUG PRESIGN GET URL: https://aiet-printflow-upload-prod.s3.ap-south-1.amazonaws.com/uploads/final/a6ecff8b-db29-4d56-a2f2-bcd216644eb0/0d38439c-2841-4d5b-bc74-8da784ebf30c/7d17db3e-104f-4ebf-834e-30e8bdf9dc40.pdf?X-Amz-Algorithm=AWS4-HMAC-SHA256&X-Amz-Checksum-Mode=ENABLED&X-Amz-Credential=AKIAURY6ZINDKCABHGV3%2F20260717%2Fap-south-1%2Fs3%2Faws4_request&X-Amz-Date=20260717T075006Z&X-Amz-Expires=900&X-Amz-SignedHeaders=host&x-id=GetObject&X-Amz-Signature=60b3d115938a4f2ec36cba652e08324e8671daf98450966fbd1fc3ef2285f8bf
Jul 17 07:50:06 vithsutra kiosk-server[2006197]: {"time":"2026-07-17T07:50:06.768295696Z","level":"INFO","msg":"final_Key_Bebugging","final_key:":"uploads/final/a6ecff8b-db29-4d56-a2f2-bcd216644eb0/0d38439c-2841-4d5b-bc74-8da784ebf30c/7d17db3e-104f-4ebf-834e-30e8bdf9dc40.pdf"}
Jul 17 07:50:06 vithsutra kiosk-server[2006197]: DEBUG PRESIGN GET URL: https://aiet-printflow-upload-prod.s3.ap-south-1.amazonaws.com/uploads/final/a6ecff8b-db29-4d56-a2f2-bcd216644eb0/0d38439c-2841-4d5b-bc74-8da784ebf30c/720b5d4f-3772-4ebc-b8fd-7cace30dcacc.pdf?X-Amz-Algorithm=AWS4-HMAC-SHA256&X-Amz-Checksum-Mode=ENABLED&X-Amz-Credential=AKIAURY6ZINDKCABHGV3%2F20260717%2Fap-south-1%2Fs3%2Faws4_request&X-Amz-Date=20260717T075006Z&X-Amz-Expires=900&X-Amz-SignedHeaders=host&x-id=GetObject&X-Amz-Signature=6d0f6e2f842c43eb38e085b60c0d9601267a3300d8bee6ac8273be44da8e6770
Jul 17 07:50:06 vithsutra kiosk-server[2006197]: {"time":"2026-07-17T07:50:06.768385655Z","level":"INFO","msg":"final_Key_Bebugging","final_key:":"uploads/final/a6ecff8b-db29-4d56-a2f2-bcd216644eb0/0d38439c-2841-4d5b-bc74-8da784ebf30c/720b5d4f-3772-4ebc-b8fd-7cace30dcacc.pdf"}
Jul 17 07:50:06 vithsutra kiosk-server[2006197]: DEBUG PRESIGN GET URL: https://aiet-printflow-upload-prod.s3.ap-south-1.amazonaws.com/uploads/final/a6ecff8b-db29-4d56-a2f2-bcd216644eb0/0d38439c-2841-4d5b-bc74-8da784ebf30c/87e1f32f-92d0-48dc-88e4-50683f135ba1.pdf?X-Amz-Algorithm=AWS4-HMAC-SHA256&X-Amz-Checksum-Mode=ENABLED&X-Amz-Credential=AKIAURY6ZINDKCABHGV3%2F20260717%2Fap-south-1%2Fs3%2Faws4_request&X-Amz-Date=20260717T075006Z&X-Amz-Expires=900&X-Amz-SignedHeaders=host&x-id=GetObject&X-Amz-Signature=95b14a4f5b63fb6cc8676959dd56a497960ad150aa3f02fb420af07c140946a3
Jul 17 07:50:06 vithsutra kiosk-server[2006197]: {"time":"2026-07-17T07:50:06.768466756Z","level":"INFO","msg":"final_Key_Bebugging","final_key:":"uploads/final/a6ecff8b-db29-4d56-a2f2-bcd216644eb0/0d38439c-2841-4d5b-bc74-8da784ebf30c/87e1f32f-92d0-48dc-88e4-50683f135ba1.pdf"}
Jul 17 07:50:06 vithsutra kiosk-server[2006197]: DEBUG PRESIGN GET URL: https://aiet-printflow-upload-prod.s3.ap-south-1.amazonaws.com/uploads/final/a6ecff8b-db29-4d56-a2f2-bcd216644eb0/0d38439c-2841-4d5b-bc74-8da784ebf30c/0d36db02-6497-4ba7-b7b0-6236b17dba5f.pdf?X-Amz-Algorithm=AWS4-HMAC-SHA256&X-Amz-Checksum-Mode=ENABLED&X-Amz-Credential=AKIAURY6ZINDKCABHGV3%2F20260717%2Fap-south-1%2Fs3%2Faws4_request&X-Amz-Date=20260717T075006Z&X-Amz-Expires=900&X-Amz-SignedHeaders=host&x-id=GetObject&X-Amz-Signature=ae9ba053d07c3350f49fdb2c85378fe50f48fb598153ae4b1cecf6087546f062
Jul 17 07:50:06 vithsutra kiosk-server[2006197]: {"time":"2026-07-17T07:50:06.768573214Z","level":"INFO","msg":"final_Key_Bebugging","final_key:":"uploads/final/a6ecff8b-db29-4d56-a2f2-bcd216644eb0/0d38439c-2841-4d5b-bc74-8da784ebf30c/0d36db02-6497-4ba7-b7b0-6236b17dba5f.pdf"}
Jul 17 07:50:06 vithsutra kiosk-server[2006197]: {"time":"2026-07-17T07:50:06.768580218Z","level":"INFO","msg":"get job by token completed","token":158791,"session_id":"0d38439c-2841-4d5b-bc74-8da784ebf30c","file_count":9}
Jul 17 07:50:06 vithsutra kiosk-server[2006197]: {"time":"2026-07-17T07:50:06.76869097Z","level":"INFO","msg":"request","method":"POST","path":"/print/jobs/token","status":200,"bytes":7166,"duration_ms":166,"request_id":"vithsutra/yJhBRTSzdo-004873","remote_addr":"103.89.233.254"}
Jul 17 07:50:36 vithsutra kiosk-server[2006197]: {"time":"2026-07-17T07:50:36.338536296Z","level":"INFO","msg":"expire session after printing started","session_id":"0d38439c-2841-4d5b-bc74-8da784ebf30c"}
Jul 17 07:50:36 vithsutra kiosk-server[2006197]: {"time":"2026-07-17T07:50:36.498413425Z","level":"INFO","msg":"session marked completed","session_id":"0d38439c-2841-4d5b-bc74-8da784ebf30c"}
Jul 17 07:50:36 vithsutra kiosk-server[2006197]: {"time":"2026-07-17T07:50:36.607401091Z","level":"WARN","msg":"no completed file found for session 0d38439c-2841-4d5b-bc74-8da784ebf30c","code":"no_completed_file"}
Jul 17 07:50:36 vithsutra kiosk-server[2006197]: {"time":"2026-07-17T07:50:36.607596428Z","level":"INFO","msg":"request","method":"POST","path":"/print/jobs/expire","status":404,"bytes":124,"duration_ms":269,"request_id":"vithsutra/yJhBRTSzdo-004874","remote_addr":"103.89.233.254"}
Jul 17 07:50:46 vithsutra kiosk-server[2006197]: {"time":"2026-07-17T07:50:46.136793946Z","level":"INFO","msg":"expire session after printing started","session_id":"0d38439c-2841-4d5b-bc74-8da784ebf30c"}
Jul 17 07:50:46 vithsutra kiosk-server[2006197]: {"time":"2026-07-17T07:50:46.190046037Z","level":"WARN","msg":"this session has already been completed","code":"session_already_completed"}
Jul 17 07:50:46 vithsutra kiosk-server[2006197]: {"time":"2026-07-17T07:50:46.190150788Z","level":"INFO","msg":"request","method":"POST","path":"/print/jobs/expire","status":400,"bytes":99,"duration_ms":53,"request_id":"vithsutra/yJhBRTSzdo-004875","remote_addr":"103.89.233.254"}
Jul 17 07:50:56 vithsutra kiosk-server[2006197]: {"time":"2026-07-17T07:50:56.042721727Z","level":"INFO","msg":"expire session after printing started","session_id":"0d38439c-2841-4d5b-bc74-8da784ebf30c"}
Jul 17 07:50:56 vithsutra kiosk-server[2006197]: {"time":"2026-07-17T07:50:56.095591666Z","level":"WARN","msg":"this session has already been completed","code":"session_already_completed"}
Jul 17 07:50:56 vithsutra kiosk-server[2006197]: {"time":"2026-07-17T07:50:56.095703353Z","level":"INFO","msg":"request","method":"POST","path":"/print/jobs/expire","status":400,"bytes":99,"duration_ms":53,"request_id":"vithsutra/yJhBRTSzdo-004876","remote_addr":"103.89.233.254"}
Jul 17 07:51:05 vithsutra kiosk-server[2006197]: {"time":"2026-07-17T07:51:05.774949758Z","level":"INFO","msg":"expire session after printing started","session_id":"0d38439c-2841-4d5b-bc74-8da784ebf30c"}
Jul 17 07:51:05 vithsutra kiosk-server[2006197]: {"time":"2026-07-17T07:51:05.828355461Z","level":"WARN","msg":"this session has already been completed","code":"session_already_completed"}
Jul 17 07:51:05 vithsutra kiosk-server[2006197]: {"time":"2026-07-17T07:51:05.828457762Z","level":"INFO","msg":"request","method":"POST","path":"/print/jobs/expire","status":400,"bytes":99,"duration_ms":53,"request_id":"vithsutra/yJhBRTSzdo-004877","remote_addr":"103.89.233.254"}
Jul 17 07:51:18 vithsutra kiosk-server[2006197]: {"time":"2026-07-17T07:51:18.957525477Z","level":"INFO","msg":"expire session after printing started","session_id":"0d38439c-2841-4d5b-bc74-8da784ebf30c"}
Jul 17 07:51:19 vithsutra kiosk-server[2006197]: {"time":"2026-07-17T07:51:19.010564558Z","level":"WARN","msg":"this session has already been completed","code":"session_already_completed"}
Jul 17 07:51:19 vithsutra kiosk-server[2006197]: {"time":"2026-07-17T07:51:19.010694744Z","level":"INFO","msg":"request","method":"POST","path":"/print/jobs/expire","status":400,"bytes":99,"duration_ms":53,"request_id":"vithsutra/yJhBRTSzdo-004878","remote_addr":"103.89.233.254"}
Jul 17 07:51:32 vithsutra kiosk-server[2006197]: {"time":"2026-07-17T07:51:32.16324171Z","level":"INFO","msg":"expire session after printing started","session_id":"0d38439c-2841-4d5b-bc74-8da784ebf30c"}
Jul 17 07:51:32 vithsutra kiosk-server[2006197]: {"time":"2026-07-17T07:51:32.21591924Z","level":"WARN","msg":"this session has already been completed","code":"session_already_completed"}
Jul 17 07:51:32 vithsutra kiosk-server[2006197]: {"time":"2026-07-17T07:51:32.216012987Z","level":"INFO","msg":"request","method":"POST","path":"/print/jobs/expire","status":400,"bytes":99,"duration_ms":52,"request_id":"vithsutra/yJhBRTSzdo-004879","remote_addr":"103.89.233.254"}
Jul 17 07:51:45 vithsutra kiosk-server[2006197]: {"time":"2026-07-17T07:51:45.41464531Z","level":"INFO","msg":"expire session after printing started","session_id":"0d38439c-2841-4d5b-bc74-8da784ebf30c"}
Jul 17 07:51:45 vithsutra kiosk-server[2006197]: {"time":"2026-07-17T07:51:45.467517463Z","level":"WARN","msg":"this session has already been completed","code":"session_already_completed"}
Jul 17 07:51:45 vithsutra kiosk-server[2006197]: {"time":"2026-07-17T07:51:45.467708667Z","level":"INFO","msg":"request","method":"POST","path":"/print/jobs/expire","status":400,"bytes":99,"duration_ms":53,"request_id":"vithsutra/yJhBRTSzdo-004880","remote_addr":"103.89.233.254"}
Jul 17 07:51:58 vithsutra kiosk-server[2006197]: {"time":"2026-07-17T07:51:58.676009722Z","level":"INFO","msg":"expire session after printing started","session_id":"0d38439c-2841-4d5b-bc74-8da784ebf30c"}
Jul 17 07:51:58 vithsutra kiosk-server[2006197]: {"time":"2026-07-17T07:51:58.728945926Z","level":"WARN","msg":"this session has already been completed","code":"session_already_completed"}
Jul 17 07:51:58 vithsutra kiosk-server[2006197]: {"time":"2026-07-17T07:51:58.729046828Z","level":"INFO","msg":"request","method":"POST","path":"/print/jobs/expire","status":400,"bytes":99,"duration_ms":53,"request_id":"vithsutra/yJhBRTSzdo-004881","remote_addr":"103.89.233.254"}
Jul 17 07:52:11 vithsutra kiosk-server[2006197]: {"time":"2026-07-17T07:52:11.94627683Z","level":"INFO","msg":"expire session after printing started","session_id":"0d38439c-2841-4d5b-bc74-8da784ebf30c"}
Jul 17 07:52:12 vithsutra kiosk-server[2006197]: {"time":"2026-07-17T07:52:12.000670158Z","level":"WARN","msg":"this session has already been completed","code":"session_already_completed"}
Jul 17 07:52:12 vithsutra kiosk-server[2006197]: {"time":"2026-07-17T07:52:12.000770645Z","level":"INFO","msg":"request","method":"POST","path":"/print/jobs/expire","status":400,"bytes":99,"duration_ms":54,"request_id":"vithsutra/yJhBRTSzdo-004882","remote_addr":"103.89.233.254"}
Jul 17 07:53:49 vithsutra kiosk-server[2006197]: {"time":"2026-07-17T07:53:49.95833333Z","level":"INFO","msg":"USERID","userId:":"a6ecff8b-db29-4d56-a2f2-bcd216644eb0"}
Jul 17 07:53:49 vithsutra kiosk-server[2006197]: {"time":"2026-07-17T07:53:49.958364323Z","level":"INFO","msg":"USEREMAIL","userEmail:":"4al25ba073@alvascollege.com"}
Jul 17 07:53:49 vithsutra kiosk-server[2006197]: {"time":"2026-07-17T07:53:49.958376156Z","level":"INFO","msg":"init upload started","user_id":"a6ecff8b-db29-4d56-a2f2-bcd216644eb0","file_count":10,"request_payload":{"files":[{"file_name":"Divith.pdf","content_type":"application/pdf"},{"file_name":"Coursera YNSLA4B8N4SH.pdf cS1.pdf","content_type":"application/pdf"},{"file_name":"ENGLISH 2.pdf","content_type":"application/pdf"},{"file_name":"Divith BVC.pdf","content_type":"application/pdf"},{"file_name":"Coursera 9VQT2AZ80G2C.pdf","content_type":"application/pdf"},{"file_name":"reserche1.pdf","content_type":"application/pdf"},{"file_name":"Coursera 0LOUMK1E9K2U.pdf","content_type":"application/pdf"},{"file_name":"Coursera 794O9GHUL3HB.pdf","content_type":"application/pdf"},{"file_name":"Coursera 7OCE3YV4LRFX.pdf","content_type":"application/pdf"},{"file_name":"Coursera 838124D974N1.pdf","content_type":"application/pdf"}]}}
Jul 17 07:53:50 vithsutra kiosk-server[2006197]: {"time":"2026-07-17T07:53:50.11613943Z","level":"INFO","msg":"upload session created","session_id":"bac4166b-ae0e-4483-b1a8-e7cf7246210d","user_id":"a6ecff8b-db29-4d56-a2f2-bcd216644eb0","expires_at":"2026-07-24T07:53:50.010639598Z"}
Jul 17 07:53:50 vithsutra kiosk-server[2006197]: {"time":"2026-07-17T07:53:50.830514263Z","level":"INFO","msg":"init upload completed","session_id":"bac4166b-ae0e-4483-b1a8-e7cf7246210d","user_id":"a6ecff8b-db29-4d56-a2f2-bcd216644eb0","file_count":10}
Jul 17 07:53:50 vithsutra kiosk-server[2006197]: {"time":"2026-07-17T07:53:50.831121459Z","level":"INFO","msg":"request","method":"POST","path":"/files/upload/init","status":201,"bytes":8259,"duration_ms":873,"request_id":"vithsutra/yJhBRTSzdo-004883","remote_addr":"2409:40f2:3154:dd83:8000::"}
Jul 17 07:53:57 vithsutra kiosk-server[2006197]: {"time":"2026-07-17T07:53:57.063150285Z","level":"INFO","msg":"confirm upload started","session_id":"bac4166b-ae0e-4483-b1a8-e7cf7246210d","file_count":10}
Jul 17 07:53:57 vithsutra kiosk-server[2006197]: {"time":"2026-07-17T07:53:57.117639863Z","level":"INFO","msg":"session validated for confirm","session_id":"bac4166b-ae0e-4483-b1a8-e7cf7246210d","status":"created"}
Jul 17 07:53:57 vithsutra kiosk-server[2006197]: DEBUG HeadObject → bucket: aiet-printflow-upload-prod  key: uploads/staging/a6ecff8b-db29-4d56-a2f2-bcd216644eb0/bac4166b-ae0e-4483-b1a8-e7cf7246210d/27fd8c3f-9968-49fa-b2f7-8eb116d16010.pdf
Jul 17 07:53:57 vithsutra kiosk-server[2006197]: {"time":"2026-07-17T07:53:57.565143771Z","level":"INFO","msg":"file price calculated","price":2,"sheets":2,"num_of_pages":2,"copies":1,"page_layout":1,"printing_mode":"monochromatic","printing_side":"single_side"}
Jul 17 07:53:57 vithsutra kiosk-server[2006197]: {"time":"2026-07-17T07:53:57.565207141Z","level":"INFO","msg":"Total done bebug","TotalAmount:":2,"TotalSheetes:":2}
Jul 17 07:53:57 vithsutra kiosk-server[2006197]: {"time":"2026-07-17T07:53:57.565227195Z","level":"INFO","msg":"Page Range bebugging","page_range:":["1-2"]}
Jul 17 07:53:57 vithsutra kiosk-server[2006197]: {"time":"2026-07-17T07:53:57.565249029Z","level":"INFO","msg":"file confirmed","session_id":"bac4166b-ae0e-4483-b1a8-e7cf7246210d","file_id":"27fd8c3f-9968-49fa-b2f7-8eb116d16010","file_name":"Divith.pdf","sheets":2,"price":2}
Jul 17 07:53:57 vithsutra kiosk-server[2006197]: DEBUG HeadObject → bucket: aiet-printflow-upload-prod  key: uploads/staging/a6ecff8b-db29-4d56-a2f2-bcd216644eb0/bac4166b-ae0e-4483-b1a8-e7cf7246210d/f18a543b-a074-4825-82b9-bc4e67cbca01.pdf
Jul 17 07:53:57 vithsutra kiosk-server[2006197]: {"time":"2026-07-17T07:53:57.673532609Z","level":"INFO","msg":"file price calculated","price":1,"sheets":1,"num_of_pages":1,"copies":1,"page_layout":1,"printing_mode":"monochromatic","printing_side":"single_side"}
Jul 17 07:53:57 vithsutra kiosk-server[2006197]: {"time":"2026-07-17T07:53:57.673598476Z","level":"INFO","msg":"Total done bebug","TotalAmount:":3,"TotalSheetes:":3}
Jul 17 07:53:57 vithsutra kiosk-server[2006197]: {"time":"2026-07-17T07:53:57.673620851Z","level":"INFO","msg":"Page Range bebugging","page_range:":["1"]}
Jul 17 07:53:57 vithsutra kiosk-server[2006197]: {"time":"2026-07-17T07:53:57.673642962Z","level":"INFO","msg":"file confirmed","session_id":"bac4166b-ae0e-4483-b1a8-e7cf7246210d","file_id":"f18a543b-a074-4825-82b9-bc4e67cbca01","file_name":"Coursera YNSLA4B8N4SH.pdf cS1.pdf","sheets":1,"price":1}
Jul 17 07:53:57 vithsutra kiosk-server[2006197]: DEBUG HeadObject → bucket: aiet-printflow-upload-prod  key: uploads/staging/a6ecff8b-db29-4d56-a2f2-bcd216644eb0/bac4166b-ae0e-4483-b1a8-e7cf7246210d/408b23ad-192e-4161-acb6-14b5873308ef.pdf
Jul 17 07:53:57 vithsutra kiosk-server[2006197]: {"time":"2026-07-17T07:53:57.785467055Z","level":"INFO","msg":"file price calculated","price":1,"sheets":1,"num_of_pages":1,"copies":1,"page_layout":1,"printing_mode":"monochromatic","printing_side":"single_side"}
Jul 17 07:53:57 vithsutra kiosk-server[2006197]: {"time":"2026-07-17T07:53:57.785530747Z","level":"INFO","msg":"Total done bebug","TotalAmount:":4,"TotalSheetes:":4}
Jul 17 07:53:57 vithsutra kiosk-server[2006197]: {"time":"2026-07-17T07:53:57.78555259Z","level":"INFO","msg":"Page Range bebugging","page_range:":["1"]}
Jul 17 07:53:57 vithsutra kiosk-server[2006197]: {"time":"2026-07-17T07:53:57.785575195Z","level":"INFO","msg":"file confirmed","session_id":"bac4166b-ae0e-4483-b1a8-e7cf7246210d","file_id":"408b23ad-192e-4161-acb6-14b5873308ef","file_name":"ENGLISH 2.pdf","sheets":1,"price":1}
Jul 17 07:53:57 vithsutra kiosk-server[2006197]: DEBUG HeadObject → bucket: aiet-printflow-upload-prod  key: uploads/staging/a6ecff8b-db29-4d56-a2f2-bcd216644eb0/bac4166b-ae0e-4483-b1a8-e7cf7246210d/5139190f-0d9d-4911-94b4-85bf0f794c43.pdf
Jul 17 07:53:57 vithsutra kiosk-server[2006197]: {"time":"2026-07-17T07:53:57.89491304Z","level":"INFO","msg":"file price calculated","price":1,"sheets":1,"num_of_pages":1,"copies":1,"page_layout":1,"printing_mode":"monochromatic","printing_side":"single_side"}
Jul 17 07:53:57 vithsutra kiosk-server[2006197]: {"time":"2026-07-17T07:53:57.894979145Z","level":"INFO","msg":"Total done bebug","TotalAmount:":5,"TotalSheetes:":5}
Jul 17 07:53:57 vithsutra kiosk-server[2006197]: {"time":"2026-07-17T07:53:57.89500078Z","level":"INFO","msg":"Page Range bebugging","page_range:":["1"]}
Jul 17 07:53:57 vithsutra kiosk-server[2006197]: {"time":"2026-07-17T07:53:57.895022452Z","level":"INFO","msg":"file confirmed","session_id":"bac4166b-ae0e-4483-b1a8-e7cf7246210d","file_id":"5139190f-0d9d-4911-94b4-85bf0f794c43","file_name":"Divith BVC.pdf","sheets":1,"price":1}
Jul 17 07:53:57 vithsutra kiosk-server[2006197]: DEBUG HeadObject → bucket: aiet-printflow-upload-prod  key: uploads/staging/a6ecff8b-db29-4d56-a2f2-bcd216644eb0/bac4166b-ae0e-4483-b1a8-e7cf7246210d/a7d8cca6-aef4-4f37-b0bb-8b1e219f85a8.pdf
Jul 17 07:53:58 vithsutra kiosk-server[2006197]: {"time":"2026-07-17T07:53:58.003128148Z","level":"INFO","msg":"file price calculated","price":1,"sheets":1,"num_of_pages":1,"copies":1,"page_layout":1,"printing_mode":"monochromatic","printing_side":"single_side"}
Jul 17 07:53:58 vithsutra kiosk-server[2006197]: {"time":"2026-07-17T07:53:58.003166153Z","level":"INFO","msg":"Total done bebug","TotalAmount:":6,"TotalSheetes:":6}
Jul 17 07:53:58 vithsutra kiosk-server[2006197]: {"time":"2026-07-17T07:53:58.003177766Z","level":"INFO","msg":"Page Range bebugging","page_range:":["1"]}
Jul 17 07:53:58 vithsutra kiosk-server[2006197]: {"time":"2026-07-17T07:53:58.00319134Z","level":"INFO","msg":"file confirmed","session_id":"bac4166b-ae0e-4483-b1a8-e7cf7246210d","file_id":"a7d8cca6-aef4-4f37-b0bb-8b1e219f85a8","file_name":"Coursera 9VQT2AZ80G2C.pdf","sheets":1,"price":1}
Jul 17 07:53:58 vithsutra kiosk-server[2006197]: DEBUG HeadObject → bucket: aiet-printflow-upload-prod  key: uploads/staging/a6ecff8b-db29-4d56-a2f2-bcd216644eb0/bac4166b-ae0e-4483-b1a8-e7cf7246210d/d40fc729-79df-448b-9000-965ece21bb1a.pdf
Jul 17 07:53:58 vithsutra kiosk-server[2006197]: {"time":"2026-07-17T07:53:58.112787045Z","level":"INFO","msg":"file price calculated","price":1,"sheets":1,"num_of_pages":1,"copies":1,"page_layout":1,"printing_mode":"monochromatic","printing_side":"single_side"}
Jul 17 07:53:58 vithsutra kiosk-server[2006197]: {"time":"2026-07-17T07:53:58.112875931Z","level":"INFO","msg":"Total done bebug","TotalAmount:":7,"TotalSheetes:":7}
Jul 17 07:53:58 vithsutra kiosk-server[2006197]: {"time":"2026-07-17T07:53:58.112896786Z","level":"INFO","msg":"Page Range bebugging","page_range:":["1"]}
Jul 17 07:53:58 vithsutra kiosk-server[2006197]: {"time":"2026-07-17T07:53:58.11291835Z","level":"INFO","msg":"file confirmed","session_id":"bac4166b-ae0e-4483-b1a8-e7cf7246210d","file_id":"d40fc729-79df-448b-9000-965ece21bb1a","file_name":"reserche1.pdf","sheets":1,"price":1}
Jul 17 07:53:58 vithsutra kiosk-server[2006197]: DEBUG HeadObject → bucket: aiet-printflow-upload-prod  key: uploads/staging/a6ecff8b-db29-4d56-a2f2-bcd216644eb0/bac4166b-ae0e-4483-b1a8-e7cf7246210d/915b1110-8db6-445f-8447-3938cede1083.pdf
Jul 17 07:53:58 vithsutra kiosk-server[2006197]: {"time":"2026-07-17T07:53:58.224724411Z","level":"INFO","msg":"file price calculated","price":1,"sheets":1,"num_of_pages":1,"copies":1,"page_layout":1,"printing_mode":"monochromatic","printing_side":"single_side"}
Jul 17 07:53:58 vithsutra kiosk-server[2006197]: {"time":"2026-07-17T07:53:58.224784704Z","level":"INFO","msg":"Total done bebug","TotalAmount:":8,"TotalSheetes:":8}
Jul 17 07:53:58 vithsutra kiosk-server[2006197]: {"time":"2026-07-17T07:53:58.224806585Z","level":"INFO","msg":"Page Range bebugging","page_range:":["1"]}
Jul 17 07:53:58 vithsutra kiosk-server[2006197]: {"time":"2026-07-17T07:53:58.224873759Z","level":"INFO","msg":"file confirmed","session_id":"bac4166b-ae0e-4483-b1a8-e7cf7246210d","file_id":"915b1110-8db6-445f-8447-3938cede1083","file_name":"Coursera 0LOUMK1E9K2U.pdf","sheets":1,"price":1}
Jul 17 07:53:58 vithsutra kiosk-server[2006197]: DEBUG HeadObject → bucket: aiet-printflow-upload-prod  key: uploads/staging/a6ecff8b-db29-4d56-a2f2-bcd216644eb0/bac4166b-ae0e-4483-b1a8-e7cf7246210d/9200d59d-9ec7-479b-b5a0-aaec5fa9024c.pdf
Jul 17 07:53:58 vithsutra kiosk-server[2006197]: {"time":"2026-07-17T07:53:58.334475539Z","level":"INFO","msg":"file price calculated","price":1,"sheets":1,"num_of_pages":1,"copies":1,"page_layout":1,"printing_mode":"monochromatic","printing_side":"single_side"}
Jul 17 07:53:58 vithsutra kiosk-server[2006197]: {"time":"2026-07-17T07:53:58.334519107Z","level":"INFO","msg":"Total done bebug","TotalAmount:":9,"TotalSheetes:":9}
Jul 17 07:53:58 vithsutra kiosk-server[2006197]: {"time":"2026-07-17T07:53:58.334533485Z","level":"INFO","msg":"Page Range bebugging","page_range:":["1"]}
Jul 17 07:53:58 vithsutra kiosk-server[2006197]: {"time":"2026-07-17T07:53:58.334548077Z","level":"INFO","msg":"file confirmed","session_id":"bac4166b-ae0e-4483-b1a8-e7cf7246210d","file_id":"9200d59d-9ec7-479b-b5a0-aaec5fa9024c","file_name":"Coursera 794O9GHUL3HB.pdf","sheets":1,"price":1}
Jul 17 07:53:58 vithsutra kiosk-server[2006197]: DEBUG HeadObject → bucket: aiet-printflow-upload-prod  key: uploads/staging/a6ecff8b-db29-4d56-a2f2-bcd216644eb0/bac4166b-ae0e-4483-b1a8-e7cf7246210d/0768f336-6779-4b65-a118-cb1a52dad85f.pdf
Jul 17 07:53:58 vithsutra kiosk-server[2006197]: {"time":"2026-07-17T07:53:58.447196406Z","level":"INFO","msg":"file price calculated","price":1,"sheets":1,"num_of_pages":1,"copies":1,"page_layout":1,"printing_mode":"monochromatic","printing_side":"single_side"}
Jul 17 07:53:58 vithsutra kiosk-server[2006197]: {"time":"2026-07-17T07:53:58.447253787Z","level":"INFO","msg":"Total done bebug","TotalAmount:":10,"TotalSheetes:":10}
Jul 17 07:53:58 vithsutra kiosk-server[2006197]: {"time":"2026-07-17T07:53:58.447273865Z","level":"INFO","msg":"Page Range bebugging","page_range:":["1"]}
Jul 17 07:53:58 vithsutra kiosk-server[2006197]: {"time":"2026-07-17T07:53:58.447295003Z","level":"INFO","msg":"file confirmed","session_id":"bac4166b-ae0e-4483-b1a8-e7cf7246210d","file_id":"0768f336-6779-4b65-a118-cb1a52dad85f","file_name":"Coursera 7OCE3YV4LRFX.pdf","sheets":1,"price":1}
Jul 17 07:53:58 vithsutra kiosk-server[2006197]: DEBUG HeadObject → bucket: aiet-printflow-upload-prod  key: uploads/staging/a6ecff8b-db29-4d56-a2f2-bcd216644eb0/bac4166b-ae0e-4483-b1a8-e7cf7246210d/83c668fe-280a-4a84-af2b-c1d1b2446f76.pdf
Jul 17 07:53:58 vithsutra kiosk-server[2006197]: {"time":"2026-07-17T07:53:58.555630983Z","level":"INFO","msg":"file price calculated","price":1,"sheets":1,"num_of_pages":1,"copies":1,"page_layout":1,"printing_mode":"monochromatic","printing_side":"single_side"}
Jul 17 07:53:58 vithsutra kiosk-server[2006197]: {"time":"2026-07-17T07:53:58.555692925Z","level":"INFO","msg":"Total done bebug","TotalAmount:":11,"TotalSheetes:":11}
Jul 17 07:53:58 vithsutra kiosk-server[2006197]: {"time":"2026-07-17T07:53:58.555713418Z","level":"INFO","msg":"Page Range bebugging","page_range:":["1"]}
Jul 17 07:53:58 vithsutra kiosk-server[2006197]: {"time":"2026-07-17T07:53:58.555735658Z","level":"INFO","msg":"file confirmed","session_id":"bac4166b-ae0e-4483-b1a8-e7cf7246210d","file_id":"83c668fe-280a-4a84-af2b-c1d1b2446f76","file_name":"Coursera 838124D974N1.pdf","sheets":1,"price":1}
Jul 17 07:53:58 vithsutra kiosk-server[2006197]: DEBUG: PageRange in UpdateFileWithPrintOptions: [1-2]
Jul 17 07:53:58 vithsutra kiosk-server[2006197]: DEBUG: PageRange in UpdateFileWithPrintOptions: [1]
Jul 17 07:53:58 vithsutra kiosk-server[2006197]: DEBUG: PageRange in UpdateFileWithPrintOptions: [1]
Jul 17 07:53:58 vithsutra kiosk-server[2006197]: DEBUG: PageRange in UpdateFileWithPrintOptions: [1]
Jul 17 07:53:58 vithsutra kiosk-server[2006197]: DEBUG: PageRange in UpdateFileWithPrintOptions: [1]
Jul 17 07:53:58 vithsutra kiosk-server[2006197]: DEBUG: PageRange in UpdateFileWithPrintOptions: [1]
Jul 17 07:53:58 vithsutra kiosk-server[2006197]: DEBUG: PageRange in UpdateFileWithPrintOptions: [1]
Jul 17 07:53:59 vithsutra kiosk-server[2006197]: DEBUG: PageRange in UpdateFileWithPrintOptions: [1]
Jul 17 07:53:59 vithsutra kiosk-server[2006197]: DEBUG: PageRange in UpdateFileWithPrintOptions: [1]
Jul 17 07:53:59 vithsutra kiosk-server[2006197]: DEBUG: PageRange in UpdateFileWithPrintOptions: [1]
Jul 17 07:53:59 vithsutra kiosk-server[2006197]: {"time":"2026-07-17T07:53:59.35307611Z","level":"INFO","msg":"confirm upload completed","session_id":"bac4166b-ae0e-4483-b1a8-e7cf7246210d","total_sheets":11,"total_amount":11}
Jul 17 07:53:59 vithsutra kiosk-server[2006197]: {"time":"2026-07-17T07:53:59.353348295Z","level":"INFO","msg":"request","method":"POST","path":"/files/upload/confirm","status":200,"bytes":2056,"duration_ms":2290,"request_id":"vithsutra/yJhBRTSzdo-004884","remote_addr":"2409:40f2:3154:dd83:8000::"}
Jul 17 07:53:59 vithsutra kiosk-server[2006197]: {"time":"2026-07-17T07:53:59.545238691Z","level":"INFO","msg":"create payment order started","session_id":"bac4166b-ae0e-4483-b1a8-e7cf7246210d","amount_paise_frontend":1100}
Jul 17 07:54:00 vithsutra kiosk-server[2006197]: {"time":"2026-07-17T07:54:00.046416126Z","level":"INFO","msg":"razorpay order created","session_id":"bac4166b-ae0e-4483-b1a8-e7cf7246210d","razorpay_order_id":"order_TEUiMz7fH4Tj6T","amount_paise":1100}
Jul 17 07:54:00 vithsutra kiosk-server[2006197]: {"time":"2026-07-17T07:54:00.152878265Z","level":"INFO","msg":"create payment order completed","session_id":"bac4166b-ae0e-4483-b1a8-e7cf7246210d","payment_id":"d8b8f2f7-a62b-40df-ae7a-6ae2a21fb604","razorpay_order_id":"order_TEUiMz7fH4Tj6T"}
Jul 17 07:54:00 vithsutra kiosk-server[2006197]: {"time":"2026-07-17T07:54:00.15290282Z","level":"INFO","msg":"Amount:","Amount_paise":1100}
Jul 17 07:54:00 vithsutra kiosk-server[2006197]: {"time":"2026-07-17T07:54:00.152938697Z","level":"INFO","msg":"request","method":"POST","path":"/payments/create","status":201,"bytes":233,"duration_ms":607,"request_id":"vithsutra/yJhBRTSzdo-004885","remote_addr":"2409:40f2:3154:dd83:8000::"}
Jul 17 07:54:24 vithsutra kiosk-server[2006197]: {"time":"2026-07-17T07:54:24.944525597Z","level":"INFO","msg":"webhook received","event":"payment.captured"}
Jul 17 07:54:24 vithsutra kiosk-server[2006197]: {"time":"2026-07-17T07:54:24.944570011Z","level":"INFO","msg":"processing payment success","razorpay_order_id":"order_TEUiMz7fH4Tj6T","razorpay_payment_id":"pay_TEUiRcPWCiHLzh"}
Jul 17 07:54:26 vithsutra kiosk-server[2006197]: {"time":"2026-07-17T07:54:26.003535787Z","level":"INFO","msg":"file promoted","session_id":"bac4166b-ae0e-4483-b1a8-e7cf7246210d","file_id":"27fd8c3f-9968-49fa-b2f7-8eb116d16010","final_key":"uploads/final/a6ecff8b-db29-4d56-a2f2-bcd216644eb0/bac4166b-ae0e-4483-b1a8-e7cf7246210d/27fd8c3f-9968-49fa-b2f7-8eb116d16010.pdf"}
Jul 17 07:54:26 vithsutra kiosk-server[2006197]: {"time":"2026-07-17T07:54:26.122739995Z","level":"INFO","msg":"file promoted","session_id":"bac4166b-ae0e-4483-b1a8-e7cf7246210d","file_id":"f18a543b-a074-4825-82b9-bc4e67cbca01","final_key":"uploads/final/a6ecff8b-db29-4d56-a2f2-bcd216644eb0/bac4166b-ae0e-4483-b1a8-e7cf7246210d/f18a543b-a074-4825-82b9-bc4e67cbca01.pdf"}
Jul 17 07:54:26 vithsutra kiosk-server[2006197]: {"time":"2026-07-17T07:54:26.246690453Z","level":"INFO","msg":"file promoted","session_id":"bac4166b-ae0e-4483-b1a8-e7cf7246210d","file_id":"408b23ad-192e-4161-acb6-14b5873308ef","final_key":"uploads/final/a6ecff8b-db29-4d56-a2f2-bcd216644eb0/bac4166b-ae0e-4483-b1a8-e7cf7246210d/408b23ad-192e-4161-acb6-14b5873308ef.pdf"}
Jul 17 07:54:26 vithsutra kiosk-server[2006197]: {"time":"2026-07-17T07:54:26.388758121Z","level":"INFO","msg":"file promoted","session_id":"bac4166b-ae0e-4483-b1a8-e7cf7246210d","file_id":"5139190f-0d9d-4911-94b4-85bf0f794c43","final_key":"uploads/final/a6ecff8b-db29-4d56-a2f2-bcd216644eb0/bac4166b-ae0e-4483-b1a8-e7cf7246210d/5139190f-0d9d-4911-94b4-85bf0f794c43.pdf"}
Jul 17 07:54:26 vithsutra kiosk-server[2006197]: {"time":"2026-07-17T07:54:26.513252445Z","level":"INFO","msg":"file promoted","session_id":"bac4166b-ae0e-4483-b1a8-e7cf7246210d","file_id":"a7d8cca6-aef4-4f37-b0bb-8b1e219f85a8","final_key":"uploads/final/a6ecff8b-db29-4d56-a2f2-bcd216644eb0/bac4166b-ae0e-4483-b1a8-e7cf7246210d/a7d8cca6-aef4-4f37-b0bb-8b1e219f85a8.pdf"}
Jul 17 07:54:26 vithsutra kiosk-server[2006197]: {"time":"2026-07-17T07:54:26.635128926Z","level":"INFO","msg":"file promoted","session_id":"bac4166b-ae0e-4483-b1a8-e7cf7246210d","file_id":"d40fc729-79df-448b-9000-965ece21bb1a","final_key":"uploads/final/a6ecff8b-db29-4d56-a2f2-bcd216644eb0/bac4166b-ae0e-4483-b1a8-e7cf7246210d/d40fc729-79df-448b-9000-965ece21bb1a.pdf"}
Jul 17 07:54:26 vithsutra kiosk-server[2006197]: {"time":"2026-07-17T07:54:26.758051235Z","level":"INFO","msg":"file promoted","session_id":"bac4166b-ae0e-4483-b1a8-e7cf7246210d","file_id":"915b1110-8db6-445f-8447-3938cede1083","final_key":"uploads/final/a6ecff8b-db29-4d56-a2f2-bcd216644eb0/bac4166b-ae0e-4483-b1a8-e7cf7246210d/915b1110-8db6-445f-8447-3938cede1083.pdf"}
Jul 17 07:54:26 vithsutra kiosk-server[2006197]: {"time":"2026-07-17T07:54:26.88285608Z","level":"INFO","msg":"file promoted","session_id":"bac4166b-ae0e-4483-b1a8-e7cf7246210d","file_id":"9200d59d-9ec7-479b-b5a0-aaec5fa9024c","final_key":"uploads/final/a6ecff8b-db29-4d56-a2f2-bcd216644eb0/bac4166b-ae0e-4483-b1a8-e7cf7246210d/9200d59d-9ec7-479b-b5a0-aaec5fa9024c.pdf"}
Jul 17 07:54:27 vithsutra kiosk-server[2006197]: {"time":"2026-07-17T07:54:27.053093773Z","level":"INFO","msg":"file promoted","session_id":"bac4166b-ae0e-4483-b1a8-e7cf7246210d","file_id":"0768f336-6779-4b65-a118-cb1a52dad85f","final_key":"uploads/final/a6ecff8b-db29-4d56-a2f2-bcd216644eb0/bac4166b-ae0e-4483-b1a8-e7cf7246210d/0768f336-6779-4b65-a118-cb1a52dad85f.pdf"}
Jul 17 07:54:27 vithsutra kiosk-server[2006197]: {"time":"2026-07-17T07:54:27.185813287Z","level":"INFO","msg":"file promoted","session_id":"bac4166b-ae0e-4483-b1a8-e7cf7246210d","file_id":"83c668fe-280a-4a84-af2b-c1d1b2446f76","final_key":"uploads/final/a6ecff8b-db29-4d56-a2f2-bcd216644eb0/bac4166b-ae0e-4483-b1a8-e7cf7246210d/83c668fe-280a-4a84-af2b-c1d1b2446f76.pdf"}
Jul 17 07:54:28 vithsutra kiosk-server[2006197]: {"time":"2026-07-17T07:54:28.115193413Z","level":"INFO","msg":"payment success committed","session_id":"bac4166b-ae0e-4483-b1a8-e7cf7246210d","razorpay_order_id":"order_TEUiMz7fH4Tj6T","razorpay_payment_id":"pay_TEUiRcPWCiHLzh","files_promoted":10}
Jul 17 07:54:28 vithsutra kiosk-server[2006197]: {"time":"2026-07-17T07:54:28.115296065Z","level":"INFO","msg":"request","method":"POST","path":"/webhooks/razorpay","status":200,"bytes":21,"duration_ms":3170,"request_id":"vithsutra/yJhBRTSzdo-004886","remote_addr":"52.66.75.174"}
Jul 17 07:54:31 vithsutra kiosk-server[2006197]: {"time":"2026-07-17T07:54:31.155528137Z","level":"INFO","msg":"request","method":"OPTIONS","path":"/payments/status/bac4166b-ae0e-4483-b1a8-e7cf7246210d","status":204,"bytes":0,"duration_ms":0,"request_id":"vithsutra/yJhBRTSzdo-004887","remote_addr":"2409:40f2:3154:dd83:8000::"}
Jul 17 07:54:31 vithsutra kiosk-server[2006197]: {"time":"2026-07-17T07:54:31.30338992Z","level":"INFO","msg":"get job by session ID started","session_id":"bac4166b-ae0e-4483-b1a8-e7cf7246210d"}
Jul 17 07:54:31 vithsutra kiosk-server[2006197]: {"time":"2026-07-17T07:54:31.356607378Z","level":"INFO","msg":"Token Debugging","Token:":"710287"}
Jul 17 07:54:31 vithsutra kiosk-server[2006197]: {"time":"2026-07-17T07:54:31.411286628Z","level":"INFO","msg":"get job by session ID completed","session_id":"bac4166b-ae0e-4483-b1a8-e7cf7246210d","file_count":10}
Jul 17 07:54:31 vithsutra kiosk-server[2006197]: {"time":"2026-07-17T07:54:31.411655514Z","level":"INFO","msg":"request","method":"GET","path":"/payments/status/bac4166b-ae0e-4483-b1a8-e7cf7246210d","status":200,"bytes":4397,"duration_ms":108,"request_id":"vithsutra/yJhBRTSzdo-004888","remote_addr":"2409:40f2:3154:dd83:8000::"}
Jul 17 07:54:48 vithsutra kiosk-server[2006197]: {"time":"2026-07-17T07:54:48.851030664Z","level":"INFO","msg":"get job by token started","token":710287}
Jul 17 07:54:48 vithsutra kiosk-server[2006197]: DEBUG PRESIGN GET URL: https://aiet-printflow-upload-prod.s3.ap-south-1.amazonaws.com/uploads/final/a6ecff8b-db29-4d56-a2f2-bcd216644eb0/bac4166b-ae0e-4483-b1a8-e7cf7246210d/27fd8c3f-9968-49fa-b2f7-8eb116d16010.pdf?X-Amz-Algorithm=AWS4-HMAC-SHA256&X-Amz-Checksum-Mode=ENABLED&X-Amz-Credential=AKIAURY6ZINDKCABHGV3%2F20260717%2Fap-south-1%2Fs3%2Faws4_request&X-Amz-Date=20260717T075448Z&X-Amz-Expires=900&X-Amz-SignedHeaders=host&x-id=GetObject&X-Amz-Signature=d60cb34c9c005f1278736a2508c91e51851ecc23e41c6121dc003fcb46adf7f3
Jul 17 07:54:48 vithsutra kiosk-server[2006197]: {"time":"2026-07-17T07:54:48.963072074Z","level":"INFO","msg":"final_Key_Bebugging","final_key:":"uploads/final/a6ecff8b-db29-4d56-a2f2-bcd216644eb0/bac4166b-ae0e-4483-b1a8-e7cf7246210d/27fd8c3f-9968-49fa-b2f7-8eb116d16010.pdf"}
Jul 17 07:54:48 vithsutra kiosk-server[2006197]: DEBUG PRESIGN GET URL: https://aiet-printflow-upload-prod.s3.ap-south-1.amazonaws.com/uploads/final/a6ecff8b-db29-4d56-a2f2-bcd216644eb0/bac4166b-ae0e-4483-b1a8-e7cf7246210d/f18a543b-a074-4825-82b9-bc4e67cbca01.pdf?X-Amz-Algorithm=AWS4-HMAC-SHA256&X-Amz-Checksum-Mode=ENABLED&X-Amz-Credential=AKIAURY6ZINDKCABHGV3%2F20260717%2Fap-south-1%2Fs3%2Faws4_request&X-Amz-Date=20260717T075448Z&X-Amz-Expires=900&X-Amz-SignedHeaders=host&x-id=GetObject&X-Amz-Signature=fcee9f9f4db96bb8e0b3cc21c32713097a8888c6d2de5ba5e0eb32cf692accf5
Jul 17 07:54:48 vithsutra kiosk-server[2006197]: {"time":"2026-07-17T07:54:48.96340855Z","level":"INFO","msg":"final_Key_Bebugging","final_key:":"uploads/final/a6ecff8b-db29-4d56-a2f2-bcd216644eb0/bac4166b-ae0e-4483-b1a8-e7cf7246210d/f18a543b-a074-4825-82b9-bc4e67cbca01.pdf"}
Jul 17 07:54:48 vithsutra kiosk-server[2006197]: DEBUG PRESIGN GET URL: https://aiet-printflow-upload-prod.s3.ap-south-1.amazonaws.com/uploads/final/a6ecff8b-db29-4d56-a2f2-bcd216644eb0/bac4166b-ae0e-4483-b1a8-e7cf7246210d/408b23ad-192e-4161-acb6-14b5873308ef.pdf?X-Amz-Algorithm=AWS4-HMAC-SHA256&X-Amz-Checksum-Mode=ENABLED&X-Amz-Credential=AKIAURY6ZINDKCABHGV3%2F20260717%2Fap-south-1%2Fs3%2Faws4_request&X-Amz-Date=20260717T075448Z&X-Amz-Expires=900&X-Amz-SignedHeaders=host&x-id=GetObject&X-Amz-Signature=badde4595f24febadc800bcbbca030813ade01c6fbf83b8953d1e82ae18a86cb
Jul 17 07:54:48 vithsutra kiosk-server[2006197]: {"time":"2026-07-17T07:54:48.963672133Z","level":"INFO","msg":"final_Key_Bebugging","final_key:":"uploads/final/a6ecff8b-db29-4d56-a2f2-bcd216644eb0/bac4166b-ae0e-4483-b1a8-e7cf7246210d/408b23ad-192e-4161-acb6-14b5873308ef.pdf"}
Jul 17 07:54:48 vithsutra kiosk-server[2006197]: DEBUG PRESIGN GET URL: https://aiet-printflow-upload-prod.s3.ap-south-1.amazonaws.com/uploads/final/a6ecff8b-db29-4d56-a2f2-bcd216644eb0/bac4166b-ae0e-4483-b1a8-e7cf7246210d/5139190f-0d9d-4911-94b4-85bf0f794c43.pdf?X-Amz-Algorithm=AWS4-HMAC-SHA256&X-Amz-Checksum-Mode=ENABLED&X-Amz-Credential=AKIAURY6ZINDKCABHGV3%2F20260717%2Fap-south-1%2Fs3%2Faws4_request&X-Amz-Date=20260717T075448Z&X-Amz-Expires=900&X-Amz-SignedHeaders=host&x-id=GetObject&X-Amz-Signature=ec6f62fb935cba68b65bc4c67d8f5a263475e8dca32953058e13ed390afb6e17
Jul 17 07:54:48 vithsutra kiosk-server[2006197]: {"time":"2026-07-17T07:54:48.963945002Z","level":"INFO","msg":"final_Key_Bebugging","final_key:":"uploads/final/a6ecff8b-db29-4d56-a2f2-bcd216644eb0/bac4166b-ae0e-4483-b1a8-e7cf7246210d/5139190f-0d9d-4911-94b4-85bf0f794c43.pdf"}
Jul 17 07:54:48 vithsutra kiosk-server[2006197]: DEBUG PRESIGN GET URL: https://aiet-printflow-upload-prod.s3.ap-south-1.amazonaws.com/uploads/final/a6ecff8b-db29-4d56-a2f2-bcd216644eb0/bac4166b-ae0e-4483-b1a8-e7cf7246210d/a7d8cca6-aef4-4f37-b0bb-8b1e219f85a8.pdf?X-Amz-Algorithm=AWS4-HMAC-SHA256&X-Amz-Checksum-Mode=ENABLED&X-Amz-Credential=AKIAURY6ZINDKCABHGV3%2F20260717%2Fap-south-1%2Fs3%2Faws4_request&X-Amz-Date=20260717T075448Z&X-Amz-Expires=900&X-Amz-SignedHeaders=host&x-id=GetObject&X-Amz-Signature=7d9a6cb1efbca705c37641476289a78ed493d07d8b6e6cbd59177b3a1221de9c
Jul 17 07:54:48 vithsutra kiosk-server[2006197]: {"time":"2026-07-17T07:54:48.964219047Z","level":"INFO","msg":"final_Key_Bebugging","final_key:":"uploads/final/a6ecff8b-db29-4d56-a2f2-bcd216644eb0/bac4166b-ae0e-4483-b1a8-e7cf7246210d/a7d8cca6-aef4-4f37-b0bb-8b1e219f85a8.pdf"}
Jul 17 07:54:48 vithsutra kiosk-server[2006197]: DEBUG PRESIGN GET URL: https://aiet-printflow-upload-prod.s3.ap-south-1.amazonaws.com/uploads/final/a6ecff8b-db29-4d56-a2f2-bcd216644eb0/bac4166b-ae0e-4483-b1a8-e7cf7246210d/d40fc729-79df-448b-9000-965ece21bb1a.pdf?X-Amz-Algorithm=AWS4-HMAC-SHA256&X-Amz-Checksum-Mode=ENABLED&X-Amz-Credential=AKIAURY6ZINDKCABHGV3%2F20260717%2Fap-south-1%2Fs3%2Faws4_request&X-Amz-Date=20260717T075448Z&X-Amz-Expires=900&X-Amz-SignedHeaders=host&x-id=GetObject&X-Amz-Signature=ae5638f553325659b640b44e9e3f7576344fcbe29bacba5589eb2975d82d2a02
Jul 17 07:54:48 vithsutra kiosk-server[2006197]: {"time":"2026-07-17T07:54:48.964448893Z","level":"INFO","msg":"final_Key_Bebugging","final_key:":"uploads/final/a6ecff8b-db29-4d56-a2f2-bcd216644eb0/bac4166b-ae0e-4483-b1a8-e7cf7246210d/d40fc729-79df-448b-9000-965ece21bb1a.pdf"}
Jul 17 07:54:48 vithsutra kiosk-server[2006197]: DEBUG PRESIGN GET URL: https://aiet-printflow-upload-prod.s3.ap-south-1.amazonaws.com/uploads/final/a6ecff8b-db29-4d56-a2f2-bcd216644eb0/bac4166b-ae0e-4483-b1a8-e7cf7246210d/915b1110-8db6-445f-8447-3938cede1083.pdf?X-Amz-Algorithm=AWS4-HMAC-SHA256&X-Amz-Checksum-Mode=ENABLED&X-Amz-Credential=AKIAURY6ZINDKCABHGV3%2F20260717%2Fap-south-1%2Fs3%2Faws4_request&X-Amz-Date=20260717T075448Z&X-Amz-Expires=900&X-Amz-SignedHeaders=host&x-id=GetObject&X-Amz-Signature=3ada31e94a46c3f0f8f6f1745588feea16081294c782819158267787e8bd8031
Jul 17 07:54:48 vithsutra kiosk-server[2006197]: {"time":"2026-07-17T07:54:48.964636094Z","level":"INFO","msg":"final_Key_Bebugging","final_key:":"uploads/final/a6ecff8b-db29-4d56-a2f2-bcd216644eb0/bac4166b-ae0e-4483-b1a8-e7cf7246210d/915b1110-8db6-445f-8447-3938cede1083.pdf"}
Jul 17 07:54:48 vithsutra kiosk-server[2006197]: DEBUG PRESIGN GET URL: https://aiet-printflow-upload-prod.s3.ap-south-1.amazonaws.com/uploads/final/a6ecff8b-db29-4d56-a2f2-bcd216644eb0/bac4166b-ae0e-4483-b1a8-e7cf7246210d/9200d59d-9ec7-479b-b5a0-aaec5fa9024c.pdf?X-Amz-Algorithm=AWS4-HMAC-SHA256&X-Amz-Checksum-Mode=ENABLED&X-Amz-Credential=AKIAURY6ZINDKCABHGV3%2F20260717%2Fap-south-1%2Fs3%2Faws4_request&X-Amz-Date=20260717T075448Z&X-Amz-Expires=900&X-Amz-SignedHeaders=host&x-id=GetObject&X-Amz-Signature=61cb9a9155e162bd1e659cd88c85b803b738df9ce80efe8c0b95eb574ec4db8f
Jul 17 07:54:48 vithsutra kiosk-server[2006197]: {"time":"2026-07-17T07:54:48.964894561Z","level":"INFO","msg":"final_Key_Bebugging","final_key:":"uploads/final/a6ecff8b-db29-4d56-a2f2-bcd216644eb0/bac4166b-ae0e-4483-b1a8-e7cf7246210d/9200d59d-9ec7-479b-b5a0-aaec5fa9024c.pdf"}
Jul 17 07:54:48 vithsutra kiosk-server[2006197]: DEBUG PRESIGN GET URL: https://aiet-printflow-upload-prod.s3.ap-south-1.amazonaws.com/uploads/final/a6ecff8b-db29-4d56-a2f2-bcd216644eb0/bac4166b-ae0e-4483-b1a8-e7cf7246210d/0768f336-6779-4b65-a118-cb1a52dad85f.pdf?X-Amz-Algorithm=AWS4-HMAC-SHA256&X-Amz-Checksum-Mode=ENABLED&X-Amz-Credential=AKIAURY6ZINDKCABHGV3%2F20260717%2Fap-south-1%2Fs3%2Faws4_request&X-Amz-Date=20260717T075448Z&X-Amz-Expires=900&X-Amz-SignedHeaders=host&x-id=GetObject&X-Amz-Signature=23933a4fed51163d5bb862e6586ccdc5f26f69530d66c615de3f50a843e72b2b
Jul 17 07:54:48 vithsutra kiosk-server[2006197]: {"time":"2026-07-17T07:54:48.965224418Z","level":"INFO","msg":"final_Key_Bebugging","final_key:":"uploads/final/a6ecff8b-db29-4d56-a2f2-bcd216644eb0/bac4166b-ae0e-4483-b1a8-e7cf7246210d/0768f336-6779-4b65-a118-cb1a52dad85f.pdf"}
Jul 17 07:54:48 vithsutra kiosk-server[2006197]: DEBUG PRESIGN GET URL: https://aiet-printflow-upload-prod.s3.ap-south-1.amazonaws.com/uploads/final/a6ecff8b-db29-4d56-a2f2-bcd216644eb0/bac4166b-ae0e-4483-b1a8-e7cf7246210d/83c668fe-280a-4a84-af2b-c1d1b2446f76.pdf?X-Amz-Algorithm=AWS4-HMAC-SHA256&X-Amz-Checksum-Mode=ENABLED&X-Amz-Credential=AKIAURY6ZINDKCABHGV3%2F20260717%2Fap-south-1%2Fs3%2Faws4_request&X-Amz-Date=20260717T075448Z&X-Amz-Expires=900&X-Amz-SignedHeaders=host&x-id=GetObject&X-Amz-Signature=9302543f1b67887a74f2ec1504db875aeb1acfba7b0e60f4c36910ebcac5f380
Jul 17 07:54:48 vithsutra kiosk-server[2006197]: {"time":"2026-07-17T07:54:48.965414601Z","level":"INFO","msg":"final_Key_Bebugging","final_key:":"uploads/final/a6ecff8b-db29-4d56-a2f2-bcd216644eb0/bac4166b-ae0e-4483-b1a8-e7cf7246210d/83c668fe-280a-4a84-af2b-c1d1b2446f76.pdf"}
Jul 17 07:54:48 vithsutra kiosk-server[2006197]: {"time":"2026-07-17T07:54:48.965431208Z","level":"INFO","msg":"get job by token completed","token":710287,"session_id":"bac4166b-ae0e-4483-b1a8-e7cf7246210d","file_count":10}
Jul 17 07:54:48 vithsutra kiosk-server[2006197]: {"time":"2026-07-17T07:54:48.965705632Z","level":"INFO","msg":"request","method":"POST","path":"/print/jobs/token","status":200,"bytes":7877,"duration_ms":114,"request_id":"vithsutra/yJhBRTSzdo-004889","remote_addr":"103.89.233.254"}
Jul 17 07:55:17 vithsutra kiosk-server[2006197]: {"time":"2026-07-17T07:55:17.776724339Z","level":"INFO","msg":"expire session after printing started","session_id":"bac4166b-ae0e-4483-b1a8-e7cf7246210d"}
Jul 17 07:55:19 vithsutra kiosk-server[2006197]: {"time":"2026-07-17T07:55:19.057708813Z","level":"INFO","msg":"session marked completed","session_id":"bac4166b-ae0e-4483-b1a8-e7cf7246210d"}
Jul 17 07:55:19 vithsutra kiosk-server[2006197]: {"time":"2026-07-17T07:55:19.169107945Z","level":"WARN","msg":"no completed file found for session bac4166b-ae0e-4483-b1a8-e7cf7246210d","code":"no_completed_file"}
Jul 17 07:55:19 vithsutra kiosk-server[2006197]: {"time":"2026-07-17T07:55:19.169272216Z","level":"INFO","msg":"request","method":"POST","path":"/print/jobs/expire","status":404,"bytes":124,"duration_ms":1392,"request_id":"vithsutra/yJhBRTSzdo-004890","remote_addr":"103.89.233.254"}
Jul 17 07:55:30 vithsutra kiosk-server[2006197]: {"time":"2026-07-17T07:55:30.829584571Z","level":"INFO","msg":"expire session after printing started","session_id":"bac4166b-ae0e-4483-b1a8-e7cf7246210d"}
Jul 17 07:55:30 vithsutra kiosk-server[2006197]: {"time":"2026-07-17T07:55:30.882933389Z","level":"WARN","msg":"this session has already been completed","code":"session_already_completed"}
Jul 17 07:55:30 vithsutra kiosk-server[2006197]: {"time":"2026-07-17T07:55:30.882981923Z","level":"INFO","msg":"request","method":"POST","path":"/print/jobs/expire","status":400,"bytes":99,"duration_ms":53,"request_id":"vithsutra/yJhBRTSzdo-004891","remote_addr":"103.89.233.254"}
Jul 17 07:55:43 vithsutra kiosk-server[2006197]: {"time":"2026-07-17T07:55:43.880576998Z","level":"INFO","msg":"expire session after printing started","session_id":"bac4166b-ae0e-4483-b1a8-e7cf7246210d"}
Jul 17 07:55:43 vithsutra kiosk-server[2006197]: {"time":"2026-07-17T07:55:43.936172394Z","level":"WARN","msg":"this session has already been completed","code":"session_already_completed"}
Jul 17 07:55:43 vithsutra kiosk-server[2006197]: {"time":"2026-07-17T07:55:43.9362868Z","level":"INFO","msg":"request","method":"POST","path":"/print/jobs/expire","status":400,"bytes":99,"duration_ms":55,"request_id":"vithsutra/yJhBRTSzdo-004892","remote_addr":"103.89.233.254"}
Jul 17 07:55:57 vithsutra kiosk-server[2006197]: {"time":"2026-07-17T07:55:57.114625686Z","level":"INFO","msg":"expire session after printing started","session_id":"bac4166b-ae0e-4483-b1a8-e7cf7246210d"}
Jul 17 07:55:57 vithsutra kiosk-server[2006197]: {"time":"2026-07-17T07:55:57.216871988Z","level":"WARN","msg":"this session has already been completed","code":"session_already_completed"}
Jul 17 07:55:57 vithsutra kiosk-server[2006197]: {"time":"2026-07-17T07:55:57.216933476Z","level":"INFO","msg":"request","method":"POST","path":"/print/jobs/expire","status":400,"bytes":99,"duration_ms":102,"request_id":"vithsutra/yJhBRTSzdo-004893","remote_addr":"103.89.233.254"}
Jul 17 07:56:10 vithsutra kiosk-server[2006197]: {"time":"2026-07-17T07:56:10.264677722Z","level":"INFO","msg":"expire session after printing started","session_id":"bac4166b-ae0e-4483-b1a8-e7cf7246210d"}
Jul 17 07:56:10 vithsutra kiosk-server[2006197]: {"time":"2026-07-17T07:56:10.318035231Z","level":"WARN","msg":"this session has already been completed","code":"session_already_completed"}
Jul 17 07:56:10 vithsutra kiosk-server[2006197]: {"time":"2026-07-17T07:56:10.318140623Z","level":"INFO","msg":"request","method":"POST","path":"/print/jobs/expire","status":400,"bytes":99,"duration_ms":53,"request_id":"vithsutra/yJhBRTSzdo-004894","remote_addr":"103.89.233.254"}
Jul 17 07:56:23 vithsutra kiosk-server[2006197]: {"time":"2026-07-17T07:56:23.423990929Z","level":"INFO","msg":"expire session after printing started","session_id":"bac4166b-ae0e-4483-b1a8-e7cf7246210d"}
Jul 17 07:56:23 vithsutra kiosk-server[2006197]: {"time":"2026-07-17T07:56:23.477476974Z","level":"WARN","msg":"this session has already been completed","code":"session_already_completed"}
Jul 17 07:56:23 vithsutra kiosk-server[2006197]: {"time":"2026-07-17T07:56:23.477578233Z","level":"INFO","msg":"request","method":"POST","path":"/print/jobs/expire","status":400,"bytes":99,"duration_ms":53,"request_id":"vithsutra/yJhBRTSzdo-004895","remote_addr":"103.89.233.254"}
Jul 17 07:56:36 vithsutra kiosk-server[2006197]: {"time":"2026-07-17T07:56:36.607398228Z","level":"INFO","msg":"expire session after printing started","session_id":"bac4166b-ae0e-4483-b1a8-e7cf7246210d"}
Jul 17 07:56:36 vithsutra kiosk-server[2006197]: {"time":"2026-07-17T07:56:36.66053366Z","level":"WARN","msg":"this session has already been completed","code":"session_already_completed"}
Jul 17 07:56:36 vithsutra kiosk-server[2006197]: {"time":"2026-07-17T07:56:36.660575056Z","level":"INFO","msg":"request","method":"POST","path":"/print/jobs/expire","status":400,"bytes":99,"duration_ms":53,"request_id":"vithsutra/yJhBRTSzdo-004896","remote_addr":"103.89.233.254"}
Jul 17 07:56:49 vithsutra kiosk-server[2006197]: {"time":"2026-07-17T07:56:49.72678015Z","level":"INFO","msg":"expire session after printing started","session_id":"bac4166b-ae0e-4483-b1a8-e7cf7246210d"}
Jul 17 07:56:49 vithsutra kiosk-server[2006197]: {"time":"2026-07-17T07:56:49.793276272Z","level":"WARN","msg":"this session has already been completed","code":"session_already_completed"}
Jul 17 07:56:49 vithsutra kiosk-server[2006197]: {"time":"2026-07-17T07:56:49.793376765Z","level":"INFO","msg":"request","method":"POST","path":"/print/jobs/expire","status":400,"bytes":99,"duration_ms":66,"request_id":"vithsutra/yJhBRTSzdo-004897","remote_addr":"103.89.233.254"}
Jul 17 07:57:03 vithsutra kiosk-server[2006197]: {"time":"2026-07-17T07:57:03.01166113Z","level":"INFO","msg":"expire session after printing started","session_id":"bac4166b-ae0e-4483-b1a8-e7cf7246210d"}
Jul 17 07:57:03 vithsutra kiosk-server[2006197]: {"time":"2026-07-17T07:57:03.065146281Z","level":"WARN","msg":"this session has already been completed","code":"session_already_completed"}
Jul 17 07:57:03 vithsutra kiosk-server[2006197]: {"time":"2026-07-17T07:57:03.065520261Z","level":"INFO","msg":"request","method":"POST","path":"/print/jobs/expire","status":400,"bytes":99,"duration_ms":53,"request_id":"vithsutra/yJhBRTSzdo-004898","remote_addr":"103.89.233.254"}
Jul 17 07:57:16 vithsutra kiosk-server[2006197]: {"time":"2026-07-17T07:57:16.157581004Z","level":"INFO","msg":"expire session after printing started","session_id":"bac4166b-ae0e-4483-b1a8-e7cf7246210d"}
Jul 17 07:57:16 vithsutra kiosk-server[2006197]: {"time":"2026-07-17T07:57:16.211180558Z","level":"WARN","msg":"this session has already been completed","code":"session_already_completed"}
Jul 17 07:57:16 vithsutra kiosk-server[2006197]: {"time":"2026-07-17T07:57:16.21124527Z","level":"INFO","msg":"request","method":"POST","path":"/print/jobs/expire","status":400,"bytes":99,"duration_ms":53,"request_id":"vithsutra/yJhBRTSzdo-004899","remote_addr":"103.89.233.254"}
Jul 17 08:01:22 vithsutra kiosk-server[2006197]: {"time":"2026-07-17T08:01:22.191508631Z","level":"INFO","msg":"request","method":"OPTIONS","path":"/auth/google","status":204,"bytes":0,"duration_ms":0,"request_id":"vithsutra/yJhBRTSzdo-004900","remote_addr":"2409:40f2:3101:8189:983e:4ff:fed1:6f82"}
Jul 17 08:01:22 vithsutra kiosk-server[2006197]: {"time":"2026-07-17T08:01:22.945566086Z","level":"INFO","msg":"google auth started"}
Jul 17 08:01:22 vithsutra kiosk-server[2006197]: {"time":"2026-07-17T08:01:22.946001026Z","level":"INFO","msg":"google token verified","google_id":"109549032300795752443","email":"hruthwick17@gmail.com"}
Jul 17 08:01:23 vithsutra kiosk-server[2006197]: {"time":"2026-07-17T08:01:23.880703858Z","level":"INFO","msg":"returning user authenticated","user_id":"009bb939-5847-4da8-a2e6-36fc78c28e92","email":"hruthwick17@gmail.com"}
Jul 17 08:01:23 vithsutra kiosk-server[2006197]: {"time":"2026-07-17T08:01:23.880828113Z","level":"INFO","msg":"google auth completed","user_id":"009bb939-5847-4da8-a2e6-36fc78c28e92","email":"hruthwick17@gmail.com"}
Jul 17 08:01:23 vithsutra kiosk-server[2006197]: {"time":"2026-07-17T08:01:23.880948307Z","level":"INFO","msg":"request","method":"POST","path":"/auth/google","status":200,"bytes":446,"duration_ms":935,"request_id":"vithsutra/yJhBRTSzdo-004901","remote_addr":"2409:40f2:3101:8189:983e:4ff:fed1:6f82"}
Jul 17 08:02:06 vithsutra kiosk-server[2006197]: {"time":"2026-07-17T08:02:06.322521239Z","level":"INFO","msg":"request","method":"OPTIONS","path":"/files/upload/init","status":204,"bytes":0,"duration_ms":0,"request_id":"vithsutra/yJhBRTSzdo-004902","remote_addr":"2409:40f2:3101:8189:983e:4ff:fed1:6f82"}
Jul 17 08:02:07 vithsutra kiosk-server[2006197]: {"time":"2026-07-17T08:02:07.114121535Z","level":"INFO","msg":"USERID","userId:":"009bb939-5847-4da8-a2e6-36fc78c28e92"}
Jul 17 08:02:07 vithsutra kiosk-server[2006197]: {"time":"2026-07-17T08:02:07.114200792Z","level":"INFO","msg":"USEREMAIL","userEmail:":"hruthwick17@gmail.com"}
Jul 17 08:02:07 vithsutra kiosk-server[2006197]: {"time":"2026-07-17T08:02:07.114214589Z","level":"INFO","msg":"init upload started","user_id":"009bb939-5847-4da8-a2e6-36fc78c28e92","file_count":1,"request_payload":{"files":[{"file_name":"permission letter.pdf","content_type":"application/pdf"}]}}
Jul 17 08:02:07 vithsutra kiosk-server[2006197]: {"time":"2026-07-17T08:02:07.276661324Z","level":"INFO","msg":"upload session created","session_id":"b3fd8d46-fd6f-4865-8b25-5172f16fa0b4","user_id":"009bb939-5847-4da8-a2e6-36fc78c28e92","expires_at":"2026-07-24T08:02:07.168115379Z"}
Jul 17 08:02:07 vithsutra kiosk-server[2006197]: {"time":"2026-07-17T08:02:07.454829577Z","level":"INFO","msg":"init upload completed","session_id":"b3fd8d46-fd6f-4865-8b25-5172f16fa0b4","user_id":"009bb939-5847-4da8-a2e6-36fc78c28e92","file_count":1}
Jul 17 08:02:07 vithsutra kiosk-server[2006197]: {"time":"2026-07-17T08:02:07.455096741Z","level":"INFO","msg":"request","method":"POST","path":"/files/upload/init","status":201,"bytes":980,"duration_ms":341,"request_id":"vithsutra/yJhBRTSzdo-004903","remote_addr":"2409:40f2:3101:8189:983e:4ff:fed1:6f82"}
Jul 17 08:02:08 vithsutra kiosk-server[2006197]: {"time":"2026-07-17T08:02:08.702135149Z","level":"INFO","msg":"request","method":"OPTIONS","path":"/files/upload/confirm","status":204,"bytes":0,"duration_ms":0,"request_id":"vithsutra/yJhBRTSzdo-004904","remote_addr":"2409:40f2:3101:8189:983e:4ff:fed1:6f82"}
Jul 17 08:02:09 vithsutra kiosk-server[2006197]: {"time":"2026-07-17T08:02:09.10868195Z","level":"INFO","msg":"confirm upload started","session_id":"b3fd8d46-fd6f-4865-8b25-5172f16fa0b4","file_count":1}
Jul 17 08:02:09 vithsutra kiosk-server[2006197]: {"time":"2026-07-17T08:02:09.21900806Z","level":"INFO","msg":"session validated for confirm","session_id":"b3fd8d46-fd6f-4865-8b25-5172f16fa0b4","status":"created"}
Jul 17 08:02:09 vithsutra kiosk-server[2006197]: DEBUG HeadObject → bucket: aiet-printflow-upload-prod  key: uploads/staging/009bb939-5847-4da8-a2e6-36fc78c28e92/b3fd8d46-fd6f-4865-8b25-5172f16fa0b4/7bb207c3-111a-45c7-8fdd-1ea5fc43a2df.pdf
Jul 17 08:02:09 vithsutra kiosk-server[2006197]: {"time":"2026-07-17T08:02:09.797471191Z","level":"INFO","msg":"file price calculated","price":1,"sheets":1,"num_of_pages":1,"copies":1,"page_layout":1,"printing_mode":"monochromatic","printing_side":"single_side"}
Jul 17 08:02:09 vithsutra kiosk-server[2006197]: {"time":"2026-07-17T08:02:09.797523612Z","level":"INFO","msg":"Total done bebug","TotalAmount:":1,"TotalSheetes:":1}
Jul 17 08:02:09 vithsutra kiosk-server[2006197]: {"time":"2026-07-17T08:02:09.797542285Z","level":"INFO","msg":"Page Range bebugging","page_range:":["1"]}
Jul 17 08:02:09 vithsutra kiosk-server[2006197]: {"time":"2026-07-17T08:02:09.797561341Z","level":"INFO","msg":"file confirmed","session_id":"b3fd8d46-fd6f-4865-8b25-5172f16fa0b4","file_id":"7bb207c3-111a-45c7-8fdd-1ea5fc43a2df","file_name":"permission letter.pdf","sheets":1,"price":1}
Jul 17 08:02:09 vithsutra kiosk-server[2006197]: DEBUG: PageRange in UpdateFileWithPrintOptions: [1]
Jul 17 08:02:10 vithsutra kiosk-server[2006197]: {"time":"2026-07-17T08:02:10.119963841Z","level":"INFO","msg":"confirm upload completed","session_id":"b3fd8d46-fd6f-4865-8b25-5172f16fa0b4","total_sheets":1,"total_amount":1}
Jul 17 08:02:10 vithsutra kiosk-server[2006197]: {"time":"2026-07-17T08:02:10.120082372Z","level":"INFO","msg":"request","method":"POST","path":"/files/upload/confirm","status":200,"bytes":355,"duration_ms":1011,"request_id":"vithsutra/yJhBRTSzdo-004905","remote_addr":"2409:40f2:3101:8189:983e:4ff:fed1:6f82"}
Jul 17 08:02:10 vithsutra kiosk-server[2006197]: {"time":"2026-07-17T08:02:10.520353173Z","level":"INFO","msg":"request","method":"OPTIONS","path":"/payments/create","status":204,"bytes":0,"duration_ms":0,"request_id":"vithsutra/yJhBRTSzdo-004906","remote_addr":"2409:40f2:3101:8189:983e:4ff:fed1:6f82"}
Jul 17 08:02:11 vithsutra kiosk-server[2006197]: {"time":"2026-07-17T08:02:11.039546203Z","level":"INFO","msg":"create payment order started","session_id":"b3fd8d46-fd6f-4865-8b25-5172f16fa0b4","amount_paise_frontend":100}
Jul 17 08:02:11 vithsutra kiosk-server[2006197]: {"time":"2026-07-17T08:02:11.650342927Z","level":"INFO","msg":"razorpay order created","session_id":"b3fd8d46-fd6f-4865-8b25-5172f16fa0b4","razorpay_order_id":"order_TEUr1ZQaKZxcbi","amount_paise":100}
Jul 17 08:02:11 vithsutra kiosk-server[2006197]: {"time":"2026-07-17T08:02:11.759739716Z","level":"INFO","msg":"create payment order completed","session_id":"b3fd8d46-fd6f-4865-8b25-5172f16fa0b4","payment_id":"986ad333-3bf8-412d-b6f5-d9c2991c57f9","razorpay_order_id":"order_TEUr1ZQaKZxcbi"}
Jul 17 08:02:11 vithsutra kiosk-server[2006197]: {"time":"2026-07-17T08:02:11.759795998Z","level":"INFO","msg":"Amount:","Amount_paise":100}
Jul 17 08:02:11 vithsutra kiosk-server[2006197]: {"time":"2026-07-17T08:02:11.759933872Z","level":"INFO","msg":"request","method":"POST","path":"/payments/create","status":201,"bytes":232,"duration_ms":720,"request_id":"vithsutra/yJhBRTSzdo-004907","remote_addr":"2409:40f2:3101:8189:983e:4ff:fed1:6f82"}
Jul 17 08:02:50 vithsutra kiosk-server[2006197]: {"time":"2026-07-17T08:02:50.8938878Z","level":"INFO","msg":"webhook received","event":"payment.captured"}
Jul 17 08:02:50 vithsutra kiosk-server[2006197]: {"time":"2026-07-17T08:02:50.89393833Z","level":"INFO","msg":"processing payment success","razorpay_order_id":"order_TEUr1ZQaKZxcbi","razorpay_payment_id":"pay_TEUrMD1Wq6Q6t0"}
Jul 17 08:02:51 vithsutra kiosk-server[2006197]: {"time":"2026-07-17T08:02:51.701148315Z","level":"INFO","msg":"file promoted","session_id":"b3fd8d46-fd6f-4865-8b25-5172f16fa0b4","file_id":"7bb207c3-111a-45c7-8fdd-1ea5fc43a2df","final_key":"uploads/final/009bb939-5847-4da8-a2e6-36fc78c28e92/b3fd8d46-fd6f-4865-8b25-5172f16fa0b4/7bb207c3-111a-45c7-8fdd-1ea5fc43a2df.pdf"}
Jul 17 08:02:52 vithsutra kiosk-server[2006197]: {"time":"2026-07-17T08:02:52.132160199Z","level":"INFO","msg":"payment success committed","session_id":"b3fd8d46-fd6f-4865-8b25-5172f16fa0b4","razorpay_order_id":"order_TEUr1ZQaKZxcbi","razorpay_payment_id":"pay_TEUrMD1Wq6Q6t0","files_promoted":1}
Jul 17 08:02:52 vithsutra kiosk-server[2006197]: {"time":"2026-07-17T08:02:52.13228287Z","level":"INFO","msg":"request","method":"POST","path":"/webhooks/razorpay","status":200,"bytes":21,"duration_ms":1238,"request_id":"vithsutra/yJhBRTSzdo-004908","remote_addr":"52.66.75.174"}
Jul 17 08:03:00 vithsutra kiosk-server[2006197]: {"time":"2026-07-17T08:03:00.844607687Z","level":"INFO","msg":"request","method":"OPTIONS","path":"/payments/status/b3fd8d46-fd6f-4865-8b25-5172f16fa0b4","status":204,"bytes":0,"duration_ms":0,"request_id":"vithsutra/yJhBRTSzdo-004909","remote_addr":"2409:40f2:3101:8189:983e:4ff:fed1:6f82"}
Jul 17 08:03:01 vithsutra kiosk-server[2006197]: {"time":"2026-07-17T08:03:01.011767336Z","level":"INFO","msg":"get job by session ID started","session_id":"b3fd8d46-fd6f-4865-8b25-5172f16fa0b4"}
Jul 17 08:03:01 vithsutra kiosk-server[2006197]: {"time":"2026-07-17T08:03:01.065320343Z","level":"INFO","msg":"Token Debugging","Token:":"938717"}
Jul 17 08:03:01 vithsutra kiosk-server[2006197]: {"time":"2026-07-17T08:03:01.120335674Z","level":"INFO","msg":"get job by session ID completed","session_id":"b3fd8d46-fd6f-4865-8b25-5172f16fa0b4","file_count":1}
Jul 17 08:03:01 vithsutra kiosk-server[2006197]: {"time":"2026-07-17T08:03:01.120405329Z","level":"INFO","msg":"request","method":"GET","path":"/payments/status/b3fd8d46-fd6f-4865-8b25-5172f16fa0b4","status":200,"bytes":688,"duration_ms":108,"request_id":"vithsutra/yJhBRTSzdo-004910","remote_addr":"2409:40f2:3101:8189:983e:4ff:fed1:6f82"}
Jul 17 08:03:09 vithsutra kiosk-server[2006197]: {"time":"2026-07-17T08:03:09.079364294Z","level":"INFO","msg":"get job by token started","token":938717}
Jul 17 08:03:09 vithsutra kiosk-server[2006197]: DEBUG PRESIGN GET URL: https://aiet-printflow-upload-prod.s3.ap-south-1.amazonaws.com/uploads/final/009bb939-5847-4da8-a2e6-36fc78c28e92/b3fd8d46-fd6f-4865-8b25-5172f16fa0b4/7bb207c3-111a-45c7-8fdd-1ea5fc43a2df.pdf?X-Amz-Algorithm=AWS4-HMAC-SHA256&X-Amz-Checksum-Mode=ENABLED&X-Amz-Credential=AKIAURY6ZINDKCABHGV3%2F20260717%2Fap-south-1%2Fs3%2Faws4_request&X-Amz-Date=20260717T080309Z&X-Amz-Expires=900&X-Amz-SignedHeaders=host&x-id=GetObject&X-Amz-Signature=5c731c3f313a7f928577595d0c3d54d95b8bd9c6892977ec7dc338bafc1ded06
Jul 17 08:03:09 vithsutra kiosk-server[2006197]: {"time":"2026-07-17T08:03:09.240376353Z","level":"INFO","msg":"final_Key_Bebugging","final_key:":"uploads/final/009bb939-5847-4da8-a2e6-36fc78c28e92/b3fd8d46-fd6f-4865-8b25-5172f16fa0b4/7bb207c3-111a-45c7-8fdd-1ea5fc43a2df.pdf"}
Jul 17 08:03:09 vithsutra kiosk-server[2006197]: {"time":"2026-07-17T08:03:09.24040718Z","level":"INFO","msg":"get job by token completed","token":938717,"session_id":"b3fd8d46-fd6f-4865-8b25-5172f16fa0b4","file_count":1}
Jul 17 08:03:09 vithsutra kiosk-server[2006197]: {"time":"2026-07-17T08:03:09.240499481Z","level":"INFO","msg":"request","method":"POST","path":"/print/jobs/token","status":200,"bytes":954,"duration_ms":161,"request_id":"vithsutra/yJhBRTSzdo-004911","remote_addr":"103.89.233.254"}
Jul 17 08:03:32 vithsutra kiosk-server[2006197]: {"time":"2026-07-17T08:03:32.444256215Z","level":"INFO","msg":"expire session after printing started","session_id":"b3fd8d46-fd6f-4865-8b25-5172f16fa0b4"}
Jul 17 08:03:32 vithsutra kiosk-server[2006197]: {"time":"2026-07-17T08:03:32.60718766Z","level":"INFO","msg":"session marked completed","session_id":"b3fd8d46-fd6f-4865-8b25-5172f16fa0b4"}
Jul 17 08:03:32 vithsutra kiosk-server[2006197]: {"time":"2026-07-17T08:03:32.715512278Z","level":"WARN","msg":"no completed file found for session b3fd8d46-fd6f-4865-8b25-5172f16fa0b4","code":"no_completed_file"}
Jul 17 08:03:32 vithsutra kiosk-server[2006197]: {"time":"2026-07-17T08:03:32.715613934Z","level":"INFO","msg":"request","method":"POST","path":"/print/jobs/expire","status":404,"bytes":124,"duration_ms":271,"request_id":"vithsutra/yJhBRTSzdo-004912","remote_addr":"103.89.233.254"}
Jul 17 08:07:55 vithsutra kiosk-server[2006197]: {"time":"2026-07-17T08:07:55.871988426Z","level":"INFO","msg":"request","method":"OPTIONS","path":"/auth/google","status":204,"bytes":0,"duration_ms":0,"request_id":"vithsutra/yJhBRTSzdo-004913","remote_addr":"2409:40f2:3117:5e3e:8000::"}
Jul 17 08:07:56 vithsutra kiosk-server[2006197]: {"time":"2026-07-17T08:07:56.064371919Z","level":"INFO","msg":"google auth started"}
Jul 17 08:07:56 vithsutra kiosk-server[2006197]: {"time":"2026-07-17T08:07:56.064520565Z","level":"INFO","msg":"google token verified","google_id":"114282537393190619330","email":"rahuldhage276@gmail.com"}
Jul 17 08:07:57 vithsutra kiosk-server[2006197]: {"time":"2026-07-17T08:07:57.97849889Z","level":"INFO","msg":"returning user authenticated","user_id":"d82917c1-cdcc-454e-bfcb-21caac640c13","email":"rahuldhage276@gmail.com"}
Jul 17 08:07:57 vithsutra kiosk-server[2006197]: {"time":"2026-07-17T08:07:57.978611Z","level":"INFO","msg":"google auth completed","user_id":"d82917c1-cdcc-454e-bfcb-21caac640c13","email":"rahuldhage276@gmail.com"}
Jul 17 08:07:57 vithsutra kiosk-server[2006197]: {"time":"2026-07-17T08:07:57.978672561Z","level":"INFO","msg":"request","method":"POST","path":"/auth/google","status":200,"bytes":446,"duration_ms":1914,"request_id":"vithsutra/yJhBRTSzdo-004914","remote_addr":"2409:40f2:3117:5e3e:8000::"}
Jul 17 08:08:28 vithsutra kiosk-server[2006197]: {"time":"2026-07-17T08:08:28.0727124Z","level":"INFO","msg":"request","method":"OPTIONS","path":"/files/upload/init","status":204,"bytes":0,"duration_ms":0,"request_id":"vithsutra/yJhBRTSzdo-004915","remote_addr":"2409:40f2:3117:5e3e:8000::"}
Jul 17 08:08:28 vithsutra kiosk-server[2006197]: {"time":"2026-07-17T08:08:28.265948797Z","level":"INFO","msg":"USERID","userId:":"d82917c1-cdcc-454e-bfcb-21caac640c13"}
Jul 17 08:08:28 vithsutra kiosk-server[2006197]: {"time":"2026-07-17T08:08:28.265992084Z","level":"INFO","msg":"USEREMAIL","userEmail:":"rahuldhage276@gmail.com"}
Jul 17 08:08:28 vithsutra kiosk-server[2006197]: {"time":"2026-07-17T08:08:28.266008835Z","level":"INFO","msg":"init upload started","user_id":"d82917c1-cdcc-454e-bfcb-21caac640c13","file_count":1,"request_payload":{"files":[{"file_name":"Rahul_Resume_260717_133717.pdf","content_type":"application/pdf"}]}}
Jul 17 08:08:28 vithsutra kiosk-server[2006197]: {"time":"2026-07-17T08:08:28.42854794Z","level":"INFO","msg":"upload session created","session_id":"edaae950-ae88-427c-a3a7-149b4bf70186","user_id":"d82917c1-cdcc-454e-bfcb-21caac640c13","expires_at":"2026-07-24T08:08:28.320165711Z"}
Jul 17 08:08:28 vithsutra kiosk-server[2006197]: {"time":"2026-07-17T08:08:28.588592312Z","level":"INFO","msg":"init upload completed","session_id":"edaae950-ae88-427c-a3a7-149b4bf70186","user_id":"d82917c1-cdcc-454e-bfcb-21caac640c13","file_count":1}
Jul 17 08:08:28 vithsutra kiosk-server[2006197]: {"time":"2026-07-17T08:08:28.588687896Z","level":"INFO","msg":"request","method":"POST","path":"/files/upload/init","status":201,"bytes":989,"duration_ms":322,"request_id":"vithsutra/yJhBRTSzdo-004916","remote_addr":"2409:40f2:3117:5e3e:8000::"}
Jul 17 08:08:29 vithsutra kiosk-server[2006197]: {"time":"2026-07-17T08:08:29.846083751Z","level":"INFO","msg":"request","method":"OPTIONS","path":"/files/upload/confirm","status":204,"bytes":0,"duration_ms":0,"request_id":"vithsutra/yJhBRTSzdo-004917","remote_addr":"2409:40f2:3117:5e3e:8000::"}
Jul 17 08:08:30 vithsutra kiosk-server[2006197]: {"time":"2026-07-17T08:08:30.132297192Z","level":"INFO","msg":"confirm upload started","session_id":"edaae950-ae88-427c-a3a7-149b4bf70186","file_count":1}
Jul 17 08:08:30 vithsutra kiosk-server[2006197]: {"time":"2026-07-17T08:08:30.2369119Z","level":"INFO","msg":"session validated for confirm","session_id":"edaae950-ae88-427c-a3a7-149b4bf70186","status":"created"}
Jul 17 08:08:30 vithsutra kiosk-server[2006197]: DEBUG HeadObject → bucket: aiet-printflow-upload-prod  key: uploads/staging/d82917c1-cdcc-454e-bfcb-21caac640c13/edaae950-ae88-427c-a3a7-149b4bf70186/8966b9e3-bf5b-4ddf-a288-a2eef33f375b.pdf
Jul 17 08:08:31 vithsutra kiosk-server[2006197]: {"time":"2026-07-17T08:08:31.007384645Z","level":"INFO","msg":"file price calculated","price":5,"sheets":1,"num_of_pages":1,"copies":1,"page_layout":1,"printing_mode":"color","printing_side":"single_side"}
Jul 17 08:08:31 vithsutra kiosk-server[2006197]: {"time":"2026-07-17T08:08:31.007453979Z","level":"INFO","msg":"Total done bebug","TotalAmount:":5,"TotalSheetes:":1}
Jul 17 08:08:31 vithsutra kiosk-server[2006197]: {"time":"2026-07-17T08:08:31.007476787Z","level":"INFO","msg":"Page Range bebugging","page_range:":["1"]}
Jul 17 08:08:31 vithsutra kiosk-server[2006197]: {"time":"2026-07-17T08:08:31.007499546Z","level":"INFO","msg":"file confirmed","session_id":"edaae950-ae88-427c-a3a7-149b4bf70186","file_id":"8966b9e3-bf5b-4ddf-a288-a2eef33f375b","file_name":"Rahul_Resume_260717_133717.pdf","sheets":1,"price":5}
Jul 17 08:08:31 vithsutra kiosk-server[2006197]: DEBUG: PageRange in UpdateFileWithPrintOptions: [1]
Jul 17 08:08:31 vithsutra kiosk-server[2006197]: {"time":"2026-07-17T08:08:31.326818697Z","level":"INFO","msg":"confirm upload completed","session_id":"edaae950-ae88-427c-a3a7-149b4bf70186","total_sheets":1,"total_amount":5}
Jul 17 08:08:31 vithsutra kiosk-server[2006197]: {"time":"2026-07-17T08:08:31.326988969Z","level":"INFO","msg":"request","method":"POST","path":"/files/upload/confirm","status":200,"bytes":364,"duration_ms":1194,"request_id":"vithsutra/yJhBRTSzdo-004918","remote_addr":"2409:40f2:3117:5e3e:8000::"}
Jul 17 08:08:31 vithsutra kiosk-server[2006197]: {"time":"2026-07-17T08:08:31.539564253Z","level":"INFO","msg":"request","method":"OPTIONS","path":"/payments/create","status":204,"bytes":0,"duration_ms":0,"request_id":"vithsutra/yJhBRTSzdo-004919","remote_addr":"2409:40f2:3117:5e3e:8000::"}
Jul 17 08:08:31 vithsutra kiosk-server[2006197]: {"time":"2026-07-17T08:08:31.722382694Z","level":"INFO","msg":"create payment order started","session_id":"edaae950-ae88-427c-a3a7-149b4bf70186","amount_paise_frontend":500}
Jul 17 08:08:32 vithsutra kiosk-server[2006197]: {"time":"2026-07-17T08:08:32.34650486Z","level":"INFO","msg":"razorpay order created","session_id":"edaae950-ae88-427c-a3a7-149b4bf70186","razorpay_order_id":"order_TEUxj8yrT3OHZV","amount_paise":500}
Jul 17 08:08:32 vithsutra kiosk-server[2006197]: {"time":"2026-07-17T08:08:32.453991372Z","level":"INFO","msg":"create payment order completed","session_id":"edaae950-ae88-427c-a3a7-149b4bf70186","payment_id":"131cf7c8-a627-4f99-ac9d-f6362fce50e8","razorpay_order_id":"order_TEUxj8yrT3OHZV"}
Jul 17 08:08:32 vithsutra kiosk-server[2006197]: {"time":"2026-07-17T08:08:32.454044916Z","level":"INFO","msg":"Amount:","Amount_paise":500}
Jul 17 08:08:32 vithsutra kiosk-server[2006197]: {"time":"2026-07-17T08:08:32.454139283Z","level":"INFO","msg":"request","method":"POST","path":"/payments/create","status":201,"bytes":232,"duration_ms":731,"request_id":"vithsutra/yJhBRTSzdo-004920","remote_addr":"2409:40f2:3117:5e3e:8000::"}
Jul 17 08:09:30 vithsutra kiosk-server[2006197]: {"time":"2026-07-17T08:09:30.856424895Z","level":"INFO","msg":"webhook received","event":"payment.captured"}
Jul 17 08:09:30 vithsutra kiosk-server[2006197]: {"time":"2026-07-17T08:09:30.856471456Z","level":"INFO","msg":"processing payment success","razorpay_order_id":"order_TEUxj8yrT3OHZV","razorpay_payment_id":"pay_TEUyOF9y2bjFGV"}
Jul 17 08:09:31 vithsutra kiosk-server[2006197]: {"time":"2026-07-17T08:09:31.592316571Z","level":"INFO","msg":"file promoted","session_id":"edaae950-ae88-427c-a3a7-149b4bf70186","file_id":"8966b9e3-bf5b-4ddf-a288-a2eef33f375b","final_key":"uploads/final/d82917c1-cdcc-454e-bfcb-21caac640c13/edaae950-ae88-427c-a3a7-149b4bf70186/8966b9e3-bf5b-4ddf-a288-a2eef33f375b.pdf"}
Jul 17 08:09:32 vithsutra kiosk-server[2006197]: {"time":"2026-07-17T08:09:32.013031352Z","level":"INFO","msg":"payment success committed","session_id":"edaae950-ae88-427c-a3a7-149b4bf70186","razorpay_order_id":"order_TEUxj8yrT3OHZV","razorpay_payment_id":"pay_TEUyOF9y2bjFGV","files_promoted":1}
Jul 17 08:09:32 vithsutra kiosk-server[2006197]: {"time":"2026-07-17T08:09:32.013144967Z","level":"INFO","msg":"request","method":"POST","path":"/webhooks/razorpay","status":200,"bytes":21,"duration_ms":1156,"request_id":"vithsutra/yJhBRTSzdo-004921","remote_addr":"52.66.76.63"}
Jul 17 08:13:48 vithsutra kiosk-server[2006197]: {"time":"2026-07-17T08:13:48.475486934Z","level":"INFO","msg":"request","method":"OPTIONS","path":"/files/upload/init","status":204,"bytes":0,"duration_ms":0,"request_id":"vithsutra/yJhBRTSzdo-004922","remote_addr":"2409:40f2:3117:5e3e:8000::"}
Jul 17 08:13:49 vithsutra kiosk-server[2006197]: {"time":"2026-07-17T08:13:49.345101377Z","level":"INFO","msg":"USERID","userId:":"d82917c1-cdcc-454e-bfcb-21caac640c13"}
Jul 17 08:13:49 vithsutra kiosk-server[2006197]: {"time":"2026-07-17T08:13:49.345153449Z","level":"INFO","msg":"USEREMAIL","userEmail:":"rahuldhage276@gmail.com"}
Jul 17 08:13:49 vithsutra kiosk-server[2006197]: {"time":"2026-07-17T08:13:49.345169203Z","level":"INFO","msg":"init upload started","user_id":"d82917c1-cdcc-454e-bfcb-21caac640c13","file_count":1,"request_payload":{"files":[{"file_name":"Rahul_Resume_260717_133717.pdf","content_type":"application/pdf"}]}}
Jul 17 08:13:50 vithsutra kiosk-server[2006197]: {"time":"2026-07-17T08:13:50.619656663Z","level":"INFO","msg":"upload session created","session_id":"127b6b49-1087-433b-80e4-35f674a27d35","user_id":"d82917c1-cdcc-454e-bfcb-21caac640c13","expires_at":"2026-07-24T08:13:50.381325265Z"}
Jul 17 08:13:50 vithsutra kiosk-server[2006197]: {"time":"2026-07-17T08:13:50.793469364Z","level":"INFO","msg":"init upload completed","session_id":"127b6b49-1087-433b-80e4-35f674a27d35","user_id":"d82917c1-cdcc-454e-bfcb-21caac640c13","file_count":1}
Jul 17 08:13:50 vithsutra kiosk-server[2006197]: {"time":"2026-07-17T08:13:50.793629729Z","level":"INFO","msg":"request","method":"POST","path":"/files/upload/init","status":201,"bytes":989,"duration_ms":1448,"request_id":"vithsutra/yJhBRTSzdo-004923","remote_addr":"2409:40f2:3117:5e3e:8000::"}
Jul 17 08:13:52 vithsutra kiosk-server[2006197]: {"time":"2026-07-17T08:13:52.01796625Z","level":"INFO","msg":"request","method":"OPTIONS","path":"/files/upload/confirm","status":204,"bytes":0,"duration_ms":0,"request_id":"vithsutra/yJhBRTSzdo-004924","remote_addr":"2409:40f2:3117:5e3e:8000::"}
Jul 17 08:13:52 vithsutra kiosk-server[2006197]: {"time":"2026-07-17T08:13:52.512326755Z","level":"INFO","msg":"confirm upload started","session_id":"127b6b49-1087-433b-80e4-35f674a27d35","file_count":1}
Jul 17 08:13:52 vithsutra kiosk-server[2006197]: {"time":"2026-07-17T08:13:52.623926533Z","level":"INFO","msg":"session validated for confirm","session_id":"127b6b49-1087-433b-80e4-35f674a27d35","status":"created"}
Jul 17 08:13:52 vithsutra kiosk-server[2006197]: DEBUG HeadObject → bucket: aiet-printflow-upload-prod  key: uploads/staging/d82917c1-cdcc-454e-bfcb-21caac640c13/127b6b49-1087-433b-80e4-35f674a27d35/4c3ed00f-b864-4dc1-b45a-10a7cd63fc0f.pdf
Jul 17 08:13:53 vithsutra kiosk-server[2006197]: {"time":"2026-07-17T08:13:53.084370325Z","level":"INFO","msg":"file price calculated","price":5,"sheets":1,"num_of_pages":1,"copies":1,"page_layout":1,"printing_mode":"color","printing_side":"single_side"}
Jul 17 08:13:53 vithsutra kiosk-server[2006197]: {"time":"2026-07-17T08:13:53.084395652Z","level":"INFO","msg":"Total done bebug","TotalAmount:":5,"TotalSheetes:":1}
Jul 17 08:13:53 vithsutra kiosk-server[2006197]: {"time":"2026-07-17T08:13:53.084402633Z","level":"INFO","msg":"Page Range bebugging","page_range:":["1"]}
Jul 17 08:13:53 vithsutra kiosk-server[2006197]: {"time":"2026-07-17T08:13:53.084410739Z","level":"INFO","msg":"file confirmed","session_id":"127b6b49-1087-433b-80e4-35f674a27d35","file_id":"4c3ed00f-b864-4dc1-b45a-10a7cd63fc0f","file_name":"Rahul_Resume_260717_133717.pdf","sheets":1,"price":5}
Jul 17 08:13:53 vithsutra kiosk-server[2006197]: DEBUG: PageRange in UpdateFileWithPrintOptions: [1]
Jul 17 08:13:53 vithsutra kiosk-server[2006197]: {"time":"2026-07-17T08:13:53.417415962Z","level":"INFO","msg":"confirm upload completed","session_id":"127b6b49-1087-433b-80e4-35f674a27d35","total_sheets":1,"total_amount":5}
Jul 17 08:13:53 vithsutra kiosk-server[2006197]: {"time":"2026-07-17T08:13:53.417556566Z","level":"INFO","msg":"request","method":"POST","path":"/files/upload/confirm","status":200,"bytes":364,"duration_ms":905,"request_id":"vithsutra/yJhBRTSzdo-004925","remote_addr":"2409:40f2:3117:5e3e:8000::"}
Jul 17 08:13:53 vithsutra kiosk-server[2006197]: {"time":"2026-07-17T08:13:53.946350415Z","level":"INFO","msg":"request","method":"OPTIONS","path":"/payments/create","status":204,"bytes":0,"duration_ms":0,"request_id":"vithsutra/yJhBRTSzdo-004926","remote_addr":"2409:40f2:3117:5e3e:8000::"}
Jul 17 08:13:54 vithsutra kiosk-server[2006197]: {"time":"2026-07-17T08:13:54.410189987Z","level":"INFO","msg":"create payment order started","session_id":"127b6b49-1087-433b-80e4-35f674a27d35","amount_paise_frontend":500}
Jul 17 08:13:54 vithsutra kiosk-server[2006197]: {"time":"2026-07-17T08:13:54.728991064Z","level":"INFO","msg":"razorpay order created","session_id":"127b6b49-1087-433b-80e4-35f674a27d35","razorpay_order_id":"order_TEV3P1LgWePr8x","amount_paise":500}
Jul 17 08:13:54 vithsutra kiosk-server[2006197]: {"time":"2026-07-17T08:13:54.840523956Z","level":"INFO","msg":"create payment order completed","session_id":"127b6b49-1087-433b-80e4-35f674a27d35","payment_id":"6a06f753-9288-454f-ba2d-3c864ae0887f","razorpay_order_id":"order_TEV3P1LgWePr8x"}
Jul 17 08:13:54 vithsutra kiosk-server[2006197]: {"time":"2026-07-17T08:13:54.840571602Z","level":"INFO","msg":"Amount:","Amount_paise":500}
Jul 17 08:13:54 vithsutra kiosk-server[2006197]: {"time":"2026-07-17T08:13:54.840654533Z","level":"INFO","msg":"request","method":"POST","path":"/payments/create","status":201,"bytes":232,"duration_ms":430,"request_id":"vithsutra/yJhBRTSzdo-004927","remote_addr":"2409:40f2:3117:5e3e:8000::"}
Jul 17 08:14:18 vithsutra kiosk-server[2006197]: {"time":"2026-07-17T08:14:18.183999582Z","level":"INFO","msg":"webhook received","event":"payment.captured"}
Jul 17 08:14:18 vithsutra kiosk-server[2006197]: {"time":"2026-07-17T08:14:18.184052697Z","level":"INFO","msg":"processing payment success","razorpay_order_id":"order_TEV3P1LgWePr8x","razorpay_payment_id":"pay_TEV3VahAm8hEqZ"}
Jul 17 08:14:21 vithsutra kiosk-server[2006197]: {"time":"2026-07-17T08:14:21.185049614Z","level":"INFO","msg":"file promoted","session_id":"127b6b49-1087-433b-80e4-35f674a27d35","file_id":"4c3ed00f-b864-4dc1-b45a-10a7cd63fc0f","final_key":"uploads/final/d82917c1-cdcc-454e-bfcb-21caac640c13/127b6b49-1087-433b-80e4-35f674a27d35/4c3ed00f-b864-4dc1-b45a-10a7cd63fc0f.pdf"}
Jul 17 08:14:21 vithsutra kiosk-server[2006197]: {"time":"2026-07-17T08:14:21.892764313Z","level":"INFO","msg":"payment success committed","session_id":"127b6b49-1087-433b-80e4-35f674a27d35","razorpay_order_id":"order_TEV3P1LgWePr8x","razorpay_payment_id":"pay_TEV3VahAm8hEqZ","files_promoted":1}
Jul 17 08:14:21 vithsutra kiosk-server[2006197]: {"time":"2026-07-17T08:14:21.892931721Z","level":"INFO","msg":"request","method":"POST","path":"/webhooks/razorpay","status":200,"bytes":21,"duration_ms":3709,"request_id":"vithsutra/yJhBRTSzdo-004928","remote_addr":"52.66.75.174"}
Jul 17 08:14:29 vithsutra kiosk-server[2006197]: {"time":"2026-07-17T08:14:29.90264616Z","level":"INFO","msg":"request","method":"OPTIONS","path":"/payments/status/127b6b49-1087-433b-80e4-35f674a27d35","status":204,"bytes":0,"duration_ms":0,"request_id":"vithsutra/yJhBRTSzdo-004929","remote_addr":"2409:40f2:3117:5e3e:8000::"}
Jul 17 08:14:30 vithsutra kiosk-server[2006197]: {"time":"2026-07-17T08:14:30.772787585Z","level":"INFO","msg":"get job by session ID started","session_id":"127b6b49-1087-433b-80e4-35f674a27d35"}
Jul 17 08:14:30 vithsutra kiosk-server[2006197]: {"time":"2026-07-17T08:14:30.828074703Z","level":"INFO","msg":"Token Debugging","Token:":"824342"}
Jul 17 08:14:30 vithsutra kiosk-server[2006197]: {"time":"2026-07-17T08:14:30.884882801Z","level":"INFO","msg":"get job by session ID completed","session_id":"127b6b49-1087-433b-80e4-35f674a27d35","file_count":1}
Jul 17 08:14:30 vithsutra kiosk-server[2006197]: {"time":"2026-07-17T08:14:30.885076841Z","level":"INFO","msg":"request","method":"GET","path":"/payments/status/127b6b49-1087-433b-80e4-35f674a27d35","status":200,"bytes":689,"duration_ms":112,"request_id":"vithsutra/yJhBRTSzdo-004930","remote_addr":"2409:40f2:3117:5e3e:8000::"}
Jul 17 08:14:37 vithsutra kiosk-server[2006197]: {"time":"2026-07-17T08:14:37.199057109Z","level":"INFO","msg":"get job by token started","token":824342}
Jul 17 08:14:37 vithsutra kiosk-server[2006197]: DEBUG PRESIGN GET URL: https://aiet-printflow-upload-prod.s3.ap-south-1.amazonaws.com/uploads/final/d82917c1-cdcc-454e-bfcb-21caac640c13/127b6b49-1087-433b-80e4-35f674a27d35/4c3ed00f-b864-4dc1-b45a-10a7cd63fc0f.pdf?X-Amz-Algorithm=AWS4-HMAC-SHA256&X-Amz-Checksum-Mode=ENABLED&X-Amz-Credential=AKIAURY6ZINDKCABHGV3%2F20260717%2Fap-south-1%2Fs3%2Faws4_request&X-Amz-Date=20260717T081437Z&X-Amz-Expires=900&X-Amz-SignedHeaders=host&x-id=GetObject&X-Amz-Signature=0aecf06715ca2435bd7875af6a28f28bb6e21060a6f15ad68843b49292d0c75d
Jul 17 08:14:37 vithsutra kiosk-server[2006197]: {"time":"2026-07-17T08:14:37.365815377Z","level":"INFO","msg":"final_Key_Bebugging","final_key:":"uploads/final/d82917c1-cdcc-454e-bfcb-21caac640c13/127b6b49-1087-433b-80e4-35f674a27d35/4c3ed00f-b864-4dc1-b45a-10a7cd63fc0f.pdf"}
Jul 17 08:14:37 vithsutra kiosk-server[2006197]: {"time":"2026-07-17T08:14:37.365875902Z","level":"INFO","msg":"get job by token completed","token":824342,"session_id":"127b6b49-1087-433b-80e4-35f674a27d35","file_count":1}
Jul 17 08:14:37 vithsutra kiosk-server[2006197]: {"time":"2026-07-17T08:14:37.3659659Z","level":"INFO","msg":"request","method":"POST","path":"/print/jobs/token","status":200,"bytes":955,"duration_ms":167,"request_id":"vithsutra/yJhBRTSzdo-004931","remote_addr":"103.89.233.254"}
Jul 17 08:15:00 vithsutra kiosk-server[2006197]: {"time":"2026-07-17T08:15:00.140898225Z","level":"INFO","msg":"expire session after printing started","session_id":"127b6b49-1087-433b-80e4-35f674a27d35"}
Jul 17 08:15:00 vithsutra kiosk-server[2006197]: {"time":"2026-07-17T08:15:00.495158593Z","level":"INFO","msg":"session marked completed","session_id":"127b6b49-1087-433b-80e4-35f674a27d35"}
Jul 17 08:15:00 vithsutra kiosk-server[2006197]: {"time":"2026-07-17T08:15:00.721912159Z","level":"WARN","msg":"no completed file found for session 127b6b49-1087-433b-80e4-35f674a27d35","code":"no_completed_file"}
Jul 17 08:15:00 vithsutra kiosk-server[2006197]: {"time":"2026-07-17T08:15:00.721961383Z","level":"INFO","msg":"request","method":"POST","path":"/print/jobs/expire","status":404,"bytes":124,"duration_ms":581,"request_id":"vithsutra/yJhBRTSzdo-004932","remote_addr":"103.89.233.254"}
Jul 17 08:32:36 vithsutra kiosk-server[2006197]: {"time":"2026-07-17T08:32:36.725767108Z","level":"INFO","msg":"request","method":"GET","path":"/","status":404,"bytes":19,"duration_ms":0,"request_id":"vithsutra/yJhBRTSzdo-004933","remote_addr":"205.210.31.22"}
Jul 17 09:00:40 vithsutra kiosk-server[2006197]: {"time":"2026-07-17T09:00:40.284759164Z","level":"INFO","msg":"request","method":"OPTIONS","path":"/auth/google","status":204,"bytes":0,"duration_ms":0,"request_id":"vithsutra/yJhBRTSzdo-004934","remote_addr":"2409:40f2:300e:3c1d:8000::"}
Jul 17 09:00:40 vithsutra kiosk-server[2006197]: {"time":"2026-07-17T09:00:40.472183033Z","level":"INFO","msg":"google auth started"}
Jul 17 09:00:40 vithsutra kiosk-server[2006197]: {"time":"2026-07-17T09:00:40.47256726Z","level":"INFO","msg":"google token verified","google_id":"107565661525424904953","email":"gujar.shradu07@gmail.com"}
Jul 17 09:00:47 vithsutra kiosk-server[2006197]: {"time":"2026-07-17T09:00:47.841478085Z","level":"INFO","msg":"new user — creating account","google_id":"107565661525424904953","email":"gujar.shradu07@gmail.com"}
Jul 17 09:00:47 vithsutra kiosk-server[2006197]: {"time":"2026-07-17T09:00:47.957446263Z","level":"INFO","msg":"new user created","user_id":"49e2799e-8405-40ad-ab14-7e510497cd9f","email":"gujar.shradu07@gmail.com"}
Jul 17 09:00:47 vithsutra kiosk-server[2006197]: {"time":"2026-07-17T09:00:47.957602984Z","level":"INFO","msg":"google auth completed","user_id":"49e2799e-8405-40ad-ab14-7e510497cd9f","email":"gujar.shradu07@gmail.com"}
Jul 17 09:00:47 vithsutra kiosk-server[2006197]: {"time":"2026-07-17T09:00:47.957701424Z","level":"INFO","msg":"request","method":"POST","path":"/auth/google","status":200,"bytes":455,"duration_ms":7485,"request_id":"vithsutra/yJhBRTSzdo-004935","remote_addr":"2409:40f2:300e:3c1d:8000::"}
Jul 17 09:01:35 vithsutra kiosk-server[2006197]: {"time":"2026-07-17T09:01:35.11413406Z","level":"INFO","msg":"request","method":"OPTIONS","path":"/files/upload/init","status":204,"bytes":0,"duration_ms":0,"request_id":"vithsutra/yJhBRTSzdo-004936","remote_addr":"2409:40f2:300e:3c1d:8000::"}
Jul 17 09:01:35 vithsutra kiosk-server[2006197]: {"time":"2026-07-17T09:01:35.262618517Z","level":"INFO","msg":"USERID","userId:":"49e2799e-8405-40ad-ab14-7e510497cd9f"}
Jul 17 09:01:35 vithsutra kiosk-server[2006197]: {"time":"2026-07-17T09:01:35.262664972Z","level":"INFO","msg":"USEREMAIL","userEmail:":"gujar.shradu07@gmail.com"}
Jul 17 09:01:35 vithsutra kiosk-server[2006197]: {"time":"2026-07-17T09:01:35.262682081Z","level":"INFO","msg":"init upload started","user_id":"49e2799e-8405-40ad-ab14-7e510497cd9f","file_count":1,"request_payload":{"files":[{"file_name":"MR ABHINAV YADAV  X5455L.pdf","content_type":"application/pdf"}]}}
Jul 17 09:01:35 vithsutra kiosk-server[2006197]: {"time":"2026-07-17T09:01:35.436047641Z","level":"INFO","msg":"upload session created","session_id":"87c35566-d0fa-4a4f-8fc8-8e2819551c30","user_id":"49e2799e-8405-40ad-ab14-7e510497cd9f","expires_at":"2026-07-24T09:01:35.320032555Z"}
Jul 17 09:01:35 vithsutra kiosk-server[2006197]: {"time":"2026-07-17T09:01:35.614579469Z","level":"INFO","msg":"init upload completed","session_id":"87c35566-d0fa-4a4f-8fc8-8e2819551c30","user_id":"49e2799e-8405-40ad-ab14-7e510497cd9f","file_count":1}
Jul 17 09:01:35 vithsutra kiosk-server[2006197]: {"time":"2026-07-17T09:01:35.614733971Z","level":"INFO","msg":"request","method":"POST","path":"/files/upload/init","status":201,"bytes":987,"duration_ms":352,"request_id":"vithsutra/yJhBRTSzdo-004937","remote_addr":"2409:40f2:300e:3c1d:8000::"}
Jul 17 09:01:36 vithsutra kiosk-server[2006197]: {"time":"2026-07-17T09:01:36.620416941Z","level":"INFO","msg":"request","method":"OPTIONS","path":"/files/upload/confirm","status":204,"bytes":0,"duration_ms":0,"request_id":"vithsutra/yJhBRTSzdo-004938","remote_addr":"2409:40f2:300e:3c1d:8000::"}
Jul 17 09:01:36 vithsutra kiosk-server[2006197]: {"time":"2026-07-17T09:01:36.826649733Z","level":"INFO","msg":"confirm upload started","session_id":"87c35566-d0fa-4a4f-8fc8-8e2819551c30","file_count":1}
Jul 17 09:01:36 vithsutra kiosk-server[2006197]: {"time":"2026-07-17T09:01:36.945427202Z","level":"INFO","msg":"session validated for confirm","session_id":"87c35566-d0fa-4a4f-8fc8-8e2819551c30","status":"created"}
Jul 17 09:01:37 vithsutra kiosk-server[2006197]: DEBUG HeadObject → bucket: aiet-printflow-upload-prod  key: uploads/staging/49e2799e-8405-40ad-ab14-7e510497cd9f/87c35566-d0fa-4a4f-8fc8-8e2819551c30/b229e59e-df87-4911-8b19-176879ef7918.pdf
Jul 17 09:01:47 vithsutra kiosk-server[2006197]: {"time":"2026-07-17T09:01:47.541422781Z","level":"INFO","msg":"file price calculated","price":1,"sheets":1,"num_of_pages":1,"copies":1,"page_layout":1,"printing_mode":"monochromatic","printing_side":"single_side"}
Jul 17 09:01:47 vithsutra kiosk-server[2006197]: {"time":"2026-07-17T09:01:47.541493543Z","level":"INFO","msg":"Total done bebug","TotalAmount:":1,"TotalSheetes:":1}
Jul 17 09:01:47 vithsutra kiosk-server[2006197]: {"time":"2026-07-17T09:01:47.541515489Z","level":"INFO","msg":"Page Range bebugging","page_range:":["1"]}
Jul 17 09:01:47 vithsutra kiosk-server[2006197]: {"time":"2026-07-17T09:01:47.541535928Z","level":"INFO","msg":"file confirmed","session_id":"87c35566-d0fa-4a4f-8fc8-8e2819551c30","file_id":"b229e59e-df87-4911-8b19-176879ef7918","file_name":"MR ABHINAV YADAV  X5455L.pdf","sheets":1,"price":1}
Jul 17 09:01:47 vithsutra kiosk-server[2006197]: DEBUG: PageRange in UpdateFileWithPrintOptions: [1]
Jul 17 09:01:47 vithsutra kiosk-server[2006197]: {"time":"2026-07-17T09:01:47.887213285Z","level":"INFO","msg":"confirm upload completed","session_id":"87c35566-d0fa-4a4f-8fc8-8e2819551c30","total_sheets":1,"total_amount":1}
Jul 17 09:01:47 vithsutra kiosk-server[2006197]: {"time":"2026-07-17T09:01:47.887329721Z","level":"INFO","msg":"request","method":"POST","path":"/files/upload/confirm","status":200,"bytes":362,"duration_ms":11060,"request_id":"vithsutra/yJhBRTSzdo-004939","remote_addr":"2409:40f2:300e:3c1d:8000::"}
Jul 17 09:01:48 vithsutra kiosk-server[2006197]: {"time":"2026-07-17T09:01:48.186042922Z","level":"INFO","msg":"request","method":"OPTIONS","path":"/payments/create","status":204,"bytes":0,"duration_ms":0,"request_id":"vithsutra/yJhBRTSzdo-004940","remote_addr":"2409:40f2:300e:3c1d:8000::"}
Jul 17 09:01:48 vithsutra kiosk-server[2006197]: {"time":"2026-07-17T09:01:48.329065098Z","level":"INFO","msg":"create payment order started","session_id":"87c35566-d0fa-4a4f-8fc8-8e2819551c30","amount_paise_frontend":100}
Jul 17 09:01:49 vithsutra kiosk-server[2006197]: {"time":"2026-07-17T09:01:49.469041285Z","level":"INFO","msg":"razorpay order created","session_id":"87c35566-d0fa-4a4f-8fc8-8e2819551c30","razorpay_order_id":"order_TEVs0Ii16B3PCG","amount_paise":100}
Jul 17 09:01:49 vithsutra kiosk-server[2006197]: {"time":"2026-07-17T09:01:49.586949268Z","level":"INFO","msg":"create payment order completed","session_id":"87c35566-d0fa-4a4f-8fc8-8e2819551c30","payment_id":"b83a6071-17ab-406b-a24d-40a0076e341f","razorpay_order_id":"order_TEVs0Ii16B3PCG"}
Jul 17 09:01:49 vithsutra kiosk-server[2006197]: {"time":"2026-07-17T09:01:49.587000608Z","level":"INFO","msg":"Amount:","Amount_paise":100}
Jul 17 09:01:49 vithsutra kiosk-server[2006197]: {"time":"2026-07-17T09:01:49.587087217Z","level":"INFO","msg":"request","method":"POST","path":"/payments/create","status":201,"bytes":232,"duration_ms":1258,"request_id":"vithsutra/yJhBRTSzdo-004941","remote_addr":"2409:40f2:300e:3c1d:8000::"}
Jul 17 09:02:28 vithsutra kiosk-server[2006197]: {"time":"2026-07-17T09:02:28.752614405Z","level":"INFO","msg":"webhook received","event":"payment.captured"}
Jul 17 09:02:28 vithsutra kiosk-server[2006197]: {"time":"2026-07-17T09:02:28.752662362Z","level":"INFO","msg":"processing payment success","razorpay_order_id":"order_TEVs0Ii16B3PCG","razorpay_payment_id":"pay_TEVsQfNfIIKHqe"}
Jul 17 09:02:29 vithsutra kiosk-server[2006197]: {"time":"2026-07-17T09:02:29.406062772Z","level":"INFO","msg":"file promoted","session_id":"87c35566-d0fa-4a4f-8fc8-8e2819551c30","file_id":"b229e59e-df87-4911-8b19-176879ef7918","final_key":"uploads/final/49e2799e-8405-40ad-ab14-7e510497cd9f/87c35566-d0fa-4a4f-8fc8-8e2819551c30/b229e59e-df87-4911-8b19-176879ef7918.pdf"}
Jul 17 09:02:30 vithsutra kiosk-server[2006197]: {"time":"2026-07-17T09:02:30.415480396Z","level":"INFO","msg":"payment success committed","session_id":"87c35566-d0fa-4a4f-8fc8-8e2819551c30","razorpay_order_id":"order_TEVs0Ii16B3PCG","razorpay_payment_id":"pay_TEVsQfNfIIKHqe","files_promoted":1}
Jul 17 09:02:30 vithsutra kiosk-server[2006197]: {"time":"2026-07-17T09:02:30.415572218Z","level":"INFO","msg":"request","method":"POST","path":"/webhooks/razorpay","status":200,"bytes":21,"duration_ms":1663,"request_id":"vithsutra/yJhBRTSzdo-004942","remote_addr":"52.66.75.174"}
Jul 17 09:02:38 vithsutra kiosk-server[2006197]: {"time":"2026-07-17T09:02:38.420546609Z","level":"INFO","msg":"request","method":"OPTIONS","path":"/payments/status/87c35566-d0fa-4a4f-8fc8-8e2819551c30","status":204,"bytes":0,"duration_ms":0,"request_id":"vithsutra/yJhBRTSzdo-004943","remote_addr":"2409:40f2:300e:3c1d:8000::"}
Jul 17 09:02:38 vithsutra kiosk-server[2006197]: {"time":"2026-07-17T09:02:38.633474068Z","level":"INFO","msg":"get job by session ID started","session_id":"87c35566-d0fa-4a4f-8fc8-8e2819551c30"}
Jul 17 09:02:38 vithsutra kiosk-server[2006197]: {"time":"2026-07-17T09:02:38.690951421Z","level":"INFO","msg":"Token Debugging","Token:":"679161"}
Jul 17 09:02:38 vithsutra kiosk-server[2006197]: {"time":"2026-07-17T09:02:38.750202094Z","level":"INFO","msg":"get job by session ID completed","session_id":"87c35566-d0fa-4a4f-8fc8-8e2819551c30","file_count":1}
Jul 17 09:02:38 vithsutra kiosk-server[2006197]: {"time":"2026-07-17T09:02:38.750365162Z","level":"INFO","msg":"request","method":"GET","path":"/payments/status/87c35566-d0fa-4a4f-8fc8-8e2819551c30","status":200,"bytes":695,"duration_ms":117,"request_id":"vithsutra/yJhBRTSzdo-004944","remote_addr":"2409:40f2:300e:3c1d:8000::"}
Jul 17 09:02:45 vithsutra kiosk-server[2006197]: {"time":"2026-07-17T09:02:45.03861076Z","level":"INFO","msg":"get job by token started","token":679161}
Jul 17 09:02:45 vithsutra kiosk-server[2006197]: DEBUG PRESIGN GET URL: https://aiet-printflow-upload-prod.s3.ap-south-1.amazonaws.com/uploads/final/49e2799e-8405-40ad-ab14-7e510497cd9f/87c35566-d0fa-4a4f-8fc8-8e2819551c30/b229e59e-df87-4911-8b19-176879ef7918.pdf?X-Amz-Algorithm=AWS4-HMAC-SHA256&X-Amz-Checksum-Mode=ENABLED&X-Amz-Credential=AKIAURY6ZINDKCABHGV3%2F20260717%2Fap-south-1%2Fs3%2Faws4_request&X-Amz-Date=20260717T090245Z&X-Amz-Expires=900&X-Amz-SignedHeaders=host&x-id=GetObject&X-Amz-Signature=fb439dca9ca88d3e26d58aa8a4080b4958b34d0f5fe2f406f079fcc7236e6430
Jul 17 09:02:45 vithsutra kiosk-server[2006197]: {"time":"2026-07-17T09:02:45.489648898Z","level":"INFO","msg":"final_Key_Bebugging","final_key:":"uploads/final/49e2799e-8405-40ad-ab14-7e510497cd9f/87c35566-d0fa-4a4f-8fc8-8e2819551c30/b229e59e-df87-4911-8b19-176879ef7918.pdf"}
Jul 17 09:02:45 vithsutra kiosk-server[2006197]: {"time":"2026-07-17T09:02:45.489680265Z","level":"INFO","msg":"get job by token completed","token":679161,"session_id":"87c35566-d0fa-4a4f-8fc8-8e2819551c30","file_count":1}
Jul 17 09:02:45 vithsutra kiosk-server[2006197]: {"time":"2026-07-17T09:02:45.489758823Z","level":"INFO","msg":"request","method":"POST","path":"/print/jobs/token","status":200,"bytes":961,"duration_ms":451,"request_id":"vithsutra/yJhBRTSzdo-004945","remote_addr":"103.89.233.254"}
Jul 17 09:03:06 vithsutra kiosk-server[2006197]: {"time":"2026-07-17T09:03:06.186591276Z","level":"INFO","msg":"expire session after printing started","session_id":"87c35566-d0fa-4a4f-8fc8-8e2819551c30"}
Jul 17 09:03:06 vithsutra kiosk-server[2006197]: {"time":"2026-07-17T09:03:06.367196981Z","level":"INFO","msg":"session marked completed","session_id":"87c35566-d0fa-4a4f-8fc8-8e2819551c30"}
Jul 17 09:03:06 vithsutra kiosk-server[2006197]: {"time":"2026-07-17T09:03:06.756887259Z","level":"WARN","msg":"no completed file found for session 87c35566-d0fa-4a4f-8fc8-8e2819551c30","code":"no_completed_file"}
Jul 17 09:03:06 vithsutra kiosk-server[2006197]: {"time":"2026-07-17T09:03:06.757106524Z","level":"INFO","msg":"request","method":"POST","path":"/print/jobs/expire","status":404,"bytes":124,"duration_ms":570,"request_id":"vithsutra/yJhBRTSzdo-004946","remote_addr":"103.89.233.254"}
Jul 17 09:25:54 vithsutra kiosk-server[2006197]: {"time":"2026-07-17T09:25:54.4795059Z","level":"INFO","msg":"request","method":"OPTIONS","path":"/files/upload/init","status":204,"bytes":0,"duration_ms":0,"request_id":"vithsutra/yJhBRTSzdo-004947","remote_addr":"2409:40f2:3117:5e3e:8000::"}
Jul 17 09:25:54 vithsutra kiosk-server[2006197]: {"time":"2026-07-17T09:25:54.891954255Z","level":"INFO","msg":"USERID","userId:":"d82917c1-cdcc-454e-bfcb-21caac640c13"}
Jul 17 09:25:54 vithsutra kiosk-server[2006197]: {"time":"2026-07-17T09:25:54.891998139Z","level":"INFO","msg":"USEREMAIL","userEmail:":"rahuldhage276@gmail.com"}
Jul 17 09:25:54 vithsutra kiosk-server[2006197]: {"time":"2026-07-17T09:25:54.892014002Z","level":"INFO","msg":"init upload started","user_id":"d82917c1-cdcc-454e-bfcb-21caac640c13","file_count":1,"request_payload":{"files":[{"file_name":"Rahul_Resume_260717_133717.pdf","content_type":"application/pdf"}]}}
Jul 17 09:25:56 vithsutra kiosk-server[2006197]: {"time":"2026-07-17T09:25:56.123972067Z","level":"INFO","msg":"upload session created","session_id":"ab4ba886-334b-4e51-8d0e-12ba8337f6e2","user_id":"d82917c1-cdcc-454e-bfcb-21caac640c13","expires_at":"2026-07-24T09:25:55.919389581Z"}
Jul 17 09:25:56 vithsutra kiosk-server[2006197]: {"time":"2026-07-17T09:25:56.375698127Z","level":"INFO","msg":"init upload completed","session_id":"ab4ba886-334b-4e51-8d0e-12ba8337f6e2","user_id":"d82917c1-cdcc-454e-bfcb-21caac640c13","file_count":1}
Jul 17 09:25:56 vithsutra kiosk-server[2006197]: {"time":"2026-07-17T09:25:56.375957458Z","level":"INFO","msg":"request","method":"POST","path":"/files/upload/init","status":201,"bytes":989,"duration_ms":1484,"request_id":"vithsutra/yJhBRTSzdo-004948","remote_addr":"2409:40f2:3117:5e3e:8000::"}
Jul 17 09:25:57 vithsutra kiosk-server[2006197]: {"time":"2026-07-17T09:25:57.447285225Z","level":"INFO","msg":"request","method":"OPTIONS","path":"/files/upload/confirm","status":204,"bytes":0,"duration_ms":0,"request_id":"vithsutra/yJhBRTSzdo-004949","remote_addr":"2409:40f2:3117:5e3e:8000::"}
Jul 17 09:25:58 vithsutra kiosk-server[2006197]: {"time":"2026-07-17T09:25:58.300060296Z","level":"INFO","msg":"confirm upload started","session_id":"ab4ba886-334b-4e51-8d0e-12ba8337f6e2","file_count":1}
Jul 17 09:25:58 vithsutra kiosk-server[2006197]: {"time":"2026-07-17T09:25:58.410231184Z","level":"INFO","msg":"session validated for confirm","session_id":"ab4ba886-334b-4e51-8d0e-12ba8337f6e2","status":"created"}
Jul 17 09:25:58 vithsutra kiosk-server[2006197]: DEBUG HeadObject → bucket: aiet-printflow-upload-prod  key: uploads/staging/d82917c1-cdcc-454e-bfcb-21caac640c13/ab4ba886-334b-4e51-8d0e-12ba8337f6e2/ce8f6146-c4cf-4fc0-a35a-2ae3146312aa.pdf
Jul 17 09:25:58 vithsutra kiosk-server[2006197]: {"time":"2026-07-17T09:25:58.889671587Z","level":"INFO","msg":"file price calculated","price":5,"sheets":1,"num_of_pages":1,"copies":1,"page_layout":1,"printing_mode":"color","printing_side":"single_side"}
Jul 17 09:25:58 vithsutra kiosk-server[2006197]: {"time":"2026-07-17T09:25:58.889738551Z","level":"INFO","msg":"Total done bebug","TotalAmount:":5,"TotalSheetes:":1}
Jul 17 09:25:58 vithsutra kiosk-server[2006197]: {"time":"2026-07-17T09:25:58.889761445Z","level":"INFO","msg":"Page Range bebugging","page_range:":["1"]}
Jul 17 09:25:58 vithsutra kiosk-server[2006197]: {"time":"2026-07-17T09:25:58.889784743Z","level":"INFO","msg":"file confirmed","session_id":"ab4ba886-334b-4e51-8d0e-12ba8337f6e2","file_id":"ce8f6146-c4cf-4fc0-a35a-2ae3146312aa","file_name":"Rahul_Resume_260717_133717.pdf","sheets":1,"price":5}
Jul 17 09:25:58 vithsutra kiosk-server[2006197]: DEBUG: PageRange in UpdateFileWithPrintOptions: [1]
Jul 17 09:25:59 vithsutra kiosk-server[2006197]: {"time":"2026-07-17T09:25:59.220609038Z","level":"INFO","msg":"confirm upload completed","session_id":"ab4ba886-334b-4e51-8d0e-12ba8337f6e2","total_sheets":1,"total_amount":5}
Jul 17 09:25:59 vithsutra kiosk-server[2006197]: {"time":"2026-07-17T09:25:59.220675975Z","level":"INFO","msg":"request","method":"POST","path":"/files/upload/confirm","status":200,"bytes":364,"duration_ms":920,"request_id":"vithsutra/yJhBRTSzdo-004950","remote_addr":"2409:40f2:3117:5e3e:8000::"}
Jul 17 09:25:59 vithsutra kiosk-server[2006197]: {"time":"2026-07-17T09:25:59.721308472Z","level":"INFO","msg":"request","method":"OPTIONS","path":"/payments/create","status":204,"bytes":0,"duration_ms":0,"request_id":"vithsutra/yJhBRTSzdo-004951","remote_addr":"2409:40f2:3117:5e3e:8000::"}
Jul 17 09:26:00 vithsutra kiosk-server[2006197]: {"time":"2026-07-17T09:26:00.125798358Z","level":"INFO","msg":"create payment order started","session_id":"ab4ba886-334b-4e51-8d0e-12ba8337f6e2","amount_paise_frontend":500}
Jul 17 09:26:00 vithsutra kiosk-server[2006197]: {"time":"2026-07-17T09:26:00.763790147Z","level":"INFO","msg":"razorpay order created","session_id":"ab4ba886-334b-4e51-8d0e-12ba8337f6e2","razorpay_order_id":"order_TEWHZ5uJiPMUmH","amount_paise":500}
Jul 17 09:26:00 vithsutra kiosk-server[2006197]: {"time":"2026-07-17T09:26:00.875044154Z","level":"INFO","msg":"create payment order completed","session_id":"ab4ba886-334b-4e51-8d0e-12ba8337f6e2","payment_id":"8f875f8a-eec8-4290-ba05-a03de858bbb2","razorpay_order_id":"order_TEWHZ5uJiPMUmH"}
Jul 17 09:26:00 vithsutra kiosk-server[2006197]: {"time":"2026-07-17T09:26:00.87506712Z","level":"INFO","msg":"Amount:","Amount_paise":500}
Jul 17 09:26:00 vithsutra kiosk-server[2006197]: {"time":"2026-07-17T09:26:00.875113188Z","level":"INFO","msg":"request","method":"POST","path":"/payments/create","status":201,"bytes":232,"duration_ms":749,"request_id":"vithsutra/yJhBRTSzdo-004952","remote_addr":"2409:40f2:3117:5e3e:8000::"}
Jul 17 09:26:18 vithsutra kiosk-server[2006197]: {"time":"2026-07-17T09:26:18.63307234Z","level":"INFO","msg":"webhook received","event":"payment.captured"}
Jul 17 09:26:18 vithsutra kiosk-server[2006197]: {"time":"2026-07-17T09:26:18.63311716Z","level":"INFO","msg":"processing payment success","razorpay_order_id":"order_TEWHZ5uJiPMUmH","razorpay_payment_id":"pay_TEWHe1OBeuylQK"}
Jul 17 09:26:19 vithsutra kiosk-server[2006197]: {"time":"2026-07-17T09:26:19.225752802Z","level":"INFO","msg":"file promoted","session_id":"ab4ba886-334b-4e51-8d0e-12ba8337f6e2","file_id":"ce8f6146-c4cf-4fc0-a35a-2ae3146312aa","final_key":"uploads/final/d82917c1-cdcc-454e-bfcb-21caac640c13/ab4ba886-334b-4e51-8d0e-12ba8337f6e2/ce8f6146-c4cf-4fc0-a35a-2ae3146312aa.pdf"}
Jul 17 09:26:19 vithsutra kiosk-server[2006197]: {"time":"2026-07-17T09:26:19.661474171Z","level":"INFO","msg":"payment success committed","session_id":"ab4ba886-334b-4e51-8d0e-12ba8337f6e2","razorpay_order_id":"order_TEWHZ5uJiPMUmH","razorpay_payment_id":"pay_TEWHe1OBeuylQK","files_promoted":1}
Jul 17 09:26:19 vithsutra kiosk-server[2006197]: {"time":"2026-07-17T09:26:19.661586087Z","level":"INFO","msg":"request","method":"POST","path":"/webhooks/razorpay","status":200,"bytes":21,"duration_ms":1028,"request_id":"vithsutra/yJhBRTSzdo-004953","remote_addr":"52.66.75.174"}
Jul 17 09:26:33 vithsutra kiosk-server[2006197]: {"time":"2026-07-17T09:26:33.994983483Z","level":"INFO","msg":"request","method":"OPTIONS","path":"/payments/status/ab4ba886-334b-4e51-8d0e-12ba8337f6e2","status":204,"bytes":0,"duration_ms":0,"request_id":"vithsutra/yJhBRTSzdo-004954","remote_addr":"2409:40f2:3117:5e3e:8000::"}
Jul 17 09:26:34 vithsutra kiosk-server[2006197]: {"time":"2026-07-17T09:26:34.455953247Z","level":"INFO","msg":"get job by session ID started","session_id":"ab4ba886-334b-4e51-8d0e-12ba8337f6e2"}
Jul 17 09:26:34 vithsutra kiosk-server[2006197]: {"time":"2026-07-17T09:26:34.510560384Z","level":"INFO","msg":"Token Debugging","Token:":"493277"}
Jul 17 09:26:34 vithsutra kiosk-server[2006197]: {"time":"2026-07-17T09:26:34.619758879Z","level":"INFO","msg":"get job by session ID completed","session_id":"ab4ba886-334b-4e51-8d0e-12ba8337f6e2","file_count":1}
Jul 17 09:26:34 vithsutra kiosk-server[2006197]: {"time":"2026-07-17T09:26:34.61982598Z","level":"INFO","msg":"request","method":"GET","path":"/payments/status/ab4ba886-334b-4e51-8d0e-12ba8337f6e2","status":200,"bytes":689,"duration_ms":164,"request_id":"vithsutra/yJhBRTSzdo-004955","remote_addr":"2409:40f2:3117:5e3e:8000::"}
Jul 17 09:26:40 vithsutra kiosk-server[2006197]: {"time":"2026-07-17T09:26:40.745599666Z","level":"INFO","msg":"get job by token started","token":493277}
Jul 17 09:26:40 vithsutra kiosk-server[2006197]: DEBUG PRESIGN GET URL: https://aiet-printflow-upload-prod.s3.ap-south-1.amazonaws.com/uploads/final/d82917c1-cdcc-454e-bfcb-21caac640c13/ab4ba886-334b-4e51-8d0e-12ba8337f6e2/ce8f6146-c4cf-4fc0-a35a-2ae3146312aa.pdf?X-Amz-Algorithm=AWS4-HMAC-SHA256&X-Amz-Checksum-Mode=ENABLED&X-Amz-Credential=AKIAURY6ZINDKCABHGV3%2F20260717%2Fap-south-1%2Fs3%2Faws4_request&X-Amz-Date=20260717T092640Z&X-Amz-Expires=900&X-Amz-SignedHeaders=host&x-id=GetObject&X-Amz-Signature=ba2a191041d86e24464bc5e09f3498934af4fc868afc903d577cbe5718c83285
Jul 17 09:26:40 vithsutra kiosk-server[2006197]: {"time":"2026-07-17T09:26:40.912926648Z","level":"INFO","msg":"final_Key_Bebugging","final_key:":"uploads/final/d82917c1-cdcc-454e-bfcb-21caac640c13/ab4ba886-334b-4e51-8d0e-12ba8337f6e2/ce8f6146-c4cf-4fc0-a35a-2ae3146312aa.pdf"}
Jul 17 09:26:40 vithsutra kiosk-server[2006197]: {"time":"2026-07-17T09:26:40.912958286Z","level":"INFO","msg":"get job by token completed","token":493277,"session_id":"ab4ba886-334b-4e51-8d0e-12ba8337f6e2","file_count":1}
Jul 17 09:26:40 vithsutra kiosk-server[2006197]: {"time":"2026-07-17T09:26:40.913052042Z","level":"INFO","msg":"request","method":"POST","path":"/print/jobs/token","status":200,"bytes":955,"duration_ms":167,"request_id":"vithsutra/yJhBRTSzdo-004956","remote_addr":"103.89.233.254"}
Jul 17 09:27:12 vithsutra kiosk-server[2006197]: {"time":"2026-07-17T09:27:12.695701334Z","level":"INFO","msg":"expire session after printing started","session_id":"ab4ba886-334b-4e51-8d0e-12ba8337f6e2"}
Jul 17 09:27:12 vithsutra kiosk-server[2006197]: {"time":"2026-07-17T09:27:12.859898519Z","level":"INFO","msg":"session marked completed","session_id":"ab4ba886-334b-4e51-8d0e-12ba8337f6e2"}
Jul 17 09:27:12 vithsutra kiosk-server[2006197]: {"time":"2026-07-17T09:27:12.968915313Z","level":"WARN","msg":"no completed file found for session ab4ba886-334b-4e51-8d0e-12ba8337f6e2","code":"no_completed_file"}
Jul 17 09:27:12 vithsutra kiosk-server[2006197]: {"time":"2026-07-17T09:27:12.96902724Z","level":"INFO","msg":"request","method":"POST","path":"/print/jobs/expire","status":404,"bytes":124,"duration_ms":273,"request_id":"vithsutra/yJhBRTSzdo-004957","remote_addr":"103.89.233.254"}
Jul 17 09:59:44 vithsutra kiosk-server[2006197]: {"time":"2026-07-17T09:59:44.153752997Z","level":"INFO","msg":"request","method":"OPTIONS","path":"/files/upload/init","status":204,"bytes":0,"duration_ms":0,"request_id":"vithsutra/yJhBRTSzdo-004958","remote_addr":"2409:40f2:314b:e960:c4ed:47d3:72eb:6fb8"}
Jul 17 09:59:44 vithsutra kiosk-server[2006197]: {"time":"2026-07-17T09:59:44.370879474Z","level":"INFO","msg":"USERID","userId:":"ebbe6137-3966-4fb9-92bd-79ac60c0a6d3"}
Jul 17 09:59:44 vithsutra kiosk-server[2006197]: {"time":"2026-07-17T09:59:44.370923343Z","level":"INFO","msg":"USEREMAIL","userEmail:":"sushmanayak279@gmail.com"}
Jul 17 09:59:44 vithsutra kiosk-server[2006197]: {"time":"2026-07-17T09:59:44.370938579Z","level":"INFO","msg":"init upload started","user_id":"ebbe6137-3966-4fb9-92bd-79ac60c0a6d3","file_count":2,"request_payload":{"files":[{"file_name":"Tax 2-1.pdf","content_type":"application/pdf"},{"file_name":"final declaration sushma-1.pdf","content_type":"application/pdf"}]}}
Jul 17 09:59:53 vithsutra kiosk-server[2006197]: {"time":"2026-07-17T09:59:53.245356333Z","level":"INFO","msg":"upload session created","session_id":"b48c6e04-5fd8-41d1-ab32-b631a14ecc82","user_id":"ebbe6137-3966-4fb9-92bd-79ac60c0a6d3","expires_at":"2026-07-24T09:59:53.136737807Z"}
Jul 17 09:59:53 vithsutra kiosk-server[2006197]: {"time":"2026-07-17T09:59:53.456370136Z","level":"INFO","msg":"init upload completed","session_id":"b48c6e04-5fd8-41d1-ab32-b631a14ecc82","user_id":"ebbe6137-3966-4fb9-92bd-79ac60c0a6d3","file_count":2}
Jul 17 09:59:53 vithsutra kiosk-server[2006197]: {"time":"2026-07-17T09:59:53.456559903Z","level":"INFO","msg":"request","method":"POST","path":"/files/upload/init","status":201,"bytes":1788,"duration_ms":9085,"request_id":"vithsutra/yJhBRTSzdo-004959","remote_addr":"2409:40f2:314b:e960:c4ed:47d3:72eb:6fb8"}
Jul 17 09:59:55 vithsutra kiosk-server[2006197]: {"time":"2026-07-17T09:59:55.287342692Z","level":"INFO","msg":"request","method":"OPTIONS","path":"/files/upload/confirm","status":204,"bytes":0,"duration_ms":0,"request_id":"vithsutra/yJhBRTSzdo-004960","remote_addr":"2409:40f2:314b:e960:c4ed:47d3:72eb:6fb8"}
Jul 17 09:59:55 vithsutra kiosk-server[2006197]: {"time":"2026-07-17T09:59:55.68587782Z","level":"INFO","msg":"confirm upload started","session_id":"b48c6e04-5fd8-41d1-ab32-b631a14ecc82","file_count":2}
Jul 17 09:59:55 vithsutra kiosk-server[2006197]: {"time":"2026-07-17T09:59:55.791071894Z","level":"INFO","msg":"session validated for confirm","session_id":"b48c6e04-5fd8-41d1-ab32-b631a14ecc82","status":"created"}
Jul 17 09:59:55 vithsutra kiosk-server[2006197]: DEBUG HeadObject → bucket: aiet-printflow-upload-prod  key: uploads/staging/ebbe6137-3966-4fb9-92bd-79ac60c0a6d3/b48c6e04-5fd8-41d1-ab32-b631a14ecc82/4b824022-0d62-4c1e-ae0d-db1bde1d6357.pdf
Jul 17 10:00:08 vithsutra kiosk-server[2006197]: {"time":"2026-07-17T10:00:08.599776582Z","level":"INFO","msg":"file price calculated","price":1,"sheets":1,"num_of_pages":1,"copies":1,"page_layout":1,"printing_mode":"monochromatic","printing_side":"single_side"}
Jul 17 10:00:08 vithsutra kiosk-server[2006197]: {"time":"2026-07-17T10:00:08.599865425Z","level":"INFO","msg":"Total done bebug","TotalAmount:":1,"TotalSheetes:":1}
Jul 17 10:00:08 vithsutra kiosk-server[2006197]: {"time":"2026-07-17T10:00:08.59988644Z","level":"INFO","msg":"Page Range bebugging","page_range:":["1"]}
Jul 17 10:00:08 vithsutra kiosk-server[2006197]: {"time":"2026-07-17T10:00:08.5999075Z","level":"INFO","msg":"file confirmed","session_id":"b48c6e04-5fd8-41d1-ab32-b631a14ecc82","file_id":"4b824022-0d62-4c1e-ae0d-db1bde1d6357","file_name":"Tax 2-1.pdf","sheets":1,"price":1}
Jul 17 10:00:08 vithsutra kiosk-server[2006197]: DEBUG HeadObject → bucket: aiet-printflow-upload-prod  key: uploads/staging/ebbe6137-3966-4fb9-92bd-79ac60c0a6d3/b48c6e04-5fd8-41d1-ab32-b631a14ecc82/99aac248-dc77-47d1-a7e7-a5280cbae2d1.pdf
Jul 17 10:00:08 vithsutra kiosk-server[2006197]: {"time":"2026-07-17T10:00:08.712107229Z","level":"INFO","msg":"file price calculated","price":1,"sheets":1,"num_of_pages":1,"copies":1,"page_layout":1,"printing_mode":"monochromatic","printing_side":"single_side"}
Jul 17 10:00:08 vithsutra kiosk-server[2006197]: {"time":"2026-07-17T10:00:08.712171023Z","level":"INFO","msg":"Total done bebug","TotalAmount:":2,"TotalSheetes:":2}
Jul 17 10:00:08 vithsutra kiosk-server[2006197]: {"time":"2026-07-17T10:00:08.712192985Z","level":"INFO","msg":"Page Range bebugging","page_range:":["1"]}
Jul 17 10:00:08 vithsutra kiosk-server[2006197]: {"time":"2026-07-17T10:00:08.712215842Z","level":"INFO","msg":"file confirmed","session_id":"b48c6e04-5fd8-41d1-ab32-b631a14ecc82","file_id":"99aac248-dc77-47d1-a7e7-a5280cbae2d1","file_name":"final declaration sushma-1.pdf","sheets":1,"price":1}
Jul 17 10:00:08 vithsutra kiosk-server[2006197]: DEBUG: PageRange in UpdateFileWithPrintOptions: [1]
Jul 17 10:00:08 vithsutra kiosk-server[2006197]: DEBUG: PageRange in UpdateFileWithPrintOptions: [1]
Jul 17 10:00:09 vithsutra kiosk-server[2006197]: {"time":"2026-07-17T10:00:09.078640216Z","level":"INFO","msg":"confirm upload completed","session_id":"b48c6e04-5fd8-41d1-ab32-b631a14ecc82","total_sheets":2,"total_amount":2}
Jul 17 10:00:09 vithsutra kiosk-server[2006197]: {"time":"2026-07-17T10:00:09.078797648Z","level":"INFO","msg":"request","method":"POST","path":"/files/upload/confirm","status":200,"bytes":543,"duration_ms":13393,"request_id":"vithsutra/yJhBRTSzdo-004961","remote_addr":"2409:40f2:314b:e960:c4ed:47d3:72eb:6fb8"}
Jul 17 10:00:09 vithsutra kiosk-server[2006197]: {"time":"2026-07-17T10:00:09.358953196Z","level":"INFO","msg":"request","method":"OPTIONS","path":"/payments/create","status":204,"bytes":0,"duration_ms":0,"request_id":"vithsutra/yJhBRTSzdo-004962","remote_addr":"2409:40f2:314b:e960:c4ed:47d3:72eb:6fb8"}
Jul 17 10:00:09 vithsutra kiosk-server[2006197]: {"time":"2026-07-17T10:00:09.674509533Z","level":"INFO","msg":"create payment order started","session_id":"b48c6e04-5fd8-41d1-ab32-b631a14ecc82","amount_paise_frontend":200}
Jul 17 10:00:10 vithsutra kiosk-server[2006197]: {"time":"2026-07-17T10:00:10.387789968Z","level":"INFO","msg":"razorpay order created","session_id":"b48c6e04-5fd8-41d1-ab32-b631a14ecc82","razorpay_order_id":"order_TEWreL5UgTqkQJ","amount_paise":200}
Jul 17 10:00:10 vithsutra kiosk-server[2006197]: {"time":"2026-07-17T10:00:10.519316509Z","level":"INFO","msg":"create payment order completed","session_id":"b48c6e04-5fd8-41d1-ab32-b631a14ecc82","payment_id":"3dde1133-e436-4d01-b91b-62f2052feddd","razorpay_order_id":"order_TEWreL5UgTqkQJ"}
Jul 17 10:00:10 vithsutra kiosk-server[2006197]: {"time":"2026-07-17T10:00:10.519340754Z","level":"INFO","msg":"Amount:","Amount_paise":200}
Jul 17 10:00:10 vithsutra kiosk-server[2006197]: {"time":"2026-07-17T10:00:10.519383562Z","level":"INFO","msg":"request","method":"POST","path":"/payments/create","status":201,"bytes":232,"duration_ms":845,"request_id":"vithsutra/yJhBRTSzdo-004963","remote_addr":"2409:40f2:314b:e960:c4ed:47d3:72eb:6fb8"}
Jul 17 10:00:43 vithsutra kiosk-server[2006197]: {"time":"2026-07-17T10:00:43.567064186Z","level":"INFO","msg":"webhook received","event":"payment.captured"}
Jul 17 10:00:43 vithsutra kiosk-server[2006197]: {"time":"2026-07-17T10:00:43.567083048Z","level":"INFO","msg":"processing payment success","razorpay_order_id":"order_TEWreL5UgTqkQJ","razorpay_payment_id":"pay_TEWrrbAZZk7FDX"}
Jul 17 10:00:47 vithsutra kiosk-server[2006197]: {"time":"2026-07-17T10:00:47.922208277Z","level":"INFO","msg":"file promoted","session_id":"b48c6e04-5fd8-41d1-ab32-b631a14ecc82","file_id":"4b824022-0d62-4c1e-ae0d-db1bde1d6357","final_key":"uploads/final/ebbe6137-3966-4fb9-92bd-79ac60c0a6d3/b48c6e04-5fd8-41d1-ab32-b631a14ecc82/4b824022-0d62-4c1e-ae0d-db1bde1d6357.pdf"}
Jul 17 10:00:48 vithsutra kiosk-server[2006197]: {"time":"2026-07-17T10:00:48.068120026Z","level":"ERROR","msg":"failed to promote file","session_id":"b48c6e04-5fd8-41d1-ab32-b631a14ecc82","file_id":"99aac248-dc77-47d1-a7e7-a5280cbae2d1","staging_key":"uploads/staging/ebbe6137-3966-4fb9-92bd-79ac60c0a6d3/b48c6e04-5fd8-41d1-ab32-b631a14ecc82/99aac248-dc77-47d1-a7e7-a5280cbae2d1.pdf","error":"promoted but failed to delete staging uploads/staging/ebbe6137-3966-4fb9-92bd-79ac60c0a6d3/b48c6e04-5fd8-41d1-ab32-b631a14ecc82/99aac248-dc77-47d1-a7e7-a5280cbae2d1.pdf: operation error S3: DeleteObject, https response error StatusCode: 0, RequestID: , HostID: , canceled, context deadline exceeded"}
Jul 17 10:00:48 vithsutra kiosk-server[2006197]: {"time":"2026-07-17T10:00:48.068179701Z","level":"ERROR","msg":"failed to promote file final declaration sushma-1.pdf to final storage","code":"internal_error","cause":"promoted but failed to delete staging uploads/staging/ebbe6137-3966-4fb9-92bd-79ac60c0a6d3/b48c6e04-5fd8-41d1-ab32-b631a14ecc82/99aac248-dc77-47d1-a7e7-a5280cbae2d1.pdf: operation error S3: DeleteObject, https response error StatusCode: 0, RequestID: , HostID: , canceled, context deadline exceeded"}
Jul 17 10:00:48 vithsutra kiosk-server[2006197]: {"time":"2026-07-17T10:00:48.068244436Z","level":"INFO","msg":"request","method":"POST","path":"/webhooks/razorpay","status":500,"bytes":119,"duration_ms":4501,"request_id":"vithsutra/yJhBRTSzdo-004964","remote_addr":"52.66.75.174"}
Jul 17 10:00:48 vithsutra kiosk-server[2006197]: {"time":"2026-07-17T10:00:48.105516433Z","level":"INFO","msg":"webhook received","event":"payment.captured"}
Jul 17 10:00:48 vithsutra kiosk-server[2006197]: {"time":"2026-07-17T10:00:48.105553477Z","level":"INFO","msg":"processing payment success","razorpay_order_id":"order_TEWreL5UgTqkQJ","razorpay_payment_id":"pay_TEWrrbAZZk7FDX"}
Jul 17 10:00:52 vithsutra kiosk-server[2006197]: {"time":"2026-07-17T10:00:52.608953297Z","level":"ERROR","msg":"failed to promote file","session_id":"b48c6e04-5fd8-41d1-ab32-b631a14ecc82","file_id":"4b824022-0d62-4c1e-ae0d-db1bde1d6357","staging_key":"uploads/staging/ebbe6137-3966-4fb9-92bd-79ac60c0a6d3/b48c6e04-5fd8-41d1-ab32-b631a14ecc82/4b824022-0d62-4c1e-ae0d-db1bde1d6357.pdf","error":"failed to copy uploads/staging/ebbe6137-3966-4fb9-92bd-79ac60c0a6d3/b48c6e04-5fd8-41d1-ab32-b631a14ecc82/4b824022-0d62-4c1e-ae0d-db1bde1d6357.pdf → uploads/final/ebbe6137-3966-4fb9-92bd-79ac60c0a6d3/b48c6e04-5fd8-41d1-ab32-b631a14ecc82/4b824022-0d62-4c1e-ae0d-db1bde1d6357.pdf: operation error S3: CopyObject, https response error StatusCode: 0, RequestID: , HostID: , canceled, context deadline exceeded"}
Jul 17 10:00:52 vithsutra kiosk-server[2006197]: {"time":"2026-07-17T10:00:52.608980179Z","level":"ERROR","msg":"failed to promote file Tax 2-1.pdf to final storage","code":"internal_error","cause":"failed to copy uploads/staging/ebbe6137-3966-4fb9-92bd-79ac60c0a6d3/b48c6e04-5fd8-41d1-ab32-b631a14ecc82/4b824022-0d62-4c1e-ae0d-db1bde1d6357.pdf → uploads/final/ebbe6137-3966-4fb9-92bd-79ac60c0a6d3/b48c6e04-5fd8-41d1-ab32-b631a14ecc82/4b824022-0d62-4c1e-ae0d-db1bde1d6357.pdf: operation error S3: CopyObject, https response error StatusCode: 0, RequestID: , HostID: , canceled, context deadline exceeded"}
Jul 17 10:00:52 vithsutra kiosk-server[2006197]: {"time":"2026-07-17T10:00:52.609008375Z","level":"INFO","msg":"request","method":"POST","path":"/webhooks/razorpay","status":500,"bytes":100,"duration_ms":4503,"request_id":"vithsutra/yJhBRTSzdo-004965","remote_addr":"52.66.75.174"}
Jul 17 10:00:56 vithsutra kiosk-server[2006197]: {"time":"2026-07-17T10:00:56.192253921Z","level":"INFO","msg":"request","method":"OPTIONS","path":"/payments/status/b48c6e04-5fd8-41d1-ab32-b631a14ecc82","status":204,"bytes":0,"duration_ms":0,"request_id":"vithsutra/yJhBRTSzdo-004966","remote_addr":"2409:40f2:314b:e960:c4ed:47d3:72eb:6fb8"}
Jul 17 10:00:56 vithsutra kiosk-server[2006197]: {"time":"2026-07-17T10:00:56.687513699Z","level":"INFO","msg":"get job by session ID started","session_id":"b48c6e04-5fd8-41d1-ab32-b631a14ecc82"}
Jul 17 10:00:56 vithsutra kiosk-server[2006197]: {"time":"2026-07-17T10:00:56.739603933Z","level":"INFO","msg":"Token Debugging","Token:":"919805"}
Jul 17 10:00:56 vithsutra kiosk-server[2006197]: {"time":"2026-07-17T10:00:56.818309485Z","level":"INFO","msg":"get job by session ID completed","session_id":"b48c6e04-5fd8-41d1-ab32-b631a14ecc82","file_count":2}
Jul 17 10:00:56 vithsutra kiosk-server[2006197]: {"time":"2026-07-17T10:00:56.818525192Z","level":"INFO","msg":"request","method":"GET","path":"/payments/status/b48c6e04-5fd8-41d1-ab32-b631a14ecc82","status":200,"bytes":1103,"duration_ms":131,"request_id":"vithsutra/yJhBRTSzdo-004967","remote_addr":"2409:40f2:314b:e960:c4ed:47d3:72eb:6fb8"}
Jul 17 10:00:59 vithsutra kiosk-server[2006197]: {"time":"2026-07-17T10:00:59.02918071Z","level":"INFO","msg":"get job by session ID started","session_id":"b48c6e04-5fd8-41d1-ab32-b631a14ecc82"}
Jul 17 10:00:59 vithsutra kiosk-server[2006197]: {"time":"2026-07-17T10:00:59.080964866Z","level":"INFO","msg":"Token Debugging","Token:":"919805"}
Jul 17 10:00:59 vithsutra kiosk-server[2006197]: {"time":"2026-07-17T10:00:59.134112896Z","level":"INFO","msg":"get job by session ID completed","session_id":"b48c6e04-5fd8-41d1-ab32-b631a14ecc82","file_count":2}
Jul 17 10:00:59 vithsutra kiosk-server[2006197]: {"time":"2026-07-17T10:00:59.134265476Z","level":"INFO","msg":"request","method":"GET","path":"/payments/status/b48c6e04-5fd8-41d1-ab32-b631a14ecc82","status":200,"bytes":1103,"duration_ms":105,"request_id":"vithsutra/yJhBRTSzdo-004968","remote_addr":"2409:40f2:314b:e960:c4ed:47d3:72eb:6fb8"}
Jul 17 10:00:59 vithsutra kiosk-server[2006197]: {"time":"2026-07-17T10:00:59.799340173Z","level":"INFO","msg":"webhook received","event":"payment.captured"}
Jul 17 10:00:59 vithsutra kiosk-server[2006197]: {"time":"2026-07-17T10:00:59.799386672Z","level":"INFO","msg":"processing payment success","razorpay_order_id":"order_TEWreL5UgTqkQJ","razorpay_payment_id":"pay_TEWrrbAZZk7FDX"}
Jul 17 10:01:00 vithsutra kiosk-server[2006197]: {"time":"2026-07-17T10:01:00.012360118Z","level":"ERROR","msg":"failed to promote file","session_id":"b48c6e04-5fd8-41d1-ab32-b631a14ecc82","file_id":"4b824022-0d62-4c1e-ae0d-db1bde1d6357","staging_key":"uploads/staging/ebbe6137-3966-4fb9-92bd-79ac60c0a6d3/b48c6e04-5fd8-41d1-ab32-b631a14ecc82/4b824022-0d62-4c1e-ae0d-db1bde1d6357.pdf","error":"failed to copy uploads/staging/ebbe6137-3966-4fb9-92bd-79ac60c0a6d3/b48c6e04-5fd8-41d1-ab32-b631a14ecc82/4b824022-0d62-4c1e-ae0d-db1bde1d6357.pdf → uploads/final/ebbe6137-3966-4fb9-92bd-79ac60c0a6d3/b48c6e04-5fd8-41d1-ab32-b631a14ecc82/4b824022-0d62-4c1e-ae0d-db1bde1d6357.pdf: operation error S3: CopyObject, https response error StatusCode: 403, RequestID: CTDPMJHE9F21FFMG, HostID: lzOJ7k5MTeyYRGkS8IlaFSt4O7MxocHSgFZ/gwmtmNipdVR89zZfGv4MaZ0+eJMLPg1jnMIIp2JT/v8AvXoZJlFUIaSAcXTO, api error AccessDenied: User: arn:aws:iam::313060311878:user/printflow-backend is not authorized to perform: s3:ListBucket on resource: \"arn:aws:s3:::aiet-printflow-upload-prod\" because no identity-based policy allows the s3:ListBucket action"}
Jul 17 10:01:00 vithsutra kiosk-server[2006197]: {"time":"2026-07-17T10:01:00.012418741Z","level":"ERROR","msg":"failed to promote file Tax 2-1.pdf to final storage","code":"internal_error","cause":"failed to copy uploads/staging/ebbe6137-3966-4fb9-92bd-79ac60c0a6d3/b48c6e04-5fd8-41d1-ab32-b631a14ecc82/4b824022-0d62-4c1e-ae0d-db1bde1d6357.pdf → uploads/final/ebbe6137-3966-4fb9-92bd-79ac60c0a6d3/b48c6e04-5fd8-41d1-ab32-b631a14ecc82/4b824022-0d62-4c1e-ae0d-db1bde1d6357.pdf: operation error S3: CopyObject, https response error StatusCode: 403, RequestID: CTDPMJHE9F21FFMG, HostID: lzOJ7k5MTeyYRGkS8IlaFSt4O7MxocHSgFZ/gwmtmNipdVR89zZfGv4MaZ0+eJMLPg1jnMIIp2JT/v8AvXoZJlFUIaSAcXTO, api error AccessDenied: User: arn:aws:iam::313060311878:user/printflow-backend is not authorized to perform: s3:ListBucket on resource: \"arn:aws:s3:::aiet-printflow-upload-prod\" because no identity-based policy allows the s3:ListBucket action"}
Jul 17 10:01:00 vithsutra kiosk-server[2006197]: {"time":"2026-07-17T10:01:00.012476487Z","level":"INFO","msg":"request","method":"POST","path":"/webhooks/razorpay","status":500,"bytes":100,"duration_ms":213,"request_id":"vithsutra/yJhBRTSzdo-004969","remote_addr":"52.66.75.174"}
Jul 17 10:01:01 vithsutra kiosk-server[2006197]: {"time":"2026-07-17T10:01:01.421029164Z","level":"INFO","msg":"get job by session ID started","session_id":"b48c6e04-5fd8-41d1-ab32-b631a14ecc82"}
Jul 17 10:01:01 vithsutra kiosk-server[2006197]: {"time":"2026-07-17T10:01:01.47272585Z","level":"INFO","msg":"Token Debugging","Token:":"919805"}
Jul 17 10:01:01 vithsutra kiosk-server[2006197]: {"time":"2026-07-17T10:01:01.525143804Z","level":"INFO","msg":"get job by session ID completed","session_id":"b48c6e04-5fd8-41d1-ab32-b631a14ecc82","file_count":2}
Jul 17 10:01:01 vithsutra kiosk-server[2006197]: {"time":"2026-07-17T10:01:01.525239918Z","level":"INFO","msg":"request","method":"GET","path":"/payments/status/b48c6e04-5fd8-41d1-ab32-b631a14ecc82","status":200,"bytes":1103,"duration_ms":104,"request_id":"vithsutra/yJhBRTSzdo-004970","remote_addr":"2409:40f2:314b:e960:c4ed:47d3:72eb:6fb8"}
Jul 17 10:01:03 vithsutra kiosk-server[2006197]: {"time":"2026-07-17T10:01:03.832969806Z","level":"INFO","msg":"get job by session ID started","session_id":"b48c6e04-5fd8-41d1-ab32-b631a14ecc82"}
Jul 17 10:01:03 vithsutra kiosk-server[2006197]: {"time":"2026-07-17T10:01:03.884997747Z","level":"INFO","msg":"Token Debugging","Token:":"919805"}
Jul 17 10:01:03 vithsutra kiosk-server[2006197]: {"time":"2026-07-17T10:01:03.937992535Z","level":"INFO","msg":"get job by session ID completed","session_id":"b48c6e04-5fd8-41d1-ab32-b631a14ecc82","file_count":2}
Jul 17 10:01:03 vithsutra kiosk-server[2006197]: {"time":"2026-07-17T10:01:03.938117174Z","level":"INFO","msg":"request","method":"GET","path":"/payments/status/b48c6e04-5fd8-41d1-ab32-b631a14ecc82","status":200,"bytes":1103,"duration_ms":105,"request_id":"vithsutra/yJhBRTSzdo-004971","remote_addr":"2409:40f2:314b:e960:c4ed:47d3:72eb:6fb8"}
Jul 17 10:01:06 vithsutra kiosk-server[2006197]: {"time":"2026-07-17T10:01:06.232218031Z","level":"INFO","msg":"get job by session ID started","session_id":"b48c6e04-5fd8-41d1-ab32-b631a14ecc82"}
Jul 17 10:01:06 vithsutra kiosk-server[2006197]: {"time":"2026-07-17T10:01:06.284753062Z","level":"INFO","msg":"Token Debugging","Token:":"919805"}
Jul 17 10:01:06 vithsutra kiosk-server[2006197]: {"time":"2026-07-17T10:01:06.337972736Z","level":"INFO","msg":"get job by session ID completed","session_id":"b48c6e04-5fd8-41d1-ab32-b631a14ecc82","file_count":2}
Jul 17 10:01:06 vithsutra kiosk-server[2006197]: {"time":"2026-07-17T10:01:06.338129749Z","level":"INFO","msg":"request","method":"GET","path":"/payments/status/b48c6e04-5fd8-41d1-ab32-b631a14ecc82","status":200,"bytes":1103,"duration_ms":106,"request_id":"vithsutra/yJhBRTSzdo-004972","remote_addr":"2409:40f2:314b:e960:c4ed:47d3:72eb:6fb8"}
Jul 17 10:01:12 vithsutra kiosk-server[2006197]: {"time":"2026-07-17T10:01:12.893131773Z","level":"INFO","msg":"webhook received","event":"payment.captured"}
Jul 17 10:01:12 vithsutra kiosk-server[2006197]: {"time":"2026-07-17T10:01:12.893177042Z","level":"INFO","msg":"processing payment success","razorpay_order_id":"order_TEWreL5UgTqkQJ","razorpay_payment_id":"pay_TEWrrbAZZk7FDX"}
Jul 17 10:01:16 vithsutra kiosk-server[2006197]: {"time":"2026-07-17T10:01:16.91437047Z","level":"ERROR","msg":"failed to promote file","session_id":"b48c6e04-5fd8-41d1-ab32-b631a14ecc82","file_id":"4b824022-0d62-4c1e-ae0d-db1bde1d6357","staging_key":"uploads/staging/ebbe6137-3966-4fb9-92bd-79ac60c0a6d3/b48c6e04-5fd8-41d1-ab32-b631a14ecc82/4b824022-0d62-4c1e-ae0d-db1bde1d6357.pdf","error":"failed to copy uploads/staging/ebbe6137-3966-4fb9-92bd-79ac60c0a6d3/b48c6e04-5fd8-41d1-ab32-b631a14ecc82/4b824022-0d62-4c1e-ae0d-db1bde1d6357.pdf → uploads/final/ebbe6137-3966-4fb9-92bd-79ac60c0a6d3/b48c6e04-5fd8-41d1-ab32-b631a14ecc82/4b824022-0d62-4c1e-ae0d-db1bde1d6357.pdf: operation error S3: CopyObject, https response error StatusCode: 403, RequestID: ZYKZ79MP2NTNGKZ5, HostID: bAwbjUP8JgAa6NITtR/7uM+bC8gV9QhYuqNU8SluIwVFxCQKt7hYYkITR367D0t8Ym0pATFnsF8=, api error AccessDenied: User: arn:aws:iam::313060311878:user/printflow-backend is not authorized to perform: s3:ListBucket on resource: \"arn:aws:s3:::aiet-printflow-upload-prod\" because no identity-based policy allows the s3:ListBucket action"}
Jul 17 10:01:16 vithsutra kiosk-server[2006197]: {"time":"2026-07-17T10:01:16.914435278Z","level":"ERROR","msg":"failed to promote file Tax 2-1.pdf to final storage","code":"internal_error","cause":"failed to copy uploads/staging/ebbe6137-3966-4fb9-92bd-79ac60c0a6d3/b48c6e04-5fd8-41d1-ab32-b631a14ecc82/4b824022-0d62-4c1e-ae0d-db1bde1d6357.pdf → uploads/final/ebbe6137-3966-4fb9-92bd-79ac60c0a6d3/b48c6e04-5fd8-41d1-ab32-b631a14ecc82/4b824022-0d62-4c1e-ae0d-db1bde1d6357.pdf: operation error S3: CopyObject, https response error StatusCode: 403, RequestID: ZYKZ79MP2NTNGKZ5, HostID: bAwbjUP8JgAa6NITtR/7uM+bC8gV9QhYuqNU8SluIwVFxCQKt7hYYkITR367D0t8Ym0pATFnsF8=, api error AccessDenied: User: arn:aws:iam::313060311878:user/printflow-backend is not authorized to perform: s3:ListBucket on resource: \"arn:aws:s3:::aiet-printflow-upload-prod\" because no identity-based policy allows the s3:ListBucket action"}
Jul 17 10:01:16 vithsutra kiosk-server[2006197]: {"time":"2026-07-17T10:01:16.914525968Z","level":"INFO","msg":"request","method":"POST","path":"/webhooks/razorpay","status":500,"bytes":100,"duration_ms":4021,"request_id":"vithsutra/yJhBRTSzdo-004973","remote_addr":"52.66.76.63"}
Jul 17 10:01:37 vithsutra kiosk-server[2006197]: {"time":"2026-07-17T10:01:37.070632414Z","level":"INFO","msg":"webhook received","event":"payment.captured"}
Jul 17 10:01:37 vithsutra kiosk-server[2006197]: {"time":"2026-07-17T10:01:37.070666425Z","level":"INFO","msg":"processing payment success","razorpay_order_id":"order_TEWreL5UgTqkQJ","razorpay_payment_id":"pay_TEWrrbAZZk7FDX"}
Jul 17 10:01:37 vithsutra kiosk-server[2006197]: {"time":"2026-07-17T10:01:37.504429647Z","level":"ERROR","msg":"failed to promote file","session_id":"b48c6e04-5fd8-41d1-ab32-b631a14ecc82","file_id":"4b824022-0d62-4c1e-ae0d-db1bde1d6357","staging_key":"uploads/staging/ebbe6137-3966-4fb9-92bd-79ac60c0a6d3/b48c6e04-5fd8-41d1-ab32-b631a14ecc82/4b824022-0d62-4c1e-ae0d-db1bde1d6357.pdf","error":"failed to copy uploads/staging/ebbe6137-3966-4fb9-92bd-79ac60c0a6d3/b48c6e04-5fd8-41d1-ab32-b631a14ecc82/4b824022-0d62-4c1e-ae0d-db1bde1d6357.pdf → uploads/final/ebbe6137-3966-4fb9-92bd-79ac60c0a6d3/b48c6e04-5fd8-41d1-ab32-b631a14ecc82/4b824022-0d62-4c1e-ae0d-db1bde1d6357.pdf: operation error S3: CopyObject, https response error StatusCode: 403, RequestID: 1Y59C3NZD9HX832W, HostID: /WjVRwstSUVdwcq9Efs/Kk6R0//hvLNN1y3LOhx7oIE2T6Gs25tQR685+qC2w2cjZnT/ZBXH4Q/azfDQOK2wBxGg27HhBChx, api error AccessDenied: User: arn:aws:iam::313060311878:user/printflow-backend is not authorized to perform: s3:ListBucket on resource: \"arn:aws:s3:::aiet-printflow-upload-prod\" because no identity-based policy allows the s3:ListBucket action"}
Jul 17 10:01:37 vithsutra kiosk-server[2006197]: {"time":"2026-07-17T10:01:37.504509941Z","level":"ERROR","msg":"failed to promote file Tax 2-1.pdf to final storage","code":"internal_error","cause":"failed to copy uploads/staging/ebbe6137-3966-4fb9-92bd-79ac60c0a6d3/b48c6e04-5fd8-41d1-ab32-b631a14ecc82/4b824022-0d62-4c1e-ae0d-db1bde1d6357.pdf → uploads/final/ebbe6137-3966-4fb9-92bd-79ac60c0a6d3/b48c6e04-5fd8-41d1-ab32-b631a14ecc82/4b824022-0d62-4c1e-ae0d-db1bde1d6357.pdf: operation error S3: CopyObject, https response error StatusCode: 403, RequestID: 1Y59C3NZD9HX832W, HostID: /WjVRwstSUVdwcq9Efs/Kk6R0//hvLNN1y3LOhx7oIE2T6Gs25tQR685+qC2w2cjZnT/ZBXH4Q/azfDQOK2wBxGg27HhBChx, api error AccessDenied: User: arn:aws:iam::313060311878:user/printflow-backend is not authorized to perform: s3:ListBucket on resource: \"arn:aws:s3:::aiet-printflow-upload-prod\" because no identity-based policy allows the s3:ListBucket action"}
Jul 17 10:01:37 vithsutra kiosk-server[2006197]: {"time":"2026-07-17T10:01:37.504603482Z","level":"INFO","msg":"request","method":"POST","path":"/webhooks/razorpay","status":500,"bytes":100,"duration_ms":434,"request_id":"vithsutra/yJhBRTSzdo-004974","remote_addr":"52.66.76.63"}
Jul 17 10:02:19 vithsutra kiosk-server[2006197]: {"time":"2026-07-17T10:02:19.232273454Z","level":"INFO","msg":"webhook received","event":"payment.captured"}
Jul 17 10:02:19 vithsutra kiosk-server[2006197]: {"time":"2026-07-17T10:02:19.232324869Z","level":"INFO","msg":"processing payment success","razorpay_order_id":"order_TEWreL5UgTqkQJ","razorpay_payment_id":"pay_TEWrrbAZZk7FDX"}
Jul 17 10:02:19 vithsutra kiosk-server[2006197]: {"time":"2026-07-17T10:02:19.62398536Z","level":"ERROR","msg":"failed to promote file","session_id":"b48c6e04-5fd8-41d1-ab32-b631a14ecc82","file_id":"4b824022-0d62-4c1e-ae0d-db1bde1d6357","staging_key":"uploads/staging/ebbe6137-3966-4fb9-92bd-79ac60c0a6d3/b48c6e04-5fd8-41d1-ab32-b631a14ecc82/4b824022-0d62-4c1e-ae0d-db1bde1d6357.pdf","error":"failed to copy uploads/staging/ebbe6137-3966-4fb9-92bd-79ac60c0a6d3/b48c6e04-5fd8-41d1-ab32-b631a14ecc82/4b824022-0d62-4c1e-ae0d-db1bde1d6357.pdf → uploads/final/ebbe6137-3966-4fb9-92bd-79ac60c0a6d3/b48c6e04-5fd8-41d1-ab32-b631a14ecc82/4b824022-0d62-4c1e-ae0d-db1bde1d6357.pdf: operation error S3: CopyObject, https response error StatusCode: 403, RequestID: 08DJDCTPWD6Z3EWV, HostID: i9rFzZxa4Re3edesF2sAAdtvvbpASbVAcK4TBympMbA5Wf9tYq0No5BfZb+c6CCOyIvnZZqTFHCxW5aLN4p80PSG5cpfRvRB, api error AccessDenied: User: arn:aws:iam::313060311878:user/printflow-backend is not authorized to perform: s3:ListBucket on resource: \"arn:aws:s3:::aiet-printflow-upload-prod\" because no identity-based policy allows the s3:ListBucket action"}
Jul 17 10:02:19 vithsutra kiosk-server[2006197]: {"time":"2026-07-17T10:02:19.624051639Z","level":"ERROR","msg":"failed to promote file Tax 2-1.pdf to final storage","code":"internal_error","cause":"failed to copy uploads/staging/ebbe6137-3966-4fb9-92bd-79ac60c0a6d3/b48c6e04-5fd8-41d1-ab32-b631a14ecc82/4b824022-0d62-4c1e-ae0d-db1bde1d6357.pdf → uploads/final/ebbe6137-3966-4fb9-92bd-79ac60c0a6d3/b48c6e04-5fd8-41d1-ab32-b631a14ecc82/4b824022-0d62-4c1e-ae0d-db1bde1d6357.pdf: operation error S3: CopyObject, https response error StatusCode: 403, RequestID: 08DJDCTPWD6Z3EWV, HostID: i9rFzZxa4Re3edesF2sAAdtvvbpASbVAcK4TBympMbA5Wf9tYq0No5BfZb+c6CCOyIvnZZqTFHCxW5aLN4p80PSG5cpfRvRB, api error AccessDenied: User: arn:aws:iam::313060311878:user/printflow-backend is not authorized to perform: s3:ListBucket on resource: \"arn:aws:s3:::aiet-printflow-upload-prod\" because no identity-based policy allows the s3:ListBucket action"}
Jul 17 10:02:19 vithsutra kiosk-server[2006197]: {"time":"2026-07-17T10:02:19.624122987Z","level":"INFO","msg":"request","method":"POST","path":"/webhooks/razorpay","status":500,"bytes":100,"duration_ms":392,"request_id":"vithsutra/yJhBRTSzdo-004975","remote_addr":"52.66.75.174"}
Jul 17 10:03:41 vithsutra kiosk-server[2006197]: {"time":"2026-07-17T10:03:41.348143466Z","level":"INFO","msg":"webhook received","event":"payment.captured"}
Jul 17 10:03:41 vithsutra kiosk-server[2006197]: {"time":"2026-07-17T10:03:41.348171621Z","level":"INFO","msg":"processing payment success","razorpay_order_id":"order_TEWreL5UgTqkQJ","razorpay_payment_id":"pay_TEWrrbAZZk7FDX"}
Jul 17 10:03:41 vithsutra kiosk-server[2006197]: {"time":"2026-07-17T10:03:41.706039004Z","level":"ERROR","msg":"failed to promote file","session_id":"b48c6e04-5fd8-41d1-ab32-b631a14ecc82","file_id":"4b824022-0d62-4c1e-ae0d-db1bde1d6357","staging_key":"uploads/staging/ebbe6137-3966-4fb9-92bd-79ac60c0a6d3/b48c6e04-5fd8-41d1-ab32-b631a14ecc82/4b824022-0d62-4c1e-ae0d-db1bde1d6357.pdf","error":"failed to copy uploads/staging/ebbe6137-3966-4fb9-92bd-79ac60c0a6d3/b48c6e04-5fd8-41d1-ab32-b631a14ecc82/4b824022-0d62-4c1e-ae0d-db1bde1d6357.pdf → uploads/final/ebbe6137-3966-4fb9-92bd-79ac60c0a6d3/b48c6e04-5fd8-41d1-ab32-b631a14ecc82/4b824022-0d62-4c1e-ae0d-db1bde1d6357.pdf: operation error S3: CopyObject, https response error StatusCode: 403, RequestID: SHPWGPQ8CM4T2043, HostID: 63h+ASHGkz2rBlXnwovc4aLk1rnUyjBBWbzvml68YFsgWXnAbMWMzuDnaqCfTRufTI7G/ZIlTbBSbonSnn0TxlhEist4eL+5, api error AccessDenied: User: arn:aws:iam::313060311878:user/printflow-backend is not authorized to perform: s3:ListBucket on resource: \"arn:aws:s3:::aiet-printflow-upload-prod\" because no identity-based policy allows the s3:ListBucket action"}
Jul 17 10:03:41 vithsutra kiosk-server[2006197]: {"time":"2026-07-17T10:03:41.706072871Z","level":"ERROR","msg":"failed to promote file Tax 2-1.pdf to final storage","code":"internal_error","cause":"failed to copy uploads/staging/ebbe6137-3966-4fb9-92bd-79ac60c0a6d3/b48c6e04-5fd8-41d1-ab32-b631a14ecc82/4b824022-0d62-4c1e-ae0d-db1bde1d6357.pdf → uploads/final/ebbe6137-3966-4fb9-92bd-79ac60c0a6d3/b48c6e04-5fd8-41d1-ab32-b631a14ecc82/4b824022-0d62-4c1e-ae0d-db1bde1d6357.pdf: operation error S3: CopyObject, https response error StatusCode: 403, RequestID: SHPWGPQ8CM4T2043, HostID: 63h+ASHGkz2rBlXnwovc4aLk1rnUyjBBWbzvml68YFsgWXnAbMWMzuDnaqCfTRufTI7G/ZIlTbBSbonSnn0TxlhEist4eL+5, api error AccessDenied: User: arn:aws:iam::313060311878:user/printflow-backend is not authorized to perform: s3:ListBucket on resource: \"arn:aws:s3:::aiet-printflow-upload-prod\" because no identity-based policy allows the s3:ListBucket action"}
Jul 17 10:03:41 vithsutra kiosk-server[2006197]: {"time":"2026-07-17T10:03:41.706105213Z","level":"INFO","msg":"request","method":"POST","path":"/webhooks/razorpay","status":500,"bytes":100,"duration_ms":358,"request_id":"vithsutra/yJhBRTSzdo-004976","remote_addr":"52.66.76.63"}
Jul 17 10:03:43 vithsutra kiosk-server[2006197]: {"time":"2026-07-17T10:03:43.245307607Z","level":"INFO","msg":"request","method":"OPTIONS","path":"/files/upload/init","status":204,"bytes":0,"duration_ms":0,"request_id":"vithsutra/yJhBRTSzdo-004977","remote_addr":"2409:408c:beb3:fd61::7c0b:30e"}
Jul 17 10:03:43 vithsutra kiosk-server[2006197]: {"time":"2026-07-17T10:03:43.814334939Z","level":"INFO","msg":"USERID","userId:":"3be9ad8d-49cd-4249-87de-31b3eb016685"}
Jul 17 10:03:43 vithsutra kiosk-server[2006197]: {"time":"2026-07-17T10:03:43.814367317Z","level":"INFO","msg":"USEREMAIL","userEmail:":"pranamyapoojary23@gmail.com"}
Jul 17 10:03:43 vithsutra kiosk-server[2006197]: {"time":"2026-07-17T10:03:43.814379035Z","level":"INFO","msg":"init upload started","user_id":"3be9ad8d-49cd-4249-87de-31b3eb016685","file_count":1,"request_payload":{"files":[{"file_name":"PRANAMYA DECLARATION.pdf","content_type":"application/pdf"}]}}
Jul 17 10:03:43 vithsutra kiosk-server[2006197]: {"time":"2026-07-17T10:03:43.919519834Z","level":"INFO","msg":"upload session created","session_id":"4f85e8cd-a6b7-421b-8516-b9bbeefbaae1","user_id":"3be9ad8d-49cd-4249-87de-31b3eb016685","expires_at":"2026-07-24T10:03:43.866624195Z"}
Jul 17 10:03:44 vithsutra kiosk-server[2006197]: {"time":"2026-07-17T10:03:44.027263656Z","level":"INFO","msg":"init upload completed","session_id":"4f85e8cd-a6b7-421b-8516-b9bbeefbaae1","user_id":"3be9ad8d-49cd-4249-87de-31b3eb016685","file_count":1}
Jul 17 10:03:44 vithsutra kiosk-server[2006197]: {"time":"2026-07-17T10:03:44.027425029Z","level":"INFO","msg":"request","method":"POST","path":"/files/upload/init","status":201,"bytes":983,"duration_ms":213,"request_id":"vithsutra/yJhBRTSzdo-004978","remote_addr":"2409:408c:beb3:fd61::7c0b:30e"}
Jul 17 10:03:46 vithsutra kiosk-server[2006197]: {"time":"2026-07-17T10:03:46.440619455Z","level":"INFO","msg":"request","method":"OPTIONS","path":"/files/upload/confirm","status":204,"bytes":0,"duration_ms":0,"request_id":"vithsutra/yJhBRTSzdo-004979","remote_addr":"2409:408c:beb3:fd61::7c0b:30e"}
Jul 17 10:03:47 vithsutra kiosk-server[2006197]: {"time":"2026-07-17T10:03:47.04080826Z","level":"INFO","msg":"confirm upload started","session_id":"4f85e8cd-a6b7-421b-8516-b9bbeefbaae1","file_count":1}
Jul 17 10:03:47 vithsutra kiosk-server[2006197]: {"time":"2026-07-17T10:03:47.09553972Z","level":"INFO","msg":"session validated for confirm","session_id":"4f85e8cd-a6b7-421b-8516-b9bbeefbaae1","status":"created"}
Jul 17 10:03:47 vithsutra kiosk-server[2006197]: DEBUG HeadObject → bucket: aiet-printflow-upload-prod  key: uploads/staging/3be9ad8d-49cd-4249-87de-31b3eb016685/4f85e8cd-a6b7-421b-8516-b9bbeefbaae1/9d5497a8-9586-4514-9772-3dc35940b8b9.pdf
Jul 17 10:03:47 vithsutra kiosk-server[2006197]: {"time":"2026-07-17T10:03:47.196295834Z","level":"INFO","msg":"file price calculated","price":1,"sheets":1,"num_of_pages":1,"copies":1,"page_layout":1,"printing_mode":"monochromatic","printing_side":"single_side"}
Jul 17 10:03:47 vithsutra kiosk-server[2006197]: {"time":"2026-07-17T10:03:47.196352692Z","level":"INFO","msg":"Total done bebug","TotalAmount:":1,"TotalSheetes:":1}
Jul 17 10:03:47 vithsutra kiosk-server[2006197]: {"time":"2026-07-17T10:03:47.19637271Z","level":"INFO","msg":"Page Range bebugging","page_range:":["1"]}
Jul 17 10:03:47 vithsutra kiosk-server[2006197]: {"time":"2026-07-17T10:03:47.196391693Z","level":"INFO","msg":"file confirmed","session_id":"4f85e8cd-a6b7-421b-8516-b9bbeefbaae1","file_id":"9d5497a8-9586-4514-9772-3dc35940b8b9","file_name":"PRANAMYA DECLARATION.pdf","sheets":1,"price":1}
Jul 17 10:03:47 vithsutra kiosk-server[2006197]: DEBUG: PageRange in UpdateFileWithPrintOptions: [1]
Jul 17 10:03:47 vithsutra kiosk-server[2006197]: {"time":"2026-07-17T10:03:47.405985555Z","level":"INFO","msg":"confirm upload completed","session_id":"4f85e8cd-a6b7-421b-8516-b9bbeefbaae1","total_sheets":1,"total_amount":1}
Jul 17 10:03:47 vithsutra kiosk-server[2006197]: {"time":"2026-07-17T10:03:47.406112783Z","level":"INFO","msg":"request","method":"POST","path":"/files/upload/confirm","status":200,"bytes":358,"duration_ms":365,"request_id":"vithsutra/yJhBRTSzdo-004980","remote_addr":"2409:408c:beb3:fd61::7c0b:30e"}
Jul 17 10:03:47 vithsutra kiosk-server[2006197]: {"time":"2026-07-17T10:03:47.906986602Z","level":"INFO","msg":"request","method":"OPTIONS","path":"/payments/create","status":204,"bytes":0,"duration_ms":0,"request_id":"vithsutra/yJhBRTSzdo-004981","remote_addr":"2409:408c:beb3:fd61::7c0b:30e"}
Jul 17 10:03:48 vithsutra kiosk-server[2006197]: {"time":"2026-07-17T10:03:48.384993438Z","level":"INFO","msg":"create payment order started","session_id":"4f85e8cd-a6b7-421b-8516-b9bbeefbaae1","amount_paise_frontend":100}
Jul 17 10:04:03 vithsutra kiosk-server[2006197]: {"time":"2026-07-17T10:04:03.807814594Z","level":"INFO","msg":"razorpay order created","session_id":"4f85e8cd-a6b7-421b-8516-b9bbeefbaae1","razorpay_order_id":"order_TEWvl8k0a3y8Oj","amount_paise":100}
Jul 17 10:04:03 vithsutra kiosk-server[2006197]: {"time":"2026-07-17T10:04:03.860402192Z","level":"INFO","msg":"create payment order completed","session_id":"4f85e8cd-a6b7-421b-8516-b9bbeefbaae1","payment_id":"9f151a31-05dd-4cb4-b481-966ab1ca408c","razorpay_order_id":"order_TEWvl8k0a3y8Oj"}
Jul 17 10:04:03 vithsutra kiosk-server[2006197]: {"time":"2026-07-17T10:04:03.860428178Z","level":"INFO","msg":"Amount:","Amount_paise":100}
Jul 17 10:04:03 vithsutra kiosk-server[2006197]: {"time":"2026-07-17T10:04:03.860488574Z","level":"INFO","msg":"request","method":"POST","path":"/payments/create","status":201,"bytes":232,"duration_ms":15475,"request_id":"vithsutra/yJhBRTSzdo-004982","remote_addr":"2409:408c:beb3:fd61::7c0b:30e"}
Jul 17 10:04:15 vithsutra kiosk-server[2006197]: {"time":"2026-07-17T10:04:15.986521198Z","level":"INFO","msg":"USERID","userId:":"ebbe6137-3966-4fb9-92bd-79ac60c0a6d3"}
Jul 17 10:04:15 vithsutra kiosk-server[2006197]: {"time":"2026-07-17T10:04:15.987075722Z","level":"INFO","msg":"USEREMAIL","userEmail:":"sushmanayak279@gmail.com"}
Jul 17 10:04:15 vithsutra kiosk-server[2006197]: {"time":"2026-07-17T10:04:15.987089694Z","level":"INFO","msg":"init upload started","user_id":"ebbe6137-3966-4fb9-92bd-79ac60c0a6d3","file_count":2,"request_payload":{"files":[{"file_name":"Tax 2-1.pdf","content_type":"application/pdf"},{"file_name":"final declaration sushma-1.pdf","content_type":"application/pdf"}]}}
Jul 17 10:04:16 vithsutra kiosk-server[2006197]: {"time":"2026-07-17T10:04:16.090632782Z","level":"INFO","msg":"upload session created","session_id":"661837ad-d810-4f23-a41f-f0fa08e5fade","user_id":"ebbe6137-3966-4fb9-92bd-79ac60c0a6d3","expires_at":"2026-07-24T10:04:16.03855621Z"}
Jul 17 10:04:16 vithsutra kiosk-server[2006197]: {"time":"2026-07-17T10:04:16.248170234Z","level":"INFO","msg":"init upload completed","session_id":"661837ad-d810-4f23-a41f-f0fa08e5fade","user_id":"ebbe6137-3966-4fb9-92bd-79ac60c0a6d3","file_count":2}
Jul 17 10:04:16 vithsutra kiosk-server[2006197]: {"time":"2026-07-17T10:04:16.248349698Z","level":"INFO","msg":"request","method":"POST","path":"/files/upload/init","status":201,"bytes":1787,"duration_ms":261,"request_id":"vithsutra/yJhBRTSzdo-004983","remote_addr":"2409:40f2:314b:e960:c4ed:47d3:72eb:6fb8"}
Jul 17 10:04:18 vithsutra kiosk-server[2006197]: {"time":"2026-07-17T10:04:18.138774684Z","level":"INFO","msg":"confirm upload started","session_id":"661837ad-d810-4f23-a41f-f0fa08e5fade","file_count":2}
Jul 17 10:04:18 vithsutra kiosk-server[2006197]: {"time":"2026-07-17T10:04:18.190467164Z","level":"INFO","msg":"session validated for confirm","session_id":"661837ad-d810-4f23-a41f-f0fa08e5fade","status":"created"}
Jul 17 10:04:18 vithsutra kiosk-server[2006197]: DEBUG HeadObject → bucket: aiet-printflow-upload-prod  key: uploads/staging/ebbe6137-3966-4fb9-92bd-79ac60c0a6d3/661837ad-d810-4f23-a41f-f0fa08e5fade/c23c0381-2585-4897-a610-e821488cab49.pdf
Jul 17 10:04:23 vithsutra kiosk-server[2006197]: {"time":"2026-07-17T10:04:23.579881906Z","level":"INFO","msg":"file price calculated","price":1,"sheets":1,"num_of_pages":1,"copies":1,"page_layout":1,"printing_mode":"monochromatic","printing_side":"single_side"}
Jul 17 10:04:23 vithsutra kiosk-server[2006197]: {"time":"2026-07-17T10:04:23.579944858Z","level":"INFO","msg":"Total done bebug","TotalAmount:":1,"TotalSheetes:":1}
Jul 17 10:04:23 vithsutra kiosk-server[2006197]: {"time":"2026-07-17T10:04:23.579965205Z","level":"INFO","msg":"Page Range bebugging","page_range:":["1"]}
Jul 17 10:04:23 vithsutra kiosk-server[2006197]: {"time":"2026-07-17T10:04:23.579988364Z","level":"INFO","msg":"file confirmed","session_id":"661837ad-d810-4f23-a41f-f0fa08e5fade","file_id":"c23c0381-2585-4897-a610-e821488cab49","file_name":"Tax 2-1.pdf","sheets":1,"price":1}
Jul 17 10:04:23 vithsutra kiosk-server[2006197]: DEBUG HeadObject → bucket: aiet-printflow-upload-prod  key: uploads/staging/ebbe6137-3966-4fb9-92bd-79ac60c0a6d3/661837ad-d810-4f23-a41f-f0fa08e5fade/a7a5c3b6-3af5-491b-9e31-bdd490e985c5.pdf
Jul 17 10:04:23 vithsutra kiosk-server[2006197]: {"time":"2026-07-17T10:04:23.694055001Z","level":"INFO","msg":"file price calculated","price":1,"sheets":1,"num_of_pages":1,"copies":1,"page_layout":1,"printing_mode":"monochromatic","printing_side":"single_side"}
Jul 17 10:04:23 vithsutra kiosk-server[2006197]: {"time":"2026-07-17T10:04:23.694103078Z","level":"INFO","msg":"Total done bebug","TotalAmount:":2,"TotalSheetes:":2}
Jul 17 10:04:23 vithsutra kiosk-server[2006197]: {"time":"2026-07-17T10:04:23.694118314Z","level":"INFO","msg":"Page Range bebugging","page_range:":["1"]}
Jul 17 10:04:23 vithsutra kiosk-server[2006197]: {"time":"2026-07-17T10:04:23.694135061Z","level":"INFO","msg":"file confirmed","session_id":"661837ad-d810-4f23-a41f-f0fa08e5fade","file_id":"a7a5c3b6-3af5-491b-9e31-bdd490e985c5","file_name":"final declaration sushma-1.pdf","sheets":1,"price":1}
Jul 17 10:04:23 vithsutra kiosk-server[2006197]: DEBUG: PageRange in UpdateFileWithPrintOptions: [1]
Jul 17 10:04:23 vithsutra kiosk-server[2006197]: DEBUG: PageRange in UpdateFileWithPrintOptions: [1]
Jul 17 10:04:23 vithsutra kiosk-server[2006197]: {"time":"2026-07-17T10:04:23.955140305Z","level":"INFO","msg":"confirm upload completed","session_id":"661837ad-d810-4f23-a41f-f0fa08e5fade","total_sheets":2,"total_amount":2}
Jul 17 10:04:23 vithsutra kiosk-server[2006197]: {"time":"2026-07-17T10:04:23.955258636Z","level":"INFO","msg":"request","method":"POST","path":"/files/upload/confirm","status":200,"bytes":543,"duration_ms":5816,"request_id":"vithsutra/yJhBRTSzdo-004984","remote_addr":"2409:40f2:314b:e960:c4ed:47d3:72eb:6fb8"}
Jul 17 10:04:24 vithsutra kiosk-server[2006197]: {"time":"2026-07-17T10:04:24.163635662Z","level":"INFO","msg":"create payment order started","session_id":"661837ad-d810-4f23-a41f-f0fa08e5fade","amount_paise_frontend":200}
Jul 17 10:04:24 vithsutra kiosk-server[2006197]: {"time":"2026-07-17T10:04:24.298397001Z","level":"INFO","msg":"razorpay order created","session_id":"661837ad-d810-4f23-a41f-f0fa08e5fade","razorpay_order_id":"order_TEWw7VSCq6fdXZ","amount_paise":200}
Jul 17 10:04:24 vithsutra kiosk-server[2006197]: {"time":"2026-07-17T10:04:24.350966636Z","level":"INFO","msg":"create payment order completed","session_id":"661837ad-d810-4f23-a41f-f0fa08e5fade","payment_id":"a59b14b1-14f4-4deb-9b5f-05af3448c34e","razorpay_order_id":"order_TEWw7VSCq6fdXZ"}
Jul 17 10:04:24 vithsutra kiosk-server[2006197]: {"time":"2026-07-17T10:04:24.35101454Z","level":"INFO","msg":"Amount:","Amount_paise":200}
Jul 17 10:04:24 vithsutra kiosk-server[2006197]: {"time":"2026-07-17T10:04:24.351091096Z","level":"INFO","msg":"request","method":"POST","path":"/payments/create","status":201,"bytes":232,"duration_ms":187,"request_id":"vithsutra/yJhBRTSzdo-004985","remote_addr":"2409:40f2:314b:e960:c4ed:47d3:72eb:6fb8"}
Jul 17 10:04:48 vithsutra kiosk-server[2006197]: {"time":"2026-07-17T10:04:48.609154097Z","level":"INFO","msg":"webhook received","event":"payment.captured"}
Jul 17 10:04:48 vithsutra kiosk-server[2006197]: {"time":"2026-07-17T10:04:48.609203315Z","level":"INFO","msg":"processing payment success","razorpay_order_id":"order_TEWw7VSCq6fdXZ","razorpay_payment_id":"pay_TEWwBVUhEsY4eE"}
Jul 17 10:04:53 vithsutra kiosk-server[2006197]: {"time":"2026-07-17T10:04:53.109559064Z","level":"ERROR","msg":"failed to promote file","session_id":"661837ad-d810-4f23-a41f-f0fa08e5fade","file_id":"c23c0381-2585-4897-a610-e821488cab49","staging_key":"uploads/staging/ebbe6137-3966-4fb9-92bd-79ac60c0a6d3/661837ad-d810-4f23-a41f-f0fa08e5fade/c23c0381-2585-4897-a610-e821488cab49.pdf","error":"failed to copy uploads/staging/ebbe6137-3966-4fb9-92bd-79ac60c0a6d3/661837ad-d810-4f23-a41f-f0fa08e5fade/c23c0381-2585-4897-a610-e821488cab49.pdf → uploads/final/ebbe6137-3966-4fb9-92bd-79ac60c0a6d3/661837ad-d810-4f23-a41f-f0fa08e5fade/c23c0381-2585-4897-a610-e821488cab49.pdf: operation error S3: CopyObject, https response error StatusCode: 0, RequestID: , HostID: , canceled, context deadline exceeded"}
Jul 17 10:04:53 vithsutra kiosk-server[2006197]: {"time":"2026-07-17T10:04:53.109618665Z","level":"ERROR","msg":"failed to promote file Tax 2-1.pdf to final storage","code":"internal_error","cause":"failed to copy uploads/staging/ebbe6137-3966-4fb9-92bd-79ac60c0a6d3/661837ad-d810-4f23-a41f-f0fa08e5fade/c23c0381-2585-4897-a610-e821488cab49.pdf → uploads/final/ebbe6137-3966-4fb9-92bd-79ac60c0a6d3/661837ad-d810-4f23-a41f-f0fa08e5fade/c23c0381-2585-4897-a610-e821488cab49.pdf: operation error S3: CopyObject, https response error StatusCode: 0, RequestID: , HostID: , canceled, context deadline exceeded"}
Jul 17 10:04:53 vithsutra kiosk-server[2006197]: {"time":"2026-07-17T10:04:53.109679776Z","level":"INFO","msg":"request","method":"POST","path":"/webhooks/razorpay","status":500,"bytes":100,"duration_ms":4500,"request_id":"vithsutra/yJhBRTSzdo-004986","remote_addr":"52.66.76.63"}
Jul 17 10:04:59 vithsutra kiosk-server[2006197]: {"time":"2026-07-17T10:04:59.818337049Z","level":"INFO","msg":"webhook received","event":"payment.captured"}
Jul 17 10:04:59 vithsutra kiosk-server[2006197]: {"time":"2026-07-17T10:04:59.818382041Z","level":"INFO","msg":"processing payment success","razorpay_order_id":"order_TEWw7VSCq6fdXZ","razorpay_payment_id":"pay_TEWwBVUhEsY4eE"}
Jul 17 10:05:00 vithsutra kiosk-server[2006197]: {"time":"2026-07-17T10:05:00.55002085Z","level":"INFO","msg":"request","method":"OPTIONS","path":"/payments/status/661837ad-d810-4f23-a41f-f0fa08e5fade","status":204,"bytes":0,"duration_ms":0,"request_id":"vithsutra/yJhBRTSzdo-004988","remote_addr":"2409:40f2:314b:e960:c4ed:47d3:72eb:6fb8"}
Jul 17 10:05:00 vithsutra kiosk-server[2006197]: {"time":"2026-07-17T10:05:00.84720941Z","level":"INFO","msg":"get job by session ID started","session_id":"661837ad-d810-4f23-a41f-f0fa08e5fade"}
Jul 17 10:05:04 vithsutra kiosk-server[2006197]: {"time":"2026-07-17T10:05:04.321026187Z","level":"ERROR","msg":"failed to fetch payment","code":"internal_error","cause":"repository.GetPaymentByOrderID: failed to connect to `host=dpg-d81iav8g4nts739ho6hg-a.singapore-postgres.render.com user=printpoint database=kiosk_db_75zc`: dial error (timeout: dial tcp 13.214.97.86:5432: i/o timeout)"}
Jul 17 10:05:04 vithsutra kiosk-server[2006197]: {"time":"2026-07-17T10:05:04.321075521Z","level":"INFO","msg":"request","method":"POST","path":"/webhooks/razorpay","status":500,"bytes":72,"duration_ms":4503,"request_id":"vithsutra/yJhBRTSzdo-004987","remote_addr":"52.66.75.174"}
Jul 17 10:05:06 vithsutra kiosk-server[2006197]: {"time":"2026-07-17T10:05:06.390374681Z","level":"INFO","msg":"Token Debugging","Token:":"344463"}
Jul 17 10:05:06 vithsutra kiosk-server[2006197]: {"time":"2026-07-17T10:05:06.502205725Z","level":"INFO","msg":"get job by session ID completed","session_id":"661837ad-d810-4f23-a41f-f0fa08e5fade","file_count":2}
Jul 17 10:05:06 vithsutra kiosk-server[2006197]: {"time":"2026-07-17T10:05:06.502312703Z","level":"INFO","msg":"request","method":"GET","path":"/payments/status/661837ad-d810-4f23-a41f-f0fa08e5fade","status":200,"bytes":1103,"duration_ms":5655,"request_id":"vithsutra/yJhBRTSzdo-004989","remote_addr":"2409:40f2:314b:e960:c4ed:47d3:72eb:6fb8"}
Jul 17 10:05:08 vithsutra kiosk-server[2006197]: {"time":"2026-07-17T10:05:08.815712214Z","level":"INFO","msg":"get job by session ID started","session_id":"661837ad-d810-4f23-a41f-f0fa08e5fade"}
Jul 17 10:05:08 vithsutra kiosk-server[2006197]: {"time":"2026-07-17T10:05:08.869109742Z","level":"INFO","msg":"Token Debugging","Token:":"344463"}
Jul 17 10:05:08 vithsutra kiosk-server[2006197]: {"time":"2026-07-17T10:05:08.923370862Z","level":"INFO","msg":"get job by session ID completed","session_id":"661837ad-d810-4f23-a41f-f0fa08e5fade","file_count":2}
Jul 17 10:05:08 vithsutra kiosk-server[2006197]: {"time":"2026-07-17T10:05:08.923525919Z","level":"INFO","msg":"request","method":"GET","path":"/payments/status/661837ad-d810-4f23-a41f-f0fa08e5fade","status":200,"bytes":1103,"duration_ms":107,"request_id":"vithsutra/yJhBRTSzdo-004990","remote_addr":"2409:40f2:314b:e960:c4ed:47d3:72eb:6fb8"}
Jul 17 10:05:11 vithsutra kiosk-server[2006197]: {"time":"2026-07-17T10:05:11.197164324Z","level":"INFO","msg":"get job by session ID started","session_id":"661837ad-d810-4f23-a41f-f0fa08e5fade"}
Jul 17 10:05:11 vithsutra kiosk-server[2006197]: {"time":"2026-07-17T10:05:11.250504387Z","level":"INFO","msg":"Token Debugging","Token:":"344463"}
Jul 17 10:05:11 vithsutra kiosk-server[2006197]: {"time":"2026-07-17T10:05:11.305460207Z","level":"INFO","msg":"get job by session ID completed","session_id":"661837ad-d810-4f23-a41f-f0fa08e5fade","file_count":2}
Jul 17 10:05:11 vithsutra kiosk-server[2006197]: {"time":"2026-07-17T10:05:11.305613178Z","level":"INFO","msg":"request","method":"GET","path":"/payments/status/661837ad-d810-4f23-a41f-f0fa08e5fade","status":200,"bytes":1103,"duration_ms":108,"request_id":"vithsutra/yJhBRTSzdo-004991","remote_addr":"2409:40f2:314b:e960:c4ed:47d3:72eb:6fb8"}
Jul 17 10:05:13 vithsutra kiosk-server[2006197]: {"time":"2026-07-17T10:05:13.57989454Z","level":"INFO","msg":"get job by session ID started","session_id":"661837ad-d810-4f23-a41f-f0fa08e5fade"}
Jul 17 10:05:13 vithsutra kiosk-server[2006197]: {"time":"2026-07-17T10:05:13.633405742Z","level":"INFO","msg":"Token Debugging","Token:":"344463"}
Jul 17 10:05:13 vithsutra kiosk-server[2006197]: {"time":"2026-07-17T10:05:13.687811117Z","level":"INFO","msg":"get job by session ID completed","session_id":"661837ad-d810-4f23-a41f-f0fa08e5fade","file_count":2}
Jul 17 10:05:13 vithsutra kiosk-server[2006197]: {"time":"2026-07-17T10:05:13.688017034Z","level":"INFO","msg":"request","method":"GET","path":"/payments/status/661837ad-d810-4f23-a41f-f0fa08e5fade","status":200,"bytes":1103,"duration_ms":108,"request_id":"vithsutra/yJhBRTSzdo-004992","remote_addr":"2409:40f2:314b:e960:c4ed:47d3:72eb:6fb8"}
Jul 17 10:05:15 vithsutra kiosk-server[2006197]: {"time":"2026-07-17T10:05:15.982390412Z","level":"INFO","msg":"get job by session ID started","session_id":"661837ad-d810-4f23-a41f-f0fa08e5fade"}
Jul 17 10:05:16 vithsutra kiosk-server[2006197]: {"time":"2026-07-17T10:05:16.035512986Z","level":"INFO","msg":"Token Debugging","Token:":"344463"}
Jul 17 10:05:16 vithsutra kiosk-server[2006197]: {"time":"2026-07-17T10:05:16.089599186Z","level":"INFO","msg":"get job by session ID completed","session_id":"661837ad-d810-4f23-a41f-f0fa08e5fade","file_count":2}
Jul 17 10:05:16 vithsutra kiosk-server[2006197]: {"time":"2026-07-17T10:05:16.08974983Z","level":"INFO","msg":"request","method":"GET","path":"/payments/status/661837ad-d810-4f23-a41f-f0fa08e5fade","status":200,"bytes":1103,"duration_ms":107,"request_id":"vithsutra/yJhBRTSzdo-004993","remote_addr":"2409:40f2:314b:e960:c4ed:47d3:72eb:6fb8"}
Jul 17 10:05:16 vithsutra kiosk-server[2006197]: {"time":"2026-07-17T10:05:16.821552003Z","level":"INFO","msg":"webhook received","event":"payment.captured"}
Jul 17 10:05:16 vithsutra kiosk-server[2006197]: {"time":"2026-07-17T10:05:16.821589794Z","level":"INFO","msg":"processing payment success","razorpay_order_id":"order_TEWw7VSCq6fdXZ","razorpay_payment_id":"pay_TEWwBVUhEsY4eE"}
Jul 17 10:05:17 vithsutra kiosk-server[2006197]: {"time":"2026-07-17T10:05:17.377053436Z","level":"INFO","msg":"file promoted","session_id":"661837ad-d810-4f23-a41f-f0fa08e5fade","file_id":"c23c0381-2585-4897-a610-e821488cab49","final_key":"uploads/final/ebbe6137-3966-4fb9-92bd-79ac60c0a6d3/661837ad-d810-4f23-a41f-f0fa08e5fade/c23c0381-2585-4897-a610-e821488cab49.pdf"}
Jul 17 10:05:17 vithsutra kiosk-server[2006197]: {"time":"2026-07-17T10:05:17.497223243Z","level":"INFO","msg":"file promoted","session_id":"661837ad-d810-4f23-a41f-f0fa08e5fade","file_id":"a7a5c3b6-3af5-491b-9e31-bdd490e985c5","final_key":"uploads/final/ebbe6137-3966-4fb9-92bd-79ac60c0a6d3/661837ad-d810-4f23-a41f-f0fa08e5fade/a7a5c3b6-3af5-491b-9e31-bdd490e985c5.pdf"}
Jul 17 10:05:18 vithsutra kiosk-server[2006197]: {"time":"2026-07-17T10:05:18.119714809Z","level":"INFO","msg":"payment success committed","session_id":"661837ad-d810-4f23-a41f-f0fa08e5fade","razorpay_order_id":"order_TEWw7VSCq6fdXZ","razorpay_payment_id":"pay_TEWwBVUhEsY4eE","files_promoted":2}
Jul 17 10:05:18 vithsutra kiosk-server[2006197]: {"time":"2026-07-17T10:05:18.119828647Z","level":"INFO","msg":"request","method":"POST","path":"/webhooks/razorpay","status":200,"bytes":21,"duration_ms":1298,"request_id":"vithsutra/yJhBRTSzdo-004994","remote_addr":"52.66.75.174"}
Jul 17 10:05:18 vithsutra kiosk-server[2006197]: {"time":"2026-07-17T10:05:18.316823525Z","level":"INFO","msg":"get job by session ID started","session_id":"661837ad-d810-4f23-a41f-f0fa08e5fade"}
Jul 17 10:05:18 vithsutra kiosk-server[2006197]: {"time":"2026-07-17T10:05:18.369736268Z","level":"INFO","msg":"Token Debugging","Token:":"344463"}
Jul 17 10:05:18 vithsutra kiosk-server[2006197]: {"time":"2026-07-17T10:05:18.424175274Z","level":"INFO","msg":"get job by session ID completed","session_id":"661837ad-d810-4f23-a41f-f0fa08e5fade","file_count":2}
Jul 17 10:05:18 vithsutra kiosk-server[2006197]: {"time":"2026-07-17T10:05:18.424318772Z","level":"INFO","msg":"request","method":"GET","path":"/payments/status/661837ad-d810-4f23-a41f-f0fa08e5fade","status":200,"bytes":1099,"duration_ms":107,"request_id":"vithsutra/yJhBRTSzdo-004995","remote_addr":"2409:40f2:314b:e960:c4ed:47d3:72eb:6fb8"}
Jul 17 10:05:20 vithsutra kiosk-server[2006197]: {"time":"2026-07-17T10:05:20.866934116Z","level":"INFO","msg":"webhook received","event":"payment.captured"}
Jul 17 10:05:20 vithsutra kiosk-server[2006197]: {"time":"2026-07-17T10:05:20.867055433Z","level":"INFO","msg":"processing payment success","razorpay_order_id":"order_TEWvl8k0a3y8Oj","razorpay_payment_id":"pay_TEWwUfqUb9gaX0"}
Jul 17 10:05:21 vithsutra kiosk-server[2006197]: {"time":"2026-07-17T10:05:21.146321146Z","level":"INFO","msg":"file promoted","session_id":"4f85e8cd-a6b7-421b-8516-b9bbeefbaae1","file_id":"9d5497a8-9586-4514-9772-3dc35940b8b9","final_key":"uploads/final/3be9ad8d-49cd-4249-87de-31b3eb016685/4f85e8cd-a6b7-421b-8516-b9bbeefbaae1/9d5497a8-9586-4514-9772-3dc35940b8b9.pdf"}
Jul 17 10:05:21 vithsutra kiosk-server[2006197]: {"time":"2026-07-17T10:05:21.411586614Z","level":"INFO","msg":"payment success committed","session_id":"4f85e8cd-a6b7-421b-8516-b9bbeefbaae1","razorpay_order_id":"order_TEWvl8k0a3y8Oj","razorpay_payment_id":"pay_TEWwUfqUb9gaX0","files_promoted":1}
Jul 17 10:05:21 vithsutra kiosk-server[2006197]: {"time":"2026-07-17T10:05:21.411672983Z","level":"INFO","msg":"request","method":"POST","path":"/webhooks/razorpay","status":200,"bytes":21,"duration_ms":544,"request_id":"vithsutra/yJhBRTSzdo-004996","remote_addr":"52.66.75.174"}
Jul 17 10:05:26 vithsutra kiosk-server[2006197]: {"time":"2026-07-17T10:05:26.480457254Z","level":"INFO","msg":"get job by token started","token":344463}
Jul 17 10:05:26 vithsutra kiosk-server[2006197]: DEBUG PRESIGN GET URL: https://aiet-printflow-upload-prod.s3.ap-south-1.amazonaws.com/uploads/final/ebbe6137-3966-4fb9-92bd-79ac60c0a6d3/661837ad-d810-4f23-a41f-f0fa08e5fade/c23c0381-2585-4897-a610-e821488cab49.pdf?X-Amz-Algorithm=AWS4-HMAC-SHA256&X-Amz-Checksum-Mode=ENABLED&X-Amz-Credential=AKIAURY6ZINDKCABHGV3%2F20260717%2Fap-south-1%2Fs3%2Faws4_request&X-Amz-Date=20260717T100526Z&X-Amz-Expires=900&X-Amz-SignedHeaders=host&x-id=GetObject&X-Amz-Signature=5e14fc822069d240f99807fee711ff237fd72a004ccf5aea8d2dcf20890b597b
Jul 17 10:05:26 vithsutra kiosk-server[2006197]: {"time":"2026-07-17T10:05:26.64220374Z","level":"INFO","msg":"final_Key_Bebugging","final_key:":"uploads/final/ebbe6137-3966-4fb9-92bd-79ac60c0a6d3/661837ad-d810-4f23-a41f-f0fa08e5fade/c23c0381-2585-4897-a610-e821488cab49.pdf"}
Jul 17 10:05:26 vithsutra kiosk-server[2006197]: DEBUG PRESIGN GET URL: https://aiet-printflow-upload-prod.s3.ap-south-1.amazonaws.com/uploads/final/ebbe6137-3966-4fb9-92bd-79ac60c0a6d3/661837ad-d810-4f23-a41f-f0fa08e5fade/a7a5c3b6-3af5-491b-9e31-bdd490e985c5.pdf?X-Amz-Algorithm=AWS4-HMAC-SHA256&X-Amz-Checksum-Mode=ENABLED&X-Amz-Credential=AKIAURY6ZINDKCABHGV3%2F20260717%2Fap-south-1%2Fs3%2Faws4_request&X-Amz-Date=20260717T100526Z&X-Amz-Expires=900&X-Amz-SignedHeaders=host&x-id=GetObject&X-Amz-Signature=b47db2102e0801379f2bcec7c473214e4d6a70553bf67bdd22bc95a8059dd441
Jul 17 10:05:26 vithsutra kiosk-server[2006197]: {"time":"2026-07-17T10:05:26.642451082Z","level":"INFO","msg":"final_Key_Bebugging","final_key:":"uploads/final/ebbe6137-3966-4fb9-92bd-79ac60c0a6d3/661837ad-d810-4f23-a41f-f0fa08e5fade/a7a5c3b6-3af5-491b-9e31-bdd490e985c5.pdf"}
Jul 17 10:05:26 vithsutra kiosk-server[2006197]: {"time":"2026-07-17T10:05:26.642472952Z","level":"INFO","msg":"get job by token completed","token":344463,"session_id":"661837ad-d810-4f23-a41f-f0fa08e5fade","file_count":2}
Jul 17 10:05:26 vithsutra kiosk-server[2006197]: {"time":"2026-07-17T10:05:26.642583852Z","level":"INFO","msg":"request","method":"POST","path":"/print/jobs/token","status":200,"bytes":1722,"duration_ms":162,"request_id":"vithsutra/yJhBRTSzdo-004997","remote_addr":"103.89.233.254"}
Jul 17 10:05:39 vithsutra kiosk-server[2006197]: {"time":"2026-07-17T10:05:39.851257298Z","level":"INFO","msg":"request","method":"OPTIONS","path":"/files/jobs/active","status":204,"bytes":0,"duration_ms":0,"request_id":"vithsutra/yJhBRTSzdo-004998","remote_addr":"2409:408c:beb3:fd61::7c0b:30e"}
Jul 17 10:05:40 vithsutra kiosk-server[2006197]: {"time":"2026-07-17T10:05:40.328058987Z","level":"INFO","msg":"get recent print jobs started","user_id":"3be9ad8d-49cd-4249-87de-31b3eb016685"}
Jul 17 10:05:40 vithsutra kiosk-server[2006197]: {"time":"2026-07-17T10:05:40.75234751Z","level":"INFO","msg":"get recent print jobs completed","user_id":"3be9ad8d-49cd-4249-87de-31b3eb016685","job_count":1}
Jul 17 10:05:40 vithsutra kiosk-server[2006197]: {"time":"2026-07-17T10:05:40.752504369Z","level":"INFO","msg":"request","method":"GET","path":"/files/jobs/active","status":200,"bytes":765,"duration_ms":424,"request_id":"vithsutra/yJhBRTSzdo-004999","remote_addr":"2409:408c:beb3:fd61::7c0b:30e"}
Jul 17 10:05:45 vithsutra kiosk-server[2006197]: {"time":"2026-07-17T10:05:45.968369077Z","level":"INFO","msg":"expire session after printing started","session_id":"661837ad-d810-4f23-a41f-f0fa08e5fade"}
Jul 17 10:05:46 vithsutra kiosk-server[2006197]: {"time":"2026-07-17T10:05:46.168234313Z","level":"INFO","msg":"session marked completed","session_id":"661837ad-d810-4f23-a41f-f0fa08e5fade"}
Jul 17 10:05:46 vithsutra kiosk-server[2006197]: {"time":"2026-07-17T10:05:46.302421506Z","level":"WARN","msg":"no completed file found for session 661837ad-d810-4f23-a41f-f0fa08e5fade","code":"no_completed_file"}
Jul 17 10:05:46 vithsutra kiosk-server[2006197]: {"time":"2026-07-17T10:05:46.302531823Z","level":"INFO","msg":"request","method":"POST","path":"/print/jobs/expire","status":404,"bytes":124,"duration_ms":334,"request_id":"vithsutra/yJhBRTSzdo-005000","remote_addr":"103.89.233.254"}
Jul 17 10:05:55 vithsutra kiosk-server[2006197]: {"time":"2026-07-17T10:05:55.838417232Z","level":"INFO","msg":"expire session after printing started","session_id":"661837ad-d810-4f23-a41f-f0fa08e5fade"}
Jul 17 10:05:55 vithsutra kiosk-server[2006197]: {"time":"2026-07-17T10:05:55.904559125Z","level":"WARN","msg":"this session has already been completed","code":"session_already_completed"}
Jul 17 10:05:55 vithsutra kiosk-server[2006197]: {"time":"2026-07-17T10:05:55.904665481Z","level":"INFO","msg":"request","method":"POST","path":"/print/jobs/expire","status":400,"bytes":99,"duration_ms":66,"request_id":"vithsutra/yJhBRTSzdo-005001","remote_addr":"103.89.233.254"}
Jul 17 10:06:24 vithsutra kiosk-server[2006197]: {"time":"2026-07-17T10:06:24.135622172Z","level":"INFO","msg":"webhook received","event":"payment.captured"}
Jul 17 10:06:24 vithsutra kiosk-server[2006197]: {"time":"2026-07-17T10:06:24.135646894Z","level":"INFO","msg":"processing payment success","razorpay_order_id":"order_TEWreL5UgTqkQJ","razorpay_payment_id":"pay_TEWrrbAZZk7FDX"}
Jul 17 10:06:24 vithsutra kiosk-server[2006197]: {"time":"2026-07-17T10:06:24.593216648Z","level":"ERROR","msg":"failed to promote file","session_id":"b48c6e04-5fd8-41d1-ab32-b631a14ecc82","file_id":"4b824022-0d62-4c1e-ae0d-db1bde1d6357","staging_key":"uploads/staging/ebbe6137-3966-4fb9-92bd-79ac60c0a6d3/b48c6e04-5fd8-41d1-ab32-b631a14ecc82/4b824022-0d62-4c1e-ae0d-db1bde1d6357.pdf","error":"failed to copy uploads/staging/ebbe6137-3966-4fb9-92bd-79ac60c0a6d3/b48c6e04-5fd8-41d1-ab32-b631a14ecc82/4b824022-0d62-4c1e-ae0d-db1bde1d6357.pdf → uploads/final/ebbe6137-3966-4fb9-92bd-79ac60c0a6d3/b48c6e04-5fd8-41d1-ab32-b631a14ecc82/4b824022-0d62-4c1e-ae0d-db1bde1d6357.pdf: operation error S3: CopyObject, https response error StatusCode: 403, RequestID: Q92T4CP41QT2PA2T, HostID: Ldavh7a4wJXGaUa9gAZ9OXSo7q18wjWpYz8bvnuOP0fg67jNpqdYjKW0F0K4s8ZmY2cOQm7IqtZX089cb+SBfrzKOlCRBRkS, api error AccessDenied: User: arn:aws:iam::313060311878:user/printflow-backend is not authorized to perform: s3:ListBucket on resource: \"arn:aws:s3:::aiet-printflow-upload-prod\" because no identity-based policy allows the s3:ListBucket action"}
Jul 17 10:06:24 vithsutra kiosk-server[2006197]: {"time":"2026-07-17T10:06:24.593308544Z","level":"ERROR","msg":"failed to promote file Tax 2-1.pdf to final storage","code":"internal_error","cause":"failed to copy uploads/staging/ebbe6137-3966-4fb9-92bd-79ac60c0a6d3/b48c6e04-5fd8-41d1-ab32-b631a14ecc82/4b824022-0d62-4c1e-ae0d-db1bde1d6357.pdf → uploads/final/ebbe6137-3966-4fb9-92bd-79ac60c0a6d3/b48c6e04-5fd8-41d1-ab32-b631a14ecc82/4b824022-0d62-4c1e-ae0d-db1bde1d6357.pdf: operation error S3: CopyObject, https response error StatusCode: 403, RequestID: Q92T4CP41QT2PA2T, HostID: Ldavh7a4wJXGaUa9gAZ9OXSo7q18wjWpYz8bvnuOP0fg67jNpqdYjKW0F0K4s8ZmY2cOQm7IqtZX089cb+SBfrzKOlCRBRkS, api error AccessDenied: User: arn:aws:iam::313060311878:user/printflow-backend is not authorized to perform: s3:ListBucket on resource: \"arn:aws:s3:::aiet-printflow-upload-prod\" because no identity-based policy allows the s3:ListBucket action"}
Jul 17 10:06:24 vithsutra kiosk-server[2006197]: {"time":"2026-07-17T10:06:24.593395715Z","level":"INFO","msg":"request","method":"POST","path":"/webhooks/razorpay","status":500,"bytes":100,"duration_ms":457,"request_id":"vithsutra/yJhBRTSzdo-005002","remote_addr":"52.66.76.63"}
Jul 17 10:06:38 vithsutra kiosk-server[2006197]: {"time":"2026-07-17T10:06:38.42788085Z","level":"INFO","msg":"get job by token started","token":472628}
Jul 17 10:06:38 vithsutra kiosk-server[2006197]: DEBUG PRESIGN GET URL: https://aiet-printflow-upload-prod.s3.ap-south-1.amazonaws.com/uploads/final/3be9ad8d-49cd-4249-87de-31b3eb016685/4f85e8cd-a6b7-421b-8516-b9bbeefbaae1/9d5497a8-9586-4514-9772-3dc35940b8b9.pdf?X-Amz-Algorithm=AWS4-HMAC-SHA256&X-Amz-Checksum-Mode=ENABLED&X-Amz-Credential=AKIAURY6ZINDKCABHGV3%2F20260717%2Fap-south-1%2Fs3%2Faws4_request&X-Amz-Date=20260717T100638Z&X-Amz-Expires=900&X-Amz-SignedHeaders=host&x-id=GetObject&X-Amz-Signature=8c8a33e8a4f826a75f5363eb35fcfb855533ff1f89d0d6300c57a6d5550c4b70
Jul 17 10:06:38 vithsutra kiosk-server[2006197]: {"time":"2026-07-17T10:06:38.562678038Z","level":"INFO","msg":"final_Key_Bebugging","final_key:":"uploads/final/3be9ad8d-49cd-4249-87de-31b3eb016685/4f85e8cd-a6b7-421b-8516-b9bbeefbaae1/9d5497a8-9586-4514-9772-3dc35940b8b9.pdf"}
Jul 17 10:06:38 vithsutra kiosk-server[2006197]: {"time":"2026-07-17T10:06:38.562707365Z","level":"INFO","msg":"get job by token completed","token":472628,"session_id":"4f85e8cd-a6b7-421b-8516-b9bbeefbaae1","file_count":1}
Jul 17 10:06:38 vithsutra kiosk-server[2006197]: {"time":"2026-07-17T10:06:38.562814957Z","level":"INFO","msg":"request","method":"POST","path":"/print/jobs/token","status":200,"bytes":957,"duration_ms":135,"request_id":"vithsutra/yJhBRTSzdo-005003","remote_addr":"103.89.233.254"}
Jul 17 10:07:32 vithsutra kiosk-server[2006197]: {"time":"2026-07-17T10:07:32.220005977Z","level":"INFO","msg":"expire session after printing started","session_id":"4f85e8cd-a6b7-421b-8516-b9bbeefbaae1"}
Jul 17 10:07:32 vithsutra kiosk-server[2006197]: {"time":"2026-07-17T10:07:32.326582971Z","level":"INFO","msg":"session marked completed","session_id":"4f85e8cd-a6b7-421b-8516-b9bbeefbaae1"}
Jul 17 10:07:32 vithsutra kiosk-server[2006197]: {"time":"2026-07-17T10:07:32.380813313Z","level":"WARN","msg":"no completed file found for session 4f85e8cd-a6b7-421b-8516-b9bbeefbaae1","code":"no_completed_file"}
Jul 17 10:07:32 vithsutra kiosk-server[2006197]: {"time":"2026-07-17T10:07:32.380977683Z","level":"INFO","msg":"request","method":"POST","path":"/print/jobs/expire","status":404,"bytes":124,"duration_ms":161,"request_id":"vithsutra/yJhBRTSzdo-005004","remote_addr":"103.89.233.254"}
Jul 17 10:07:35 vithsutra kiosk-server[2006197]: {"time":"2026-07-17T10:07:35.519026155Z","level":"INFO","msg":"USERID","userId:":"3be9ad8d-49cd-4249-87de-31b3eb016685"}
Jul 17 10:07:35 vithsutra kiosk-server[2006197]: {"time":"2026-07-17T10:07:35.519072599Z","level":"INFO","msg":"USEREMAIL","userEmail:":"pranamyapoojary23@gmail.com"}
Jul 17 10:07:35 vithsutra kiosk-server[2006197]: {"time":"2026-07-17T10:07:35.519090091Z","level":"INFO","msg":"init upload started","user_id":"3be9ad8d-49cd-4249-87de-31b3eb016685","file_count":2,"request_payload":{"files":[{"file_name":"IFM PROJECT.pdf","content_type":"application/pdf"},{"file_name":"International_Banking_Services.pdf","content_type":"application/pdf"}]}}
Jul 17 10:07:35 vithsutra kiosk-server[2006197]: {"time":"2026-07-17T10:07:35.678057309Z","level":"INFO","msg":"upload session created","session_id":"2ab5aa8f-442b-4577-aec1-c4dc30df133b","user_id":"3be9ad8d-49cd-4249-87de-31b3eb016685","expires_at":"2026-07-24T10:07:35.572010912Z"}
Jul 17 10:07:35 vithsutra kiosk-server[2006197]: {"time":"2026-07-17T10:07:35.892645214Z","level":"INFO","msg":"init upload completed","session_id":"2ab5aa8f-442b-4577-aec1-c4dc30df133b","user_id":"3be9ad8d-49cd-4249-87de-31b3eb016685","file_count":2}
Jul 17 10:07:35 vithsutra kiosk-server[2006197]: {"time":"2026-07-17T10:07:35.892828044Z","level":"INFO","msg":"request","method":"POST","path":"/files/upload/init","status":201,"bytes":1796,"duration_ms":374,"request_id":"vithsutra/yJhBRTSzdo-005005","remote_addr":"2409:408c:beb3:fd61::7c0b:30e"}
Jul 17 10:07:38 vithsutra kiosk-server[2006197]: {"time":"2026-07-17T10:07:38.329438961Z","level":"INFO","msg":"confirm upload started","session_id":"2ab5aa8f-442b-4577-aec1-c4dc30df133b","file_count":2}
Jul 17 10:07:38 vithsutra kiosk-server[2006197]: {"time":"2026-07-17T10:07:38.382482819Z","level":"INFO","msg":"session validated for confirm","session_id":"2ab5aa8f-442b-4577-aec1-c4dc30df133b","status":"created"}
Jul 17 10:07:38 vithsutra kiosk-server[2006197]: DEBUG HeadObject → bucket: aiet-printflow-upload-prod  key: uploads/staging/3be9ad8d-49cd-4249-87de-31b3eb016685/2ab5aa8f-442b-4577-aec1-c4dc30df133b/83228c51-0b96-4bfc-9136-6e2b0bd6971a.pdf
Jul 17 10:07:48 vithsutra kiosk-server[2006197]: {"time":"2026-07-17T10:07:48.608795473Z","level":"INFO","msg":"file price calculated","price":4,"sheets":2,"num_of_pages":4,"copies":1,"page_layout":1,"printing_mode":"monochromatic","printing_side":"double_side"}
Jul 17 10:07:48 vithsutra kiosk-server[2006197]: {"time":"2026-07-17T10:07:48.608883908Z","level":"INFO","msg":"Total done bebug","TotalAmount:":4,"TotalSheetes:":2}
Jul 17 10:07:48 vithsutra kiosk-server[2006197]: {"time":"2026-07-17T10:07:48.608903978Z","level":"INFO","msg":"Page Range bebugging","page_range:":["1-4"]}
Jul 17 10:07:48 vithsutra kiosk-server[2006197]: {"time":"2026-07-17T10:07:48.608922941Z","level":"INFO","msg":"file confirmed","session_id":"2ab5aa8f-442b-4577-aec1-c4dc30df133b","file_id":"83228c51-0b96-4bfc-9136-6e2b0bd6971a","file_name":"IFM PROJECT.pdf","sheets":2,"price":4}
Jul 17 10:07:48 vithsutra kiosk-server[2006197]: DEBUG HeadObject → bucket: aiet-printflow-upload-prod  key: uploads/staging/3be9ad8d-49cd-4249-87de-31b3eb016685/2ab5aa8f-442b-4577-aec1-c4dc30df133b/81ab1c05-e2d2-4131-b971-7f39c4d3fb04.pdf
Jul 17 10:07:48 vithsutra kiosk-server[2006197]: {"time":"2026-07-17T10:07:48.698013485Z","level":"INFO","msg":"file price calculated","price":4,"sheets":4,"num_of_pages":4,"copies":1,"page_layout":1,"printing_mode":"monochromatic","printing_side":"single_side"}
Jul 17 10:07:48 vithsutra kiosk-server[2006197]: {"time":"2026-07-17T10:07:48.698065614Z","level":"INFO","msg":"Total done bebug","TotalAmount:":8,"TotalSheetes:":6}
Jul 17 10:07:48 vithsutra kiosk-server[2006197]: {"time":"2026-07-17T10:07:48.698082822Z","level":"INFO","msg":"Page Range bebugging","page_range:":["1-4"]}
Jul 17 10:07:48 vithsutra kiosk-server[2006197]: {"time":"2026-07-17T10:07:48.698102156Z","level":"INFO","msg":"file confirmed","session_id":"2ab5aa8f-442b-4577-aec1-c4dc30df133b","file_id":"81ab1c05-e2d2-4131-b971-7f39c4d3fb04","file_name":"International_Banking_Services.pdf","sheets":4,"price":4}
Jul 17 10:07:48 vithsutra kiosk-server[2006197]: DEBUG: PageRange in UpdateFileWithPrintOptions: [1-4]
Jul 17 10:07:48 vithsutra kiosk-server[2006197]: DEBUG: PageRange in UpdateFileWithPrintOptions: [1-4]
Jul 17 10:07:49 vithsutra kiosk-server[2006197]: {"time":"2026-07-17T10:07:49.07498914Z","level":"INFO","msg":"confirm upload completed","session_id":"2ab5aa8f-442b-4577-aec1-c4dc30df133b","total_sheets":6,"total_amount":8}
Jul 17 10:07:49 vithsutra kiosk-server[2006197]: {"time":"2026-07-17T10:07:49.075129556Z","level":"INFO","msg":"request","method":"POST","path":"/files/upload/confirm","status":200,"bytes":551,"duration_ms":10746,"request_id":"vithsutra/yJhBRTSzdo-005006","remote_addr":"2409:408c:beb3:fd61::7c0b:30e"}
Jul 17 10:07:49 vithsutra kiosk-server[2006197]: {"time":"2026-07-17T10:07:49.866277959Z","level":"INFO","msg":"create payment order started","session_id":"2ab5aa8f-442b-4577-aec1-c4dc30df133b","amount_paise_frontend":800}
Jul 17 10:07:50 vithsutra kiosk-server[2006197]: {"time":"2026-07-17T10:07:50.34095835Z","level":"INFO","msg":"razorpay order created","session_id":"2ab5aa8f-442b-4577-aec1-c4dc30df133b","razorpay_order_id":"order_TEWzkPhNLmfCPE","amount_paise":800}
Jul 17 10:07:50 vithsutra kiosk-server[2006197]: {"time":"2026-07-17T10:07:50.518259155Z","level":"INFO","msg":"create payment order completed","session_id":"2ab5aa8f-442b-4577-aec1-c4dc30df133b","payment_id":"6b7df145-430a-4aad-a9c5-680332fcbbcd","razorpay_order_id":"order_TEWzkPhNLmfCPE"}
Jul 17 10:07:50 vithsutra kiosk-server[2006197]: {"time":"2026-07-17T10:07:50.51830006Z","level":"INFO","msg":"Amount:","Amount_paise":800}
Jul 17 10:07:50 vithsutra kiosk-server[2006197]: {"time":"2026-07-17T10:07:50.518374328Z","level":"INFO","msg":"request","method":"POST","path":"/payments/create","status":201,"bytes":232,"duration_ms":652,"request_id":"vithsutra/yJhBRTSzdo-005007","remote_addr":"2409:408c:beb3:fd61::7c0b:30e"}
Jul 17 10:08:18 vithsutra kiosk-server[2006197]: {"time":"2026-07-17T10:08:18.926934594Z","level":"INFO","msg":"webhook received","event":"payment.captured"}
Jul 17 10:08:18 vithsutra kiosk-server[2006197]: {"time":"2026-07-17T10:08:18.926960319Z","level":"INFO","msg":"processing payment success","razorpay_order_id":"order_TEWzkPhNLmfCPE","razorpay_payment_id":"pay_TEWzpiGYcfJzjG"}
Jul 17 10:08:19 vithsutra kiosk-server[2006197]: {"time":"2026-07-17T10:08:19.449321465Z","level":"INFO","msg":"file promoted","session_id":"2ab5aa8f-442b-4577-aec1-c4dc30df133b","file_id":"83228c51-0b96-4bfc-9136-6e2b0bd6971a","final_key":"uploads/final/3be9ad8d-49cd-4249-87de-31b3eb016685/2ab5aa8f-442b-4577-aec1-c4dc30df133b/83228c51-0b96-4bfc-9136-6e2b0bd6971a.pdf"}
Jul 17 10:08:19 vithsutra kiosk-server[2006197]: {"time":"2026-07-17T10:08:19.566385393Z","level":"INFO","msg":"file promoted","session_id":"2ab5aa8f-442b-4577-aec1-c4dc30df133b","file_id":"81ab1c05-e2d2-4131-b971-7f39c4d3fb04","final_key":"uploads/final/3be9ad8d-49cd-4249-87de-31b3eb016685/2ab5aa8f-442b-4577-aec1-c4dc30df133b/81ab1c05-e2d2-4131-b971-7f39c4d3fb04.pdf"}
Jul 17 10:08:19 vithsutra kiosk-server[2006197]: {"time":"2026-07-17T10:08:19.889460069Z","level":"INFO","msg":"payment success committed","session_id":"2ab5aa8f-442b-4577-aec1-c4dc30df133b","razorpay_order_id":"order_TEWzkPhNLmfCPE","razorpay_payment_id":"pay_TEWzpiGYcfJzjG","files_promoted":2}
Jul 17 10:08:19 vithsutra kiosk-server[2006197]: {"time":"2026-07-17T10:08:19.889558144Z","level":"INFO","msg":"request","method":"POST","path":"/webhooks/razorpay","status":200,"bytes":21,"duration_ms":962,"request_id":"vithsutra/yJhBRTSzdo-005008","remote_addr":"52.66.75.174"}
Jul 17 10:09:12 vithsutra kiosk-server[2006197]: {"time":"2026-07-17T10:09:12.319969878Z","level":"INFO","msg":"get recent print jobs started","user_id":"3be9ad8d-49cd-4249-87de-31b3eb016685"}
Jul 17 10:09:12 vithsutra kiosk-server[2006197]: {"time":"2026-07-17T10:09:12.480628755Z","level":"INFO","msg":"get recent print jobs completed","user_id":"3be9ad8d-49cd-4249-87de-31b3eb016685","job_count":1}
Jul 17 10:09:12 vithsutra kiosk-server[2006197]: {"time":"2026-07-17T10:09:12.480724957Z","level":"INFO","msg":"request","method":"GET","path":"/files/jobs/active","status":200,"bytes":1212,"duration_ms":160,"request_id":"vithsutra/yJhBRTSzdo-005009","remote_addr":"2409:408c:beb3:fd61::7c0b:30e"}
Jul 17 10:09:32 vithsutra kiosk-server[2006197]: {"time":"2026-07-17T10:09:32.89573567Z","level":"INFO","msg":"get job by token started","token":450778}
Jul 17 10:09:33 vithsutra kiosk-server[2006197]: DEBUG PRESIGN GET URL: https://aiet-printflow-upload-prod.s3.ap-south-1.amazonaws.com/uploads/final/3be9ad8d-49cd-4249-87de-31b3eb016685/2ab5aa8f-442b-4577-aec1-c4dc30df133b/83228c51-0b96-4bfc-9136-6e2b0bd6971a.pdf?X-Amz-Algorithm=AWS4-HMAC-SHA256&X-Amz-Checksum-Mode=ENABLED&X-Amz-Credential=AKIAURY6ZINDKCABHGV3%2F20260717%2Fap-south-1%2Fs3%2Faws4_request&X-Amz-Date=20260717T100933Z&X-Amz-Expires=900&X-Amz-SignedHeaders=host&x-id=GetObject&X-Amz-Signature=1f0b514a66973d4f1036c03d42df47368bd945a7e05defd13c997d9df1b36d45
Jul 17 10:09:33 vithsutra kiosk-server[2006197]: {"time":"2026-07-17T10:09:33.030397848Z","level":"INFO","msg":"final_Key_Bebugging","final_key:":"uploads/final/3be9ad8d-49cd-4249-87de-31b3eb016685/2ab5aa8f-442b-4577-aec1-c4dc30df133b/83228c51-0b96-4bfc-9136-6e2b0bd6971a.pdf"}
Jul 17 10:09:33 vithsutra kiosk-server[2006197]: DEBUG PRESIGN GET URL: https://aiet-printflow-upload-prod.s3.ap-south-1.amazonaws.com/uploads/final/3be9ad8d-49cd-4249-87de-31b3eb016685/2ab5aa8f-442b-4577-aec1-c4dc30df133b/81ab1c05-e2d2-4131-b971-7f39c4d3fb04.pdf?X-Amz-Algorithm=AWS4-HMAC-SHA256&X-Amz-Checksum-Mode=ENABLED&X-Amz-Credential=AKIAURY6ZINDKCABHGV3%2F20260717%2Fap-south-1%2Fs3%2Faws4_request&X-Amz-Date=20260717T100933Z&X-Amz-Expires=900&X-Amz-SignedHeaders=host&x-id=GetObject&X-Amz-Signature=8c22cd51725f811ccca21c45f54c5b21d8c380add7465867260c60b0b4f84d1c
Jul 17 10:09:33 vithsutra kiosk-server[2006197]: {"time":"2026-07-17T10:09:33.030644969Z","level":"INFO","msg":"final_Key_Bebugging","final_key:":"uploads/final/3be9ad8d-49cd-4249-87de-31b3eb016685/2ab5aa8f-442b-4577-aec1-c4dc30df133b/81ab1c05-e2d2-4131-b971-7f39c4d3fb04.pdf"}
Jul 17 10:09:33 vithsutra kiosk-server[2006197]: {"time":"2026-07-17T10:09:33.030664935Z","level":"INFO","msg":"get job by token completed","token":450778,"session_id":"2ab5aa8f-442b-4577-aec1-c4dc30df133b","file_count":2}
Jul 17 10:09:33 vithsutra kiosk-server[2006197]: {"time":"2026-07-17T10:09:33.030770232Z","level":"INFO","msg":"request","method":"POST","path":"/print/jobs/token","status":200,"bytes":1733,"duration_ms":135,"request_id":"vithsutra/yJhBRTSzdo-005010","remote_addr":"103.89.233.254"}
Jul 17 10:10:33 vithsutra kiosk-server[2006197]: {"time":"2026-07-17T10:10:33.735798152Z","level":"INFO","msg":"expire session after printing started","session_id":"2ab5aa8f-442b-4577-aec1-c4dc30df133b"}
Jul 17 10:10:43 vithsutra kiosk-server[2006197]: {"time":"2026-07-17T10:10:43.134960733Z","level":"INFO","msg":"request","method":"OPTIONS","path":"/files/upload/init","status":204,"bytes":0,"duration_ms":0,"request_id":"vithsutra/yJhBRTSzdo-005012","remote_addr":"2401:4900:c951:d3ed:2462:26ff:fe2f:d907"}
Jul 17 10:10:43 vithsutra kiosk-server[2006197]: {"time":"2026-07-17T10:10:43.352734902Z","level":"INFO","msg":"USERID","userId:":"69848409-3869-4ce7-8709-a00e40f59602"}
Jul 17 10:10:43 vithsutra kiosk-server[2006197]: {"time":"2026-07-17T10:10:43.353026808Z","level":"INFO","msg":"USEREMAIL","userEmail:":"4al24ba085@aiet.org.in"}
Jul 17 10:10:43 vithsutra kiosk-server[2006197]: {"time":"2026-07-17T10:10:43.353053322Z","level":"INFO","msg":"init upload started","user_id":"69848409-3869-4ce7-8709-a00e40f59602","file_count":3,"request_payload":{"files":[{"file_name":"ifm presentation report.pdf","content_type":"application/pdf"},{"file_name":"imf project report.pdf","content_type":"application/pdf"},{"file_name":"Declaration Prathiksha.pdf","content_type":"application/pdf"}]}}
Jul 17 10:10:43 vithsutra kiosk-server[2006197]: {"time":"2026-07-17T10:10:43.736059882Z","level":"ERROR","msg":"failed to fetch session","code":"internal_error","cause":"repository.GetSessionByID: failed to connect to `host=dpg-d81iav8g4nts739ho6hg-a.singapore-postgres.render.com user=printpoint database=kiosk_db_75zc`: dial error (timeout: dial tcp 18.142.152.125:5432: i/o timeout)"}
Jul 17 10:10:43 vithsutra kiosk-server[2006197]: {"time":"2026-07-17T10:10:43.736105357Z","level":"INFO","msg":"request","method":"POST","path":"/print/jobs/expire","status":500,"bytes":72,"duration_ms":10000,"request_id":"vithsutra/yJhBRTSzdo-005011","remote_addr":"103.89.233.254"}
Jul 17 10:10:46 vithsutra kiosk-server[2006197]: {"time":"2026-07-17T10:10:46.654112012Z","level":"INFO","msg":"expire session after printing started","session_id":"2ab5aa8f-442b-4577-aec1-c4dc30df133b"}
Jul 17 10:10:51 vithsutra kiosk-server[2006197]: {"time":"2026-07-17T10:10:51.831047114Z","level":"INFO","msg":"expire session after printing started","session_id":"2ab5aa8f-442b-4577-aec1-c4dc30df133b"}
Jul 17 10:10:53 vithsutra kiosk-server[2006197]: {"time":"2026-07-17T10:10:53.353317698Z","level":"ERROR","msg":"failed to begin transaction","code":"internal_error","cause":"failed to connect to `host=dpg-d81iav8g4nts739ho6hg-a.singapore-postgres.render.com user=printpoint database=kiosk_db_75zc`: dial error (timeout: dial tcp 18.142.152.125:5432: i/o timeout)"}
Jul 17 10:10:53 vithsutra kiosk-server[2006197]: {"time":"2026-07-17T10:10:53.353427203Z","level":"INFO","msg":"request","method":"POST","path":"/files/upload/init","status":500,"bytes":76,"duration_ms":10000,"request_id":"vithsutra/yJhBRTSzdo-005013","remote_addr":"2401:4900:c951:d3ed:2462:26ff:fe2f:d907"}
Jul 17 10:10:55 vithsutra kiosk-server[2006197]: {"time":"2026-07-17T10:10:55.054703696Z","level":"INFO","msg":"session marked completed","session_id":"2ab5aa8f-442b-4577-aec1-c4dc30df133b"}
Jul 17 10:10:55 vithsutra kiosk-server[2006197]: {"time":"2026-07-17T10:10:55.087931087Z","level":"INFO","msg":"session marked completed","session_id":"2ab5aa8f-442b-4577-aec1-c4dc30df133b"}
Jul 17 10:10:55 vithsutra kiosk-server[2006197]: {"time":"2026-07-17T10:10:55.153973298Z","level":"WARN","msg":"no completed file found for session 2ab5aa8f-442b-4577-aec1-c4dc30df133b","code":"no_completed_file"}
Jul 17 10:10:55 vithsutra kiosk-server[2006197]: {"time":"2026-07-17T10:10:55.154077025Z","level":"INFO","msg":"request","method":"POST","path":"/print/jobs/expire","status":404,"bytes":124,"duration_ms":3323,"request_id":"vithsutra/yJhBRTSzdo-005015","remote_addr":"103.89.233.254"}
Jul 17 10:10:55 vithsutra kiosk-server[2006197]: {"time":"2026-07-17T10:10:55.197220178Z","level":"WARN","msg":"no completed file found for session 2ab5aa8f-442b-4577-aec1-c4dc30df133b","code":"no_completed_file"}
Jul 17 10:10:55 vithsutra kiosk-server[2006197]: {"time":"2026-07-17T10:10:55.197315672Z","level":"INFO","msg":"request","method":"POST","path":"/print/jobs/expire","status":404,"bytes":124,"duration_ms":8543,"request_id":"vithsutra/yJhBRTSzdo-005014","remote_addr":"103.89.233.254"}
Jul 17 10:11:19 vithsutra kiosk-server[2006197]: {"time":"2026-07-17T10:11:19.809168803Z","level":"INFO","msg":"request","method":"OPTIONS","path":"/files/upload/init","status":204,"bytes":0,"duration_ms":0,"request_id":"vithsutra/yJhBRTSzdo-005016","remote_addr":"2401:4900:91c9:242f:c073:6ec4:401f:88d4"}
Jul 17 10:11:20 vithsutra kiosk-server[2006197]: {"time":"2026-07-17T10:11:20.008247266Z","level":"INFO","msg":"USERID","userId:":"86dafe38-9bc9-4e13-ac9c-2f894b0025e8"}
Jul 17 10:11:20 vithsutra kiosk-server[2006197]: {"time":"2026-07-17T10:11:20.008291792Z","level":"INFO","msg":"USEREMAIL","userEmail:":"vithuljain75@gmail.com"}
Jul 17 10:11:20 vithsutra kiosk-server[2006197]: {"time":"2026-07-17T10:11:20.008308871Z","level":"INFO","msg":"init upload started","user_id":"86dafe38-9bc9-4e13-ac9c-2f894b0025e8","file_count":1,"request_payload":{"files":[{"file_name":"IFM Presentation Pdf.pdf","content_type":"application/pdf"}]}}
Jul 17 10:11:20 vithsutra kiosk-server[2006197]: {"time":"2026-07-17T10:11:20.167441264Z","level":"INFO","msg":"upload session created","session_id":"876d9d36-84a5-4053-9df1-18c4042a1009","user_id":"86dafe38-9bc9-4e13-ac9c-2f894b0025e8","expires_at":"2026-07-24T10:11:20.060813936Z"}
Jul 17 10:11:20 vithsutra kiosk-server[2006197]: {"time":"2026-07-17T10:11:20.326471546Z","level":"INFO","msg":"init upload completed","session_id":"876d9d36-84a5-4053-9df1-18c4042a1009","user_id":"86dafe38-9bc9-4e13-ac9c-2f894b0025e8","file_count":1}
Jul 17 10:11:20 vithsutra kiosk-server[2006197]: {"time":"2026-07-17T10:11:20.326553312Z","level":"INFO","msg":"request","method":"POST","path":"/files/upload/init","status":201,"bytes":983,"duration_ms":318,"request_id":"vithsutra/yJhBRTSzdo-005017","remote_addr":"2401:4900:91c9:242f:c073:6ec4:401f:88d4"}
Jul 17 10:11:22 vithsutra kiosk-server[2006197]: {"time":"2026-07-17T10:11:22.80546088Z","level":"INFO","msg":"request","method":"OPTIONS","path":"/files/upload/confirm","status":204,"bytes":0,"duration_ms":0,"request_id":"vithsutra/yJhBRTSzdo-005018","remote_addr":"2401:4900:91c9:242f:c073:6ec4:401f:88d4"}
Jul 17 10:11:23 vithsutra kiosk-server[2006197]: {"time":"2026-07-17T10:11:23.005307082Z","level":"INFO","msg":"confirm upload started","session_id":"876d9d36-84a5-4053-9df1-18c4042a1009","file_count":1}
Jul 17 10:11:23 vithsutra kiosk-server[2006197]: {"time":"2026-07-17T10:11:23.057962204Z","level":"INFO","msg":"session validated for confirm","session_id":"876d9d36-84a5-4053-9df1-18c4042a1009","status":"created"}
Jul 17 10:11:23 vithsutra kiosk-server[2006197]: DEBUG HeadObject → bucket: aiet-printflow-upload-prod  key: uploads/staging/86dafe38-9bc9-4e13-ac9c-2f894b0025e8/876d9d36-84a5-4053-9df1-18c4042a1009/179a2588-bc7b-4aa3-850a-bf769d91b428.pdf
Jul 17 10:11:28 vithsutra kiosk-server[2006197]: {"time":"2026-07-17T10:11:28.387730869Z","level":"INFO","msg":"file price calculated","price":4,"sheets":4,"num_of_pages":4,"copies":1,"page_layout":1,"printing_mode":"monochromatic","printing_side":"single_side"}
Jul 17 10:11:28 vithsutra kiosk-server[2006197]: {"time":"2026-07-17T10:11:28.387782616Z","level":"INFO","msg":"Total done bebug","TotalAmount:":4,"TotalSheetes:":4}
Jul 17 10:11:28 vithsutra kiosk-server[2006197]: {"time":"2026-07-17T10:11:28.387796299Z","level":"INFO","msg":"Page Range bebugging","page_range:":["1-4"]}
Jul 17 10:11:28 vithsutra kiosk-server[2006197]: {"time":"2026-07-17T10:11:28.387810718Z","level":"INFO","msg":"file confirmed","session_id":"876d9d36-84a5-4053-9df1-18c4042a1009","file_id":"179a2588-bc7b-4aa3-850a-bf769d91b428","file_name":"IFM Presentation Pdf.pdf","sheets":4,"price":4}
Jul 17 10:11:28 vithsutra kiosk-server[2006197]: DEBUG: PageRange in UpdateFileWithPrintOptions: [1-4]
Jul 17 10:11:28 vithsutra kiosk-server[2006197]: {"time":"2026-07-17T10:11:28.705208068Z","level":"INFO","msg":"confirm upload completed","session_id":"876d9d36-84a5-4053-9df1-18c4042a1009","total_sheets":4,"total_amount":4}
Jul 17 10:11:28 vithsutra kiosk-server[2006197]: {"time":"2026-07-17T10:11:28.705333486Z","level":"INFO","msg":"request","method":"POST","path":"/files/upload/confirm","status":200,"bytes":358,"duration_ms":5700,"request_id":"vithsutra/yJhBRTSzdo-005019","remote_addr":"2401:4900:91c9:242f:c073:6ec4:401f:88d4"}
Jul 17 10:11:28 vithsutra kiosk-server[2006197]: {"time":"2026-07-17T10:11:28.907451126Z","level":"INFO","msg":"request","method":"OPTIONS","path":"/payments/create","status":204,"bytes":0,"duration_ms":0,"request_id":"vithsutra/yJhBRTSzdo-005020","remote_addr":"2401:4900:91c9:242f:c073:6ec4:401f:88d4"}
Jul 17 10:11:29 vithsutra kiosk-server[2006197]: {"time":"2026-07-17T10:11:29.09490265Z","level":"INFO","msg":"create payment order started","session_id":"876d9d36-84a5-4053-9df1-18c4042a1009","amount_paise_frontend":400}
Jul 17 10:11:34 vithsutra kiosk-server[2006197]: {"time":"2026-07-17T10:11:34.960970326Z","level":"INFO","msg":"razorpay order created","session_id":"876d9d36-84a5-4053-9df1-18c4042a1009","razorpay_order_id":"order_TEX3ha0c4EVf0d","amount_paise":400}
Jul 17 10:11:35 vithsutra kiosk-server[2006197]: {"time":"2026-07-17T10:11:35.06775867Z","level":"INFO","msg":"create payment order completed","session_id":"876d9d36-84a5-4053-9df1-18c4042a1009","payment_id":"d9ddd115-188f-4e6c-b228-ab76a4179dbc","razorpay_order_id":"order_TEX3ha0c4EVf0d"}
Jul 17 10:11:35 vithsutra kiosk-server[2006197]: {"time":"2026-07-17T10:11:35.067822124Z","level":"INFO","msg":"Amount:","Amount_paise":400}
Jul 17 10:11:35 vithsutra kiosk-server[2006197]: {"time":"2026-07-17T10:11:35.067962817Z","level":"INFO","msg":"request","method":"POST","path":"/payments/create","status":201,"bytes":232,"duration_ms":5973,"request_id":"vithsutra/yJhBRTSzdo-005021","remote_addr":"2401:4900:91c9:242f:c073:6ec4:401f:88d4"}
Jul 17 10:11:43 vithsutra kiosk-server[2006197]: {"time":"2026-07-17T10:11:43.17124146Z","level":"INFO","msg":"USERID","userId:":"69848409-3869-4ce7-8709-a00e40f59602"}
Jul 17 10:11:43 vithsutra kiosk-server[2006197]: {"time":"2026-07-17T10:11:43.171283525Z","level":"INFO","msg":"USEREMAIL","userEmail:":"4al24ba085@aiet.org.in"}
Jul 17 10:11:43 vithsutra kiosk-server[2006197]: {"time":"2026-07-17T10:11:43.171300379Z","level":"INFO","msg":"init upload started","user_id":"69848409-3869-4ce7-8709-a00e40f59602","file_count":3,"request_payload":{"files":[{"file_name":"ifm presentation report.pdf","content_type":"application/pdf"},{"file_name":"imf project report.pdf","content_type":"application/pdf"},{"file_name":"Declaration Prathiksha.pdf","content_type":"application/pdf"}]}}
Jul 17 10:11:43 vithsutra kiosk-server[2006197]: {"time":"2026-07-17T10:11:43.276907233Z","level":"INFO","msg":"upload session created","session_id":"f20a502b-6ec1-40a4-99f0-846c156430e2","user_id":"69848409-3869-4ce7-8709-a00e40f59602","expires_at":"2026-07-24T10:11:43.224186609Z"}
Jul 17 10:11:43 vithsutra kiosk-server[2006197]: {"time":"2026-07-17T10:11:43.489058618Z","level":"INFO","msg":"init upload completed","session_id":"f20a502b-6ec1-40a4-99f0-846c156430e2","user_id":"69848409-3869-4ce7-8709-a00e40f59602","file_count":3}
Jul 17 10:11:43 vithsutra kiosk-server[2006197]: {"time":"2026-07-17T10:11:43.48932325Z","level":"INFO","msg":"request","method":"POST","path":"/files/upload/init","status":201,"bytes":2610,"duration_ms":318,"request_id":"vithsutra/yJhBRTSzdo-005022","remote_addr":"2401:4900:c951:d3ed:2462:26ff:fe2f:d907"}
Jul 17 10:11:45 vithsutra kiosk-server[2006197]: {"time":"2026-07-17T10:11:45.009760868Z","level":"INFO","msg":"webhook received","event":"payment.captured"}
Jul 17 10:11:45 vithsutra kiosk-server[2006197]: {"time":"2026-07-17T10:11:45.009804731Z","level":"INFO","msg":"processing payment success","razorpay_order_id":"order_TEWreL5UgTqkQJ","razorpay_payment_id":"pay_TEWrrbAZZk7FDX"}
Jul 17 10:11:45 vithsutra kiosk-server[2006197]: {"time":"2026-07-17T10:11:45.54243807Z","level":"INFO","msg":"request","method":"OPTIONS","path":"/files/upload/confirm","status":204,"bytes":0,"duration_ms":0,"request_id":"vithsutra/yJhBRTSzdo-005024","remote_addr":"2401:4900:c951:d3ed:2462:26ff:fe2f:d907"}
Jul 17 10:11:45 vithsutra kiosk-server[2006197]: {"time":"2026-07-17T10:11:45.725583215Z","level":"INFO","msg":"confirm upload started","session_id":"f20a502b-6ec1-40a4-99f0-846c156430e2","file_count":3}
Jul 17 10:11:45 vithsutra kiosk-server[2006197]: {"time":"2026-07-17T10:11:45.778612557Z","level":"INFO","msg":"session validated for confirm","session_id":"f20a502b-6ec1-40a4-99f0-846c156430e2","status":"created"}
Jul 17 10:11:45 vithsutra kiosk-server[2006197]: DEBUG HeadObject → bucket: aiet-printflow-upload-prod  key: uploads/staging/69848409-3869-4ce7-8709-a00e40f59602/f20a502b-6ec1-40a4-99f0-846c156430e2/3ffaf592-1388-4a95-95b0-a24e6e36215c.pdf
Jul 17 10:11:49 vithsutra kiosk-server[2006197]: {"time":"2026-07-17T10:11:49.17798134Z","level":"ERROR","msg":"failed to promote file","session_id":"b48c6e04-5fd8-41d1-ab32-b631a14ecc82","file_id":"4b824022-0d62-4c1e-ae0d-db1bde1d6357","staging_key":"uploads/staging/ebbe6137-3966-4fb9-92bd-79ac60c0a6d3/b48c6e04-5fd8-41d1-ab32-b631a14ecc82/4b824022-0d62-4c1e-ae0d-db1bde1d6357.pdf","error":"failed to copy uploads/staging/ebbe6137-3966-4fb9-92bd-79ac60c0a6d3/b48c6e04-5fd8-41d1-ab32-b631a14ecc82/4b824022-0d62-4c1e-ae0d-db1bde1d6357.pdf → uploads/final/ebbe6137-3966-4fb9-92bd-79ac60c0a6d3/b48c6e04-5fd8-41d1-ab32-b631a14ecc82/4b824022-0d62-4c1e-ae0d-db1bde1d6357.pdf: operation error S3: CopyObject, https response error StatusCode: 403, RequestID: 8V7NPQ50720DS69K, HostID: FQ9wm5zUa1bpwBvXENuHSd2xY6CQe9foTxHig8/UqbAu34CraDfxxL/pEnlalxUThc/P1SyX5MM=, api error AccessDenied: User: arn:aws:iam::313060311878:user/printflow-backend is not authorized to perform: s3:ListBucket on resource: \"arn:aws:s3:::aiet-printflow-upload-prod\" because no identity-based policy allows the s3:ListBucket action"}
Jul 17 10:11:49 vithsutra kiosk-server[2006197]: {"time":"2026-07-17T10:11:49.178050112Z","level":"ERROR","msg":"failed to promote file Tax 2-1.pdf to final storage","code":"internal_error","cause":"failed to copy uploads/staging/ebbe6137-3966-4fb9-92bd-79ac60c0a6d3/b48c6e04-5fd8-41d1-ab32-b631a14ecc82/4b824022-0d62-4c1e-ae0d-db1bde1d6357.pdf → uploads/final/ebbe6137-3966-4fb9-92bd-79ac60c0a6d3/b48c6e04-5fd8-41d1-ab32-b631a14ecc82/4b824022-0d62-4c1e-ae0d-db1bde1d6357.pdf: operation error S3: CopyObject, https response error StatusCode: 403, RequestID: 8V7NPQ50720DS69K, HostID: FQ9wm5zUa1bpwBvXENuHSd2xY6CQe9foTxHig8/UqbAu34CraDfxxL/pEnlalxUThc/P1SyX5MM=, api error AccessDenied: User: arn:aws:iam::313060311878:user/printflow-backend is not authorized to perform: s3:ListBucket on resource: \"arn:aws:s3:::aiet-printflow-upload-prod\" because no identity-based policy allows the s3:ListBucket action"}
Jul 17 10:11:49 vithsutra kiosk-server[2006197]: {"time":"2026-07-17T10:11:49.178121893Z","level":"INFO","msg":"request","method":"POST","path":"/webhooks/razorpay","status":500,"bytes":100,"duration_ms":4168,"request_id":"vithsutra/yJhBRTSzdo-005023","remote_addr":"52.66.76.63"}
Jul 17 10:11:49 vithsutra kiosk-server[2006197]: {"time":"2026-07-17T10:11:49.220200241Z","level":"INFO","msg":"file price calculated","price":5,"sheets":3,"num_of_pages":5,"copies":1,"page_layout":1,"printing_mode":"monochromatic","printing_side":"double_side"}
Jul 17 10:11:49 vithsutra kiosk-server[2006197]: {"time":"2026-07-17T10:11:49.22026352Z","level":"INFO","msg":"Total done bebug","TotalAmount:":5,"TotalSheetes:":3}
Jul 17 10:11:49 vithsutra kiosk-server[2006197]: {"time":"2026-07-17T10:11:49.220286054Z","level":"INFO","msg":"Page Range bebugging","page_range:":["1-5"]}
Jul 17 10:11:49 vithsutra kiosk-server[2006197]: {"time":"2026-07-17T10:11:49.220309749Z","level":"INFO","msg":"file confirmed","session_id":"f20a502b-6ec1-40a4-99f0-846c156430e2","file_id":"3ffaf592-1388-4a95-95b0-a24e6e36215c","file_name":"ifm presentation report.pdf","sheets":3,"price":5}
Jul 17 10:11:49 vithsutra kiosk-server[2006197]: DEBUG HeadObject → bucket: aiet-printflow-upload-prod  key: uploads/staging/69848409-3869-4ce7-8709-a00e40f59602/f20a502b-6ec1-40a4-99f0-846c156430e2/2e7a997f-d08e-4077-b208-e15d7cce74f5.pdf
Jul 17 10:11:49 vithsutra kiosk-server[2006197]: {"time":"2026-07-17T10:11:49.307336039Z","level":"INFO","msg":"file price calculated","price":5,"sheets":3,"num_of_pages":5,"copies":1,"page_layout":1,"printing_mode":"monochromatic","printing_side":"double_side"}
Jul 17 10:11:49 vithsutra kiosk-server[2006197]: {"time":"2026-07-17T10:11:49.307380571Z","level":"INFO","msg":"Total done bebug","TotalAmount:":10,"TotalSheetes:":6}
Jul 17 10:11:49 vithsutra kiosk-server[2006197]: {"time":"2026-07-17T10:11:49.307394472Z","level":"INFO","msg":"Page Range bebugging","page_range:":["1-5"]}
Jul 17 10:11:49 vithsutra kiosk-server[2006197]: {"time":"2026-07-17T10:11:49.307409687Z","level":"INFO","msg":"file confirmed","session_id":"f20a502b-6ec1-40a4-99f0-846c156430e2","file_id":"2e7a997f-d08e-4077-b208-e15d7cce74f5","file_name":"imf project report.pdf","sheets":3,"price":5}
Jul 17 10:11:49 vithsutra kiosk-server[2006197]: DEBUG HeadObject → bucket: aiet-printflow-upload-prod  key: uploads/staging/69848409-3869-4ce7-8709-a00e40f59602/f20a502b-6ec1-40a4-99f0-846c156430e2/87984ce5-4866-40d4-a581-c8864dcd7c92.pdf
Jul 17 10:11:49 vithsutra kiosk-server[2006197]: {"time":"2026-07-17T10:11:49.393958142Z","level":"INFO","msg":"file price calculated","price":1,"sheets":1,"num_of_pages":1,"copies":1,"page_layout":1,"printing_mode":"monochromatic","printing_side":"single_side"}
Jul 17 10:11:49 vithsutra kiosk-server[2006197]: {"time":"2026-07-17T10:11:49.394014961Z","level":"INFO","msg":"Total done bebug","TotalAmount:":11,"TotalSheetes:":7}
Jul 17 10:11:49 vithsutra kiosk-server[2006197]: {"time":"2026-07-17T10:11:49.394034528Z","level":"INFO","msg":"Page Range bebugging","page_range:":["1"]}
Jul 17 10:11:49 vithsutra kiosk-server[2006197]: {"time":"2026-07-17T10:11:49.394053427Z","level":"INFO","msg":"file confirmed","session_id":"f20a502b-6ec1-40a4-99f0-846c156430e2","file_id":"87984ce5-4866-40d4-a581-c8864dcd7c92","file_name":"Declaration Prathiksha.pdf","sheets":1,"price":1}
Jul 17 10:11:49 vithsutra kiosk-server[2006197]: DEBUG: PageRange in UpdateFileWithPrintOptions: [1-5]
Jul 17 10:11:49 vithsutra kiosk-server[2006197]: DEBUG: PageRange in UpdateFileWithPrintOptions: [1-5]
Jul 17 10:11:49 vithsutra kiosk-server[2006197]: DEBUG: PageRange in UpdateFileWithPrintOptions: [1]
Jul 17 10:11:49 vithsutra kiosk-server[2006197]: {"time":"2026-07-17T10:11:49.710880954Z","level":"INFO","msg":"confirm upload completed","session_id":"f20a502b-6ec1-40a4-99f0-846c156430e2","total_sheets":7,"total_amount":11}
Jul 17 10:11:49 vithsutra kiosk-server[2006197]: {"time":"2026-07-17T10:11:49.711039177Z","level":"INFO","msg":"request","method":"POST","path":"/files/upload/confirm","status":200,"bytes":746,"duration_ms":3985,"request_id":"vithsutra/yJhBRTSzdo-005025","remote_addr":"2401:4900:c951:d3ed:2462:26ff:fe2f:d907"}
Jul 17 10:11:49 vithsutra kiosk-server[2006197]: {"time":"2026-07-17T10:11:49.901939724Z","level":"INFO","msg":"request","method":"OPTIONS","path":"/payments/create","status":204,"bytes":0,"duration_ms":0,"request_id":"vithsutra/yJhBRTSzdo-005026","remote_addr":"2401:4900:c951:d3ed:2462:26ff:fe2f:d907"}
Jul 17 10:11:50 vithsutra kiosk-server[2006197]: {"time":"2026-07-17T10:11:50.088500256Z","level":"INFO","msg":"create payment order started","session_id":"f20a502b-6ec1-40a4-99f0-846c156430e2","amount_paise_frontend":1100}
Jul 17 10:11:50 vithsutra kiosk-server[2006197]: {"time":"2026-07-17T10:11:50.233559935Z","level":"INFO","msg":"razorpay order created","session_id":"f20a502b-6ec1-40a4-99f0-846c156430e2","razorpay_order_id":"order_TEX3yG6o5ZNEJH","amount_paise":1100}
Jul 17 10:11:50 vithsutra kiosk-server[2006197]: {"time":"2026-07-17T10:11:50.287517274Z","level":"INFO","msg":"create payment order completed","session_id":"f20a502b-6ec1-40a4-99f0-846c156430e2","payment_id":"2576606e-df07-4193-b119-88f0a076b6b1","razorpay_order_id":"order_TEX3yG6o5ZNEJH"}
Jul 17 10:11:50 vithsutra kiosk-server[2006197]: {"time":"2026-07-17T10:11:50.287560051Z","level":"INFO","msg":"Amount:","Amount_paise":1100}
Jul 17 10:11:50 vithsutra kiosk-server[2006197]: {"time":"2026-07-17T10:11:50.287625858Z","level":"INFO","msg":"request","method":"POST","path":"/payments/create","status":201,"bytes":233,"duration_ms":199,"request_id":"vithsutra/yJhBRTSzdo-005027","remote_addr":"2401:4900:c951:d3ed:2462:26ff:fe2f:d907"}
Jul 17 10:11:58 vithsutra kiosk-server[2006197]: {"time":"2026-07-17T10:11:58.546182519Z","level":"INFO","msg":"webhook received","event":"payment.captured"}
Jul 17 10:11:58 vithsutra kiosk-server[2006197]: {"time":"2026-07-17T10:11:58.546230287Z","level":"INFO","msg":"processing payment success","razorpay_order_id":"order_TEX3ha0c4EVf0d","razorpay_payment_id":"pay_TEX3ubT53eRd40"}
Jul 17 10:11:58 vithsutra kiosk-server[2006197]: {"time":"2026-07-17T10:11:58.896197782Z","level":"INFO","msg":"file promoted","session_id":"876d9d36-84a5-4053-9df1-18c4042a1009","file_id":"179a2588-bc7b-4aa3-850a-bf769d91b428","final_key":"uploads/final/86dafe38-9bc9-4e13-ac9c-2f894b0025e8/876d9d36-84a5-4053-9df1-18c4042a1009/179a2588-bc7b-4aa3-850a-bf769d91b428.pdf"}
Jul 17 10:11:59 vithsutra kiosk-server[2006197]: {"time":"2026-07-17T10:11:59.324437606Z","level":"INFO","msg":"payment success committed","session_id":"876d9d36-84a5-4053-9df1-18c4042a1009","razorpay_order_id":"order_TEX3ha0c4EVf0d","razorpay_payment_id":"pay_TEX3ubT53eRd40","files_promoted":1}
Jul 17 10:11:59 vithsutra kiosk-server[2006197]: {"time":"2026-07-17T10:11:59.324514791Z","level":"INFO","msg":"request","method":"POST","path":"/webhooks/razorpay","status":200,"bytes":21,"duration_ms":778,"request_id":"vithsutra/yJhBRTSzdo-005028","remote_addr":"52.66.75.174"}
Jul 17 10:12:12 vithsutra kiosk-server[2006197]: {"time":"2026-07-17T10:12:12.128815293Z","level":"INFO","msg":"webhook received","event":"payment.captured"}
Jul 17 10:12:12 vithsutra kiosk-server[2006197]: {"time":"2026-07-17T10:12:12.128882256Z","level":"INFO","msg":"processing payment success","razorpay_order_id":"order_TEX3yG6o5ZNEJH","razorpay_payment_id":"pay_TEX43mF0VIVJG5"}
Jul 17 10:12:12 vithsutra kiosk-server[2006197]: {"time":"2026-07-17T10:12:12.253724945Z","level":"INFO","msg":"request","method":"OPTIONS","path":"/payments/status/876d9d36-84a5-4053-9df1-18c4042a1009","status":204,"bytes":0,"duration_ms":0,"request_id":"vithsutra/yJhBRTSzdo-005030","remote_addr":"2401:4900:91c9:242f:c073:6ec4:401f:88d4"}
Jul 17 10:12:12 vithsutra kiosk-server[2006197]: {"time":"2026-07-17T10:12:12.493828296Z","level":"INFO","msg":"file promoted","session_id":"f20a502b-6ec1-40a4-99f0-846c156430e2","file_id":"3ffaf592-1388-4a95-95b0-a24e6e36215c","final_key":"uploads/final/69848409-3869-4ce7-8709-a00e40f59602/f20a502b-6ec1-40a4-99f0-846c156430e2/3ffaf592-1388-4a95-95b0-a24e6e36215c.pdf"}
Jul 17 10:12:12 vithsutra kiosk-server[2006197]: {"time":"2026-07-17T10:12:12.6257295Z","level":"INFO","msg":"file promoted","session_id":"f20a502b-6ec1-40a4-99f0-846c156430e2","file_id":"2e7a997f-d08e-4077-b208-e15d7cce74f5","final_key":"uploads/final/69848409-3869-4ce7-8709-a00e40f59602/f20a502b-6ec1-40a4-99f0-846c156430e2/2e7a997f-d08e-4077-b208-e15d7cce74f5.pdf"}
Jul 17 10:12:12 vithsutra kiosk-server[2006197]: {"time":"2026-07-17T10:12:12.738040938Z","level":"INFO","msg":"file promoted","session_id":"f20a502b-6ec1-40a4-99f0-846c156430e2","file_id":"87984ce5-4866-40d4-a581-c8864dcd7c92","final_key":"uploads/final/69848409-3869-4ce7-8709-a00e40f59602/f20a502b-6ec1-40a4-99f0-846c156430e2/87984ce5-4866-40d4-a581-c8864dcd7c92.pdf"}
Jul 17 10:12:13 vithsutra kiosk-server[2006197]: {"time":"2026-07-17T10:12:13.105675751Z","level":"INFO","msg":"get job by session ID started","session_id":"876d9d36-84a5-4053-9df1-18c4042a1009"}
Jul 17 10:12:13 vithsutra kiosk-server[2006197]: {"time":"2026-07-17T10:12:13.107220816Z","level":"INFO","msg":"payment success committed","session_id":"f20a502b-6ec1-40a4-99f0-846c156430e2","razorpay_order_id":"order_TEX3yG6o5ZNEJH","razorpay_payment_id":"pay_TEX43mF0VIVJG5","files_promoted":3}
Jul 17 10:12:13 vithsutra kiosk-server[2006197]: {"time":"2026-07-17T10:12:13.107264244Z","level":"INFO","msg":"request","method":"POST","path":"/webhooks/razorpay","status":200,"bytes":21,"duration_ms":978,"request_id":"vithsutra/yJhBRTSzdo-005029","remote_addr":"52.66.76.63"}
Jul 17 10:12:13 vithsutra kiosk-server[2006197]: {"time":"2026-07-17T10:12:13.154479426Z","level":"INFO","msg":"Token Debugging","Token:":"282588"}
Jul 17 10:12:13 vithsutra kiosk-server[2006197]: {"time":"2026-07-17T10:12:13.253088132Z","level":"INFO","msg":"get job by session ID completed","session_id":"876d9d36-84a5-4053-9df1-18c4042a1009","file_count":1}
Jul 17 10:12:13 vithsutra kiosk-server[2006197]: {"time":"2026-07-17T10:12:13.253257013Z","level":"INFO","msg":"request","method":"GET","path":"/payments/status/876d9d36-84a5-4053-9df1-18c4042a1009","status":200,"bytes":693,"duration_ms":147,"request_id":"vithsutra/yJhBRTSzdo-005031","remote_addr":"2401:4900:91c9:242f:c073:6ec4:401f:88d4"}
Jul 17 10:12:20 vithsutra kiosk-server[2006197]: {"time":"2026-07-17T10:12:20.584919338Z","level":"INFO","msg":"request","method":"OPTIONS","path":"/payments/status/f20a502b-6ec1-40a4-99f0-846c156430e2","status":204,"bytes":0,"duration_ms":0,"request_id":"vithsutra/yJhBRTSzdo-005032","remote_addr":"2401:4900:c951:d3ed:2462:26ff:fe2f:d907"}
Jul 17 10:12:20 vithsutra kiosk-server[2006197]: {"time":"2026-07-17T10:12:20.833437764Z","level":"INFO","msg":"get job by session ID started","session_id":"f20a502b-6ec1-40a4-99f0-846c156430e2"}
Jul 17 10:12:20 vithsutra kiosk-server[2006197]: {"time":"2026-07-17T10:12:20.885115925Z","level":"INFO","msg":"Token Debugging","Token:":"667489"}
Jul 17 10:12:20 vithsutra kiosk-server[2006197]: {"time":"2026-07-17T10:12:20.936726352Z","level":"INFO","msg":"get job by session ID completed","session_id":"f20a502b-6ec1-40a4-99f0-846c156430e2","file_count":3}
Jul 17 10:12:20 vithsutra kiosk-server[2006197]: {"time":"2026-07-17T10:12:20.936941278Z","level":"INFO","msg":"request","method":"GET","path":"/payments/status/f20a502b-6ec1-40a4-99f0-846c156430e2","status":200,"bytes":1529,"duration_ms":103,"request_id":"vithsutra/yJhBRTSzdo-005033","remote_addr":"2401:4900:c951:d3ed:2462:26ff:fe2f:d907"}
Jul 17 10:12:31 vithsutra kiosk-server[2006197]: {"time":"2026-07-17T10:12:31.261320772Z","level":"INFO","msg":"get job by token started","token":282588}
Jul 17 10:12:31 vithsutra kiosk-server[2006197]: DEBUG PRESIGN GET URL: https://aiet-printflow-upload-prod.s3.ap-south-1.amazonaws.com/uploads/final/86dafe38-9bc9-4e13-ac9c-2f894b0025e8/876d9d36-84a5-4053-9df1-18c4042a1009/179a2588-bc7b-4aa3-850a-bf769d91b428.pdf?X-Amz-Algorithm=AWS4-HMAC-SHA256&X-Amz-Checksum-Mode=ENABLED&X-Amz-Credential=AKIAURY6ZINDKCABHGV3%2F20260717%2Fap-south-1%2Fs3%2Faws4_request&X-Amz-Date=20260717T101231Z&X-Amz-Expires=900&X-Amz-SignedHeaders=host&x-id=GetObject&X-Amz-Signature=dddbc182658cd1c876c17da5f9cfa0b2b70de467f09ed03b426b39a93a0ee86c
Jul 17 10:12:31 vithsutra kiosk-server[2006197]: {"time":"2026-07-17T10:12:31.411986372Z","level":"INFO","msg":"final_Key_Bebugging","final_key:":"uploads/final/86dafe38-9bc9-4e13-ac9c-2f894b0025e8/876d9d36-84a5-4053-9df1-18c4042a1009/179a2588-bc7b-4aa3-850a-bf769d91b428.pdf"}
Jul 17 10:12:31 vithsutra kiosk-server[2006197]: {"time":"2026-07-17T10:12:31.412013076Z","level":"INFO","msg":"get job by token completed","token":282588,"session_id":"876d9d36-84a5-4053-9df1-18c4042a1009","file_count":1}
Jul 17 10:12:31 vithsutra kiosk-server[2006197]: {"time":"2026-07-17T10:12:31.412092222Z","level":"INFO","msg":"request","method":"POST","path":"/print/jobs/token","status":200,"bytes":959,"duration_ms":150,"request_id":"vithsutra/yJhBRTSzdo-005034","remote_addr":"103.89.233.254"}
Jul 17 10:13:13 vithsutra kiosk-server[2006197]: {"time":"2026-07-17T10:13:13.506880018Z","level":"INFO","msg":"expire session after printing started","session_id":"876d9d36-84a5-4053-9df1-18c4042a1009"}
Jul 17 10:13:13 vithsutra kiosk-server[2006197]: {"time":"2026-07-17T10:13:13.605277231Z","level":"INFO","msg":"session marked completed","session_id":"876d9d36-84a5-4053-9df1-18c4042a1009"}
Jul 17 10:13:13 vithsutra kiosk-server[2006197]: {"time":"2026-07-17T10:13:13.655368603Z","level":"WARN","msg":"no completed file found for session 876d9d36-84a5-4053-9df1-18c4042a1009","code":"no_completed_file"}
Jul 17 10:13:13 vithsutra kiosk-server[2006197]: {"time":"2026-07-17T10:13:13.655570283Z","level":"INFO","msg":"request","method":"POST","path":"/print/jobs/expire","status":404,"bytes":124,"duration_ms":148,"request_id":"vithsutra/yJhBRTSzdo-005035","remote_addr":"103.89.233.254"}
Jul 17 10:13:25 vithsutra kiosk-server[2006197]: {"time":"2026-07-17T10:13:25.21076268Z","level":"INFO","msg":"get job by token started","token":667489}
Jul 17 10:13:25 vithsutra kiosk-server[2006197]: DEBUG PRESIGN GET URL: https://aiet-printflow-upload-prod.s3.ap-south-1.amazonaws.com/uploads/final/69848409-3869-4ce7-8709-a00e40f59602/f20a502b-6ec1-40a4-99f0-846c156430e2/3ffaf592-1388-4a95-95b0-a24e6e36215c.pdf?X-Amz-Algorithm=AWS4-HMAC-SHA256&X-Amz-Checksum-Mode=ENABLED&X-Amz-Credential=AKIAURY6ZINDKCABHGV3%2F20260717%2Fap-south-1%2Fs3%2Faws4_request&X-Amz-Date=20260717T101325Z&X-Amz-Expires=900&X-Amz-SignedHeaders=host&x-id=GetObject&X-Amz-Signature=71254d42e28a126f5ee16829dc470f0418da2b6f1ba90d38a74afc1f8262accf
Jul 17 10:13:25 vithsutra kiosk-server[2006197]: {"time":"2026-07-17T10:13:25.310592987Z","level":"INFO","msg":"final_Key_Bebugging","final_key:":"uploads/final/69848409-3869-4ce7-8709-a00e40f59602/f20a502b-6ec1-40a4-99f0-846c156430e2/3ffaf592-1388-4a95-95b0-a24e6e36215c.pdf"}
Jul 17 10:13:25 vithsutra kiosk-server[2006197]: DEBUG PRESIGN GET URL: https://aiet-printflow-upload-prod.s3.ap-south-1.amazonaws.com/uploads/final/69848409-3869-4ce7-8709-a00e40f59602/f20a502b-6ec1-40a4-99f0-846c156430e2/2e7a997f-d08e-4077-b208-e15d7cce74f5.pdf?X-Amz-Algorithm=AWS4-HMAC-SHA256&X-Amz-Checksum-Mode=ENABLED&X-Amz-Credential=AKIAURY6ZINDKCABHGV3%2F20260717%2Fap-south-1%2Fs3%2Faws4_request&X-Amz-Date=20260717T101325Z&X-Amz-Expires=900&X-Amz-SignedHeaders=host&x-id=GetObject&X-Amz-Signature=d4e902a5cf65cce8fdcee4aa33fc44426346786eaba98df9f1eca67980dd331d
Jul 17 10:13:25 vithsutra kiosk-server[2006197]: {"time":"2026-07-17T10:13:25.310941356Z","level":"INFO","msg":"final_Key_Bebugging","final_key:":"uploads/final/69848409-3869-4ce7-8709-a00e40f59602/f20a502b-6ec1-40a4-99f0-846c156430e2/2e7a997f-d08e-4077-b208-e15d7cce74f5.pdf"}
Jul 17 10:13:25 vithsutra kiosk-server[2006197]: DEBUG PRESIGN GET URL: https://aiet-printflow-upload-prod.s3.ap-south-1.amazonaws.com/uploads/final/69848409-3869-4ce7-8709-a00e40f59602/f20a502b-6ec1-40a4-99f0-846c156430e2/87984ce5-4866-40d4-a581-c8864dcd7c92.pdf?X-Amz-Algorithm=AWS4-HMAC-SHA256&X-Amz-Checksum-Mode=ENABLED&X-Amz-Credential=AKIAURY6ZINDKCABHGV3%2F20260717%2Fap-south-1%2Fs3%2Faws4_request&X-Amz-Date=20260717T101325Z&X-Amz-Expires=900&X-Amz-SignedHeaders=host&x-id=GetObject&X-Amz-Signature=9ad0931d0fc49c5d65d8bbdf93144e861f1dd546d7ad90e3427199805ff49d8b
Jul 17 10:13:25 vithsutra kiosk-server[2006197]: {"time":"2026-07-17T10:13:25.311328735Z","level":"INFO","msg":"final_Key_Bebugging","final_key:":"uploads/final/69848409-3869-4ce7-8709-a00e40f59602/f20a502b-6ec1-40a4-99f0-846c156430e2/87984ce5-4866-40d4-a581-c8864dcd7c92.pdf"}
Jul 17 10:13:25 vithsutra kiosk-server[2006197]: {"time":"2026-07-17T10:13:25.311351201Z","level":"INFO","msg":"get job by token completed","token":667489,"session_id":"f20a502b-6ec1-40a4-99f0-846c156430e2","file_count":3}
Jul 17 10:13:25 vithsutra kiosk-server[2006197]: {"time":"2026-07-17T10:13:25.311475459Z","level":"INFO","msg":"request","method":"POST","path":"/print/jobs/token","status":200,"bytes":2509,"duration_ms":100,"request_id":"vithsutra/yJhBRTSzdo-005036","remote_addr":"103.89.233.254"}
Jul 17 10:14:58 vithsutra kiosk-server[2006197]: {"time":"2026-07-17T10:14:58.685760827Z","level":"INFO","msg":"expire session after printing started","session_id":"f20a502b-6ec1-40a4-99f0-846c156430e2"}
Jul 17 10:14:58 vithsutra kiosk-server[2006197]: {"time":"2026-07-17T10:14:58.785820065Z","level":"INFO","msg":"session marked completed","session_id":"f20a502b-6ec1-40a4-99f0-846c156430e2"}
Jul 17 10:14:58 vithsutra kiosk-server[2006197]: {"time":"2026-07-17T10:14:58.83615447Z","level":"WARN","msg":"no completed file found for session f20a502b-6ec1-40a4-99f0-846c156430e2","code":"no_completed_file"}
Jul 17 10:14:58 vithsutra kiosk-server[2006197]: {"time":"2026-07-17T10:14:58.836276734Z","level":"INFO","msg":"request","method":"POST","path":"/print/jobs/expire","status":404,"bytes":124,"duration_ms":150,"request_id":"vithsutra/yJhBRTSzdo-005037","remote_addr":"103.89.233.254"}
Jul 17 10:15:31 vithsutra kiosk-server[2006197]: {"time":"2026-07-17T10:15:31.34443655Z","level":"INFO","msg":"expire session after printing started","session_id":"f20a502b-6ec1-40a4-99f0-846c156430e2"}
Jul 17 10:15:31 vithsutra kiosk-server[2006197]: {"time":"2026-07-17T10:15:31.394884196Z","level":"WARN","msg":"this session has already been completed","code":"session_already_completed"}
Jul 17 10:15:31 vithsutra kiosk-server[2006197]: {"time":"2026-07-17T10:15:31.394967638Z","level":"INFO","msg":"request","method":"POST","path":"/print/jobs/expire","status":400,"bytes":99,"duration_ms":50,"request_id":"vithsutra/yJhBRTSzdo-005038","remote_addr":"103.89.233.254"}
Jul 17 10:15:41 vithsutra kiosk-server[2006197]: {"time":"2026-07-17T10:15:41.398961169Z","level":"INFO","msg":"expire session after printing started","session_id":"f20a502b-6ec1-40a4-99f0-846c156430e2"}
Jul 17 10:15:41 vithsutra kiosk-server[2006197]: {"time":"2026-07-17T10:15:41.449197771Z","level":"WARN","msg":"this session has already been completed","code":"session_already_completed"}
Jul 17 10:15:41 vithsutra kiosk-server[2006197]: {"time":"2026-07-17T10:15:41.449624454Z","level":"INFO","msg":"request","method":"POST","path":"/print/jobs/expire","status":400,"bytes":99,"duration_ms":51,"request_id":"vithsutra/yJhBRTSzdo-005039","remote_addr":"103.89.233.254"}
Jul 17 10:17:24 vithsutra kiosk-server[2006197]: {"time":"2026-07-17T10:17:24.786411587Z","level":"INFO","msg":"request","method":"OPTIONS","path":"/auth/google","status":204,"bytes":0,"duration_ms":0,"request_id":"vithsutra/yJhBRTSzdo-005040","remote_addr":"103.89.233.254"}
Jul 17 10:17:24 vithsutra kiosk-server[2006197]: {"time":"2026-07-17T10:17:24.856477678Z","level":"INFO","msg":"google auth started"}
Jul 17 10:17:24 vithsutra kiosk-server[2006197]: {"time":"2026-07-17T10:17:24.984690621Z","level":"INFO","msg":"google token verified","google_id":"115520917164442923865","email":"abhireddys8431@gmail.com"}
Jul 17 10:17:34 vithsutra kiosk-server[2006197]: {"time":"2026-07-17T10:17:34.856990185Z","level":"ERROR","msg":"failed to fetch user","code":"internal_error","cause":"repository.GetByGoogleID: failed to connect to `host=dpg-d81iav8g4nts739ho6hg-a.singapore-postgres.render.com user=printpoint database=kiosk_db_75zc`: dial error (timeout: dial tcp 13.214.97.86:5432: i/o timeout)"}
Jul 17 10:17:34 vithsutra kiosk-server[2006197]: {"time":"2026-07-17T10:17:34.857097543Z","level":"INFO","msg":"request","method":"POST","path":"/auth/google","status":500,"bytes":69,"duration_ms":10000,"request_id":"vithsutra/yJhBRTSzdo-005041","remote_addr":"103.89.233.254"}
Jul 17 10:17:40 vithsutra kiosk-server[2006197]: {"time":"2026-07-17T10:17:40.812184064Z","level":"INFO","msg":"google auth started"}
Jul 17 10:17:40 vithsutra kiosk-server[2006197]: {"time":"2026-07-17T10:17:40.812507867Z","level":"INFO","msg":"google token verified","google_id":"115520917164442923865","email":"abhireddys8431@gmail.com"}
Jul 17 10:17:50 vithsutra kiosk-server[2006197]: {"time":"2026-07-17T10:17:50.817404929Z","level":"ERROR","msg":"failed to fetch user","code":"internal_error","cause":"repository.GetByGoogleID: failed to connect to `host=dpg-d81iav8g4nts739ho6hg-a.singapore-postgres.render.com user=printpoint database=kiosk_db_75zc`: hostname resolving error (lookup dpg-d81iav8g4nts739ho6hg-a.singapore-postgres.render.com on 127.0.0.53:53: read udp 127.0.0.1:51523->127.0.0.53:53: i/o timeout)"}
Jul 17 10:17:50 vithsutra kiosk-server[2006197]: {"time":"2026-07-17T10:17:50.817515479Z","level":"INFO","msg":"request","method":"POST","path":"/auth/google","status":500,"bytes":69,"duration_ms":10005,"request_id":"vithsutra/yJhBRTSzdo-005042","remote_addr":"103.89.233.254"}
Jul 17 10:17:59 vithsutra kiosk-server[2006197]: {"time":"2026-07-17T10:17:59.067279312Z","level":"INFO","msg":"google auth started"}
Jul 17 10:17:59 vithsutra kiosk-server[2006197]: {"time":"2026-07-17T10:17:59.06754341Z","level":"INFO","msg":"google token verified","google_id":"115520917164442923865","email":"abhireddys8431@gmail.com"}
Jul 17 10:18:02 vithsutra kiosk-server[2006197]: {"time":"2026-07-17T10:18:02.49710163Z","level":"INFO","msg":"returning user authenticated","user_id":"336be210-755b-42c6-9390-35033eb1a55e","email":"abhireddys8431@gmail.com"}
Jul 17 10:18:02 vithsutra kiosk-server[2006197]: {"time":"2026-07-17T10:18:02.497205Z","level":"INFO","msg":"google auth completed","user_id":"336be210-755b-42c6-9390-35033eb1a55e","email":"abhireddys8431@gmail.com"}
Jul 17 10:18:02 vithsutra kiosk-server[2006197]: {"time":"2026-07-17T10:18:02.497268423Z","level":"INFO","msg":"request","method":"POST","path":"/auth/google","status":200,"bytes":460,"duration_ms":3430,"request_id":"vithsutra/yJhBRTSzdo-005043","remote_addr":"103.89.233.254"}
Jul 17 10:18:25 vithsutra kiosk-server[2006197]: {"time":"2026-07-17T10:18:25.73287042Z","level":"INFO","msg":"request","method":"OPTIONS","path":"/files/upload/init","status":204,"bytes":0,"duration_ms":0,"request_id":"vithsutra/yJhBRTSzdo-005044","remote_addr":"103.89.233.254"}
Jul 17 10:18:25 vithsutra kiosk-server[2006197]: {"time":"2026-07-17T10:18:25.875896454Z","level":"INFO","msg":"USERID","userId:":"336be210-755b-42c6-9390-35033eb1a55e"}
Jul 17 10:18:25 vithsutra kiosk-server[2006197]: {"time":"2026-07-17T10:18:25.87594041Z","level":"INFO","msg":"USEREMAIL","userEmail:":"abhireddys8431@gmail.com"}
Jul 17 10:18:25 vithsutra kiosk-server[2006197]: {"time":"2026-07-17T10:18:25.875957593Z","level":"INFO","msg":"init upload started","user_id":"336be210-755b-42c6-9390-35033eb1a55e","file_count":1,"request_payload":{"files":[{"file_name":"abhinandancv.pdf","content_type":"application/pdf"}]}}
Jul 17 10:18:26 vithsutra kiosk-server[2006197]: {"time":"2026-07-17T10:18:26.03302866Z","level":"INFO","msg":"upload session created","session_id":"36234681-be50-4e43-9071-0515bf4542c3","user_id":"336be210-755b-42c6-9390-35033eb1a55e","expires_at":"2026-07-24T10:18:25.928043005Z"}
Jul 17 10:18:26 vithsutra kiosk-server[2006197]: {"time":"2026-07-17T10:18:26.187913361Z","level":"INFO","msg":"init upload completed","session_id":"36234681-be50-4e43-9071-0515bf4542c3","user_id":"336be210-755b-42c6-9390-35033eb1a55e","file_count":1}
Jul 17 10:18:26 vithsutra kiosk-server[2006197]: {"time":"2026-07-17T10:18:26.188019972Z","level":"INFO","msg":"request","method":"POST","path":"/files/upload/init","status":201,"bytes":975,"duration_ms":312,"request_id":"vithsutra/yJhBRTSzdo-005045","remote_addr":"103.89.233.254"}
Jul 17 10:18:27 vithsutra kiosk-server[2006197]: {"time":"2026-07-17T10:18:27.180423091Z","level":"INFO","msg":"request","method":"OPTIONS","path":"/files/upload/confirm","status":204,"bytes":0,"duration_ms":0,"request_id":"vithsutra/yJhBRTSzdo-005046","remote_addr":"103.89.233.254"}
Jul 17 10:18:27 vithsutra kiosk-server[2006197]: {"time":"2026-07-17T10:18:27.255898435Z","level":"INFO","msg":"confirm upload started","session_id":"36234681-be50-4e43-9071-0515bf4542c3","file_count":1}
Jul 17 10:18:27 vithsutra kiosk-server[2006197]: {"time":"2026-07-17T10:18:27.35901269Z","level":"INFO","msg":"session validated for confirm","session_id":"36234681-be50-4e43-9071-0515bf4542c3","status":"created"}
Jul 17 10:18:27 vithsutra kiosk-server[2006197]: DEBUG HeadObject → bucket: aiet-printflow-upload-prod  key: uploads/staging/336be210-755b-42c6-9390-35033eb1a55e/36234681-be50-4e43-9071-0515bf4542c3/d78d9f6d-a854-460c-a318-511db439c9a7.pdf
Jul 17 10:18:38 vithsutra kiosk-server[2006197]: {"time":"2026-07-17T10:18:38.976677106Z","level":"INFO","msg":"file price calculated","price":1,"sheets":1,"num_of_pages":1,"copies":1,"page_layout":1,"printing_mode":"monochromatic","printing_side":"single_side"}
Jul 17 10:18:38 vithsutra kiosk-server[2006197]: {"time":"2026-07-17T10:18:38.976738276Z","level":"INFO","msg":"Total done bebug","TotalAmount:":1,"TotalSheetes:":1}
Jul 17 10:18:38 vithsutra kiosk-server[2006197]: {"time":"2026-07-17T10:18:38.976757403Z","level":"INFO","msg":"Page Range bebugging","page_range:":["1"]}
Jul 17 10:18:38 vithsutra kiosk-server[2006197]: {"time":"2026-07-17T10:18:38.976778288Z","level":"INFO","msg":"file confirmed","session_id":"36234681-be50-4e43-9071-0515bf4542c3","file_id":"d78d9f6d-a854-460c-a318-511db439c9a7","file_name":"abhinandancv.pdf","sheets":1,"price":1}
Jul 17 10:18:39 vithsutra kiosk-server[2006197]: DEBUG: PageRange in UpdateFileWithPrintOptions: [1]
Jul 17 10:18:39 vithsutra kiosk-server[2006197]: {"time":"2026-07-17T10:18:39.287371449Z","level":"INFO","msg":"confirm upload completed","session_id":"36234681-be50-4e43-9071-0515bf4542c3","total_sheets":1,"total_amount":1}
Jul 17 10:18:39 vithsutra kiosk-server[2006197]: {"time":"2026-07-17T10:18:39.28750092Z","level":"INFO","msg":"request","method":"POST","path":"/files/upload/confirm","status":200,"bytes":350,"duration_ms":12031,"request_id":"vithsutra/yJhBRTSzdo-005047","remote_addr":"103.89.233.254"}
Jul 17 10:18:39 vithsutra kiosk-server[2006197]: {"time":"2026-07-17T10:18:39.479866974Z","level":"INFO","msg":"request","method":"OPTIONS","path":"/payments/create","status":204,"bytes":0,"duration_ms":0,"request_id":"vithsutra/yJhBRTSzdo-005048","remote_addr":"103.89.233.254"}
Jul 17 10:18:39 vithsutra kiosk-server[2006197]: {"time":"2026-07-17T10:18:39.546209342Z","level":"INFO","msg":"create payment order started","session_id":"36234681-be50-4e43-9071-0515bf4542c3","amount_paise_frontend":100}
Jul 17 10:18:54 vithsutra kiosk-server[2006197]: {"time":"2026-07-17T10:18:54.769033967Z","level":"INFO","msg":"razorpay order created","session_id":"36234681-be50-4e43-9071-0515bf4542c3","razorpay_order_id":"order_TEXBRf3mSl1yLk","amount_paise":100}
Jul 17 10:18:54 vithsutra kiosk-server[2006197]: {"time":"2026-07-17T10:18:54.872545443Z","level":"INFO","msg":"create payment order completed","session_id":"36234681-be50-4e43-9071-0515bf4542c3","payment_id":"98e8054c-95bf-466f-bd24-7b0e58d7d670","razorpay_order_id":"order_TEXBRf3mSl1yLk"}
Jul 17 10:18:54 vithsutra kiosk-server[2006197]: {"time":"2026-07-17T10:18:54.872587448Z","level":"INFO","msg":"Amount:","Amount_paise":100}
Jul 17 10:18:54 vithsutra kiosk-server[2006197]: {"time":"2026-07-17T10:18:54.872669327Z","level":"INFO","msg":"request","method":"POST","path":"/payments/create","status":201,"bytes":232,"duration_ms":15326,"request_id":"vithsutra/yJhBRTSzdo-005049","remote_addr":"103.89.233.254"}
Jul 17 10:19:12 vithsutra kiosk-server[2006197]: {"time":"2026-07-17T10:19:12.163907238Z","level":"INFO","msg":"get job by token started","token":666666}
Jul 17 10:19:12 vithsutra kiosk-server[2006197]: {"time":"2026-07-17T10:19:12.270099871Z","level":"WARN","msg":"the token you entered is invalid","code":"invalid_token"}
Jul 17 10:19:12 vithsutra kiosk-server[2006197]: {"time":"2026-07-17T10:19:12.270214849Z","level":"INFO","msg":"request","method":"POST","path":"/print/jobs/token","status":404,"bytes":80,"duration_ms":106,"request_id":"vithsutra/yJhBRTSzdo-005050","remote_addr":"103.89.233.254"}
Jul 17 10:19:12 vithsutra kiosk-server[2006197]: {"time":"2026-07-17T10:19:12.630215348Z","level":"INFO","msg":"webhook received","event":"payment.captured"}
Jul 17 10:19:12 vithsutra kiosk-server[2006197]: {"time":"2026-07-17T10:19:12.630259154Z","level":"INFO","msg":"processing payment success","razorpay_order_id":"order_TEXBRf3mSl1yLk","razorpay_payment_id":"pay_TEXBW70Ipdwcy5"}
Jul 17 10:19:17 vithsutra kiosk-server[2006197]: {"time":"2026-07-17T10:19:17.132993191Z","level":"ERROR","msg":"failed to promote file","session_id":"36234681-be50-4e43-9071-0515bf4542c3","file_id":"d78d9f6d-a854-460c-a318-511db439c9a7","staging_key":"uploads/staging/336be210-755b-42c6-9390-35033eb1a55e/36234681-be50-4e43-9071-0515bf4542c3/d78d9f6d-a854-460c-a318-511db439c9a7.pdf","error":"failed to copy uploads/staging/336be210-755b-42c6-9390-35033eb1a55e/36234681-be50-4e43-9071-0515bf4542c3/d78d9f6d-a854-460c-a318-511db439c9a7.pdf → uploads/final/336be210-755b-42c6-9390-35033eb1a55e/36234681-be50-4e43-9071-0515bf4542c3/d78d9f6d-a854-460c-a318-511db439c9a7.pdf: operation error S3: CopyObject, https response error StatusCode: 0, RequestID: , HostID: , canceled, context deadline exceeded"}
Jul 17 10:19:17 vithsutra kiosk-server[2006197]: {"time":"2026-07-17T10:19:17.133022899Z","level":"ERROR","msg":"failed to promote file abhinandancv.pdf to final storage","code":"internal_error","cause":"failed to copy uploads/staging/336be210-755b-42c6-9390-35033eb1a55e/36234681-be50-4e43-9071-0515bf4542c3/d78d9f6d-a854-460c-a318-511db439c9a7.pdf → uploads/final/336be210-755b-42c6-9390-35033eb1a55e/36234681-be50-4e43-9071-0515bf4542c3/d78d9f6d-a854-460c-a318-511db439c9a7.pdf: operation error S3: CopyObject, https response error StatusCode: 0, RequestID: , HostID: , canceled, context deadline exceeded"}
Jul 17 10:19:17 vithsutra kiosk-server[2006197]: {"time":"2026-07-17T10:19:17.133051442Z","level":"INFO","msg":"request","method":"POST","path":"/webhooks/razorpay","status":500,"bytes":105,"duration_ms":4503,"request_id":"vithsutra/yJhBRTSzdo-005051","remote_addr":"52.66.76.63"}
Jul 17 10:19:23 vithsutra kiosk-server[2006197]: {"time":"2026-07-17T10:19:23.896198553Z","level":"INFO","msg":"request","method":"OPTIONS","path":"/payments/status/36234681-be50-4e43-9071-0515bf4542c3","status":204,"bytes":0,"duration_ms":0,"request_id":"vithsutra/yJhBRTSzdo-005052","remote_addr":"103.89.233.254"}
Jul 17 10:19:23 vithsutra kiosk-server[2006197]: {"time":"2026-07-17T10:19:23.963868525Z","level":"INFO","msg":"get job by session ID started","session_id":"36234681-be50-4e43-9071-0515bf4542c3"}
Jul 17 10:19:24 vithsutra kiosk-server[2006197]: {"time":"2026-07-17T10:19:24.016242554Z","level":"INFO","msg":"Token Debugging","Token:":"844054"}
Jul 17 10:19:24 vithsutra kiosk-server[2006197]: {"time":"2026-07-17T10:19:24.069513395Z","level":"INFO","msg":"get job by session ID completed","session_id":"36234681-be50-4e43-9071-0515bf4542c3","file_count":1}
Jul 17 10:19:24 vithsutra kiosk-server[2006197]: {"time":"2026-07-17T10:19:24.069654613Z","level":"INFO","msg":"request","method":"GET","path":"/payments/status/36234681-be50-4e43-9071-0515bf4542c3","status":200,"bytes":686,"duration_ms":105,"request_id":"vithsutra/yJhBRTSzdo-005053","remote_addr":"103.89.233.254"}
Jul 17 10:19:24 vithsutra kiosk-server[2006197]: {"time":"2026-07-17T10:19:24.723183584Z","level":"INFO","msg":"webhook received","event":"payment.captured"}
Jul 17 10:19:24 vithsutra kiosk-server[2006197]: {"time":"2026-07-17T10:19:24.723229905Z","level":"INFO","msg":"processing payment success","razorpay_order_id":"order_TEXBRf3mSl1yLk","razorpay_payment_id":"pay_TEXBW70Ipdwcy5"}
Jul 17 10:19:25 vithsutra kiosk-server[2006197]: {"time":"2026-07-17T10:19:25.077145036Z","level":"INFO","msg":"file promoted","session_id":"36234681-be50-4e43-9071-0515bf4542c3","file_id":"d78d9f6d-a854-460c-a318-511db439c9a7","final_key":"uploads/final/336be210-755b-42c6-9390-35033eb1a55e/36234681-be50-4e43-9071-0515bf4542c3/d78d9f6d-a854-460c-a318-511db439c9a7.pdf"}
Jul 17 10:19:25 vithsutra kiosk-server[2006197]: {"time":"2026-07-17T10:19:25.494277297Z","level":"INFO","msg":"payment success committed","session_id":"36234681-be50-4e43-9071-0515bf4542c3","razorpay_order_id":"order_TEXBRf3mSl1yLk","razorpay_payment_id":"pay_TEXBW70Ipdwcy5","files_promoted":1}
Jul 17 10:19:25 vithsutra kiosk-server[2006197]: {"time":"2026-07-17T10:19:25.494384946Z","level":"INFO","msg":"request","method":"POST","path":"/webhooks/razorpay","status":200,"bytes":21,"duration_ms":771,"request_id":"vithsutra/yJhBRTSzdo-005054","remote_addr":"52.66.75.174"}
Jul 17 10:19:26 vithsutra kiosk-server[2006197]: {"time":"2026-07-17T10:19:26.230161414Z","level":"INFO","msg":"get job by session ID started","session_id":"36234681-be50-4e43-9071-0515bf4542c3"}
Jul 17 10:19:26 vithsutra kiosk-server[2006197]: {"time":"2026-07-17T10:19:26.28245736Z","level":"INFO","msg":"Token Debugging","Token:":"844054"}
Jul 17 10:19:26 vithsutra kiosk-server[2006197]: {"time":"2026-07-17T10:19:26.337612779Z","level":"INFO","msg":"get job by session ID completed","session_id":"36234681-be50-4e43-9071-0515bf4542c3","file_count":1}
Jul 17 10:19:26 vithsutra kiosk-server[2006197]: {"time":"2026-07-17T10:19:26.337767656Z","level":"INFO","msg":"request","method":"GET","path":"/payments/status/36234681-be50-4e43-9071-0515bf4542c3","status":200,"bytes":683,"duration_ms":107,"request_id":"vithsutra/yJhBRTSzdo-005055","remote_addr":"103.89.233.254"}
Jul 17 10:19:32 vithsutra kiosk-server[2006197]: {"time":"2026-07-17T10:19:32.725160788Z","level":"INFO","msg":"get job by token started","token":844054}
Jul 17 10:19:32 vithsutra kiosk-server[2006197]: DEBUG PRESIGN GET URL: https://aiet-printflow-upload-prod.s3.ap-south-1.amazonaws.com/uploads/final/336be210-755b-42c6-9390-35033eb1a55e/36234681-be50-4e43-9071-0515bf4542c3/d78d9f6d-a854-460c-a318-511db439c9a7.pdf?X-Amz-Algorithm=AWS4-HMAC-SHA256&X-Amz-Checksum-Mode=ENABLED&X-Amz-Credential=AKIAURY6ZINDKCABHGV3%2F20260717%2Fap-south-1%2Fs3%2Faws4_request&X-Amz-Date=20260717T101932Z&X-Amz-Expires=900&X-Amz-SignedHeaders=host&x-id=GetObject&X-Amz-Signature=8c67a9ee2061794623c9f2e625dfa30a597a253b879c495f81d0c515be5a3b48
Jul 17 10:19:32 vithsutra kiosk-server[2006197]: {"time":"2026-07-17T10:19:32.832718353Z","level":"INFO","msg":"final_Key_Bebugging","final_key:":"uploads/final/336be210-755b-42c6-9390-35033eb1a55e/36234681-be50-4e43-9071-0515bf4542c3/d78d9f6d-a854-460c-a318-511db439c9a7.pdf"}
Jul 17 10:19:32 vithsutra kiosk-server[2006197]: {"time":"2026-07-17T10:19:32.832750615Z","level":"INFO","msg":"get job by token completed","token":844054,"session_id":"36234681-be50-4e43-9071-0515bf4542c3","file_count":1}
Jul 17 10:19:32 vithsutra kiosk-server[2006197]: {"time":"2026-07-17T10:19:32.832879426Z","level":"INFO","msg":"request","method":"POST","path":"/print/jobs/token","status":200,"bytes":949,"duration_ms":107,"request_id":"vithsutra/yJhBRTSzdo-005056","remote_addr":"103.89.233.254"}
Jul 17 10:20:09 vithsutra kiosk-server[2006197]: {"time":"2026-07-17T10:20:09.316537931Z","level":"INFO","msg":"expire session after printing started","session_id":"36234681-be50-4e43-9071-0515bf4542c3"}
Jul 17 10:20:09 vithsutra kiosk-server[2006197]: {"time":"2026-07-17T10:20:09.471334942Z","level":"INFO","msg":"session marked completed","session_id":"36234681-be50-4e43-9071-0515bf4542c3"}
Jul 17 10:20:09 vithsutra kiosk-server[2006197]: {"time":"2026-07-17T10:20:09.575439322Z","level":"WARN","msg":"no completed file found for session 36234681-be50-4e43-9071-0515bf4542c3","code":"no_completed_file"}
Jul 17 10:20:09 vithsutra kiosk-server[2006197]: {"time":"2026-07-17T10:20:09.575573094Z","level":"INFO","msg":"request","method":"POST","path":"/print/jobs/expire","status":404,"bytes":124,"duration_ms":259,"request_id":"vithsutra/yJhBRTSzdo-005057","remote_addr":"103.89.233.254"}
Jul 17 10:22:31 vithsutra kiosk-server[2006197]: {"time":"2026-07-17T10:22:31.843500077Z","level":"INFO","msg":"webhook received","event":"payment.captured"}
Jul 17 10:22:31 vithsutra kiosk-server[2006197]: {"time":"2026-07-17T10:22:31.843540879Z","level":"INFO","msg":"processing payment success","razorpay_order_id":"order_TEWreL5UgTqkQJ","razorpay_payment_id":"pay_TEWrrbAZZk7FDX"}
Jul 17 10:22:36 vithsutra kiosk-server[2006197]: {"time":"2026-07-17T10:22:36.348016667Z","level":"ERROR","msg":"failed to fetch payment","code":"internal_error","cause":"repository.GetPaymentByOrderID: failed to connect to `host=dpg-d81iav8g4nts739ho6hg-a.singapore-postgres.render.com user=printpoint database=kiosk_db_75zc`: hostname resolving error (lookup dpg-d81iav8g4nts739ho6hg-a.singapore-postgres.render.com on 127.0.0.53:53: dial udp 127.0.0.53:53: i/o timeout)"}
Jul 17 10:22:36 vithsutra kiosk-server[2006197]: {"time":"2026-07-17T10:22:36.348113034Z","level":"INFO","msg":"request","method":"POST","path":"/webhooks/razorpay","status":500,"bytes":72,"duration_ms":4504,"request_id":"vithsutra/yJhBRTSzdo-005058","remote_addr":"52.66.75.174"}
Jul 17 10:39:14 vithsutra kiosk-server[2006197]: {"time":"2026-07-17T10:39:14.833971319Z","level":"INFO","msg":"request","method":"OPTIONS","path":"/files/upload/init","status":204,"bytes":0,"duration_ms":0,"request_id":"vithsutra/yJhBRTSzdo-005059","remote_addr":"2401:4900:91d3:b645:d2e6:8504:3ef3:9750"}
Jul 17 10:39:15 vithsutra kiosk-server[2006197]: {"time":"2026-07-17T10:39:15.078010817Z","level":"INFO","msg":"USERID","userId:":"e54ffc11-f67c-4277-9a25-4e5acbdd2cd3"}
Jul 17 10:39:15 vithsutra kiosk-server[2006197]: {"time":"2026-07-17T10:39:15.078050606Z","level":"INFO","msg":"USEREMAIL","userEmail:":"brofake123456789@gmail.com"}
Jul 17 10:39:15 vithsutra kiosk-server[2006197]: {"time":"2026-07-17T10:39:15.078064783Z","level":"INFO","msg":"init upload started","user_id":"e54ffc11-f67c-4277-9a25-4e5acbdd2cd3","file_count":1,"request_payload":{"files":[{"file_name":"1000382904.pdf","content_type":"application/pdf"}]}}
Jul 17 10:39:16 vithsutra kiosk-server[2006197]: {"time":"2026-07-17T10:39:16.16881988Z","level":"INFO","msg":"upload session created","session_id":"8718edeb-d96b-43dd-a0d6-eb7aa1f7d88d","user_id":"e54ffc11-f67c-4277-9a25-4e5acbdd2cd3","expires_at":"2026-07-24T10:39:16.065255471Z"}
Jul 17 10:39:16 vithsutra kiosk-server[2006197]: {"time":"2026-07-17T10:39:16.319722976Z","level":"INFO","msg":"init upload completed","session_id":"8718edeb-d96b-43dd-a0d6-eb7aa1f7d88d","user_id":"e54ffc11-f67c-4277-9a25-4e5acbdd2cd3","file_count":1}
Jul 17 10:39:16 vithsutra kiosk-server[2006197]: {"time":"2026-07-17T10:39:16.319945569Z","level":"INFO","msg":"request","method":"POST","path":"/files/upload/init","status":201,"bytes":973,"duration_ms":1242,"request_id":"vithsutra/yJhBRTSzdo-005060","remote_addr":"2401:4900:91d3:b645:d2e6:8504:3ef3:9750"}
Jul 17 10:39:18 vithsutra kiosk-server[2006197]: {"time":"2026-07-17T10:39:18.823029156Z","level":"INFO","msg":"request","method":"OPTIONS","path":"/files/upload/confirm","status":204,"bytes":0,"duration_ms":0,"request_id":"vithsutra/yJhBRTSzdo-005061","remote_addr":"2401:4900:91d3:b645:d2e6:8504:3ef3:9750"}
Jul 17 10:39:18 vithsutra kiosk-server[2006197]: {"time":"2026-07-17T10:39:18.996684086Z","level":"INFO","msg":"confirm upload started","session_id":"8718edeb-d96b-43dd-a0d6-eb7aa1f7d88d","file_count":1}
Jul 17 10:39:19 vithsutra kiosk-server[2006197]: {"time":"2026-07-17T10:39:19.096266574Z","level":"INFO","msg":"session validated for confirm","session_id":"8718edeb-d96b-43dd-a0d6-eb7aa1f7d88d","status":"created"}
Jul 17 10:39:19 vithsutra kiosk-server[2006197]: DEBUG HeadObject → bucket: aiet-printflow-upload-prod  key: uploads/staging/e54ffc11-f67c-4277-9a25-4e5acbdd2cd3/8718edeb-d96b-43dd-a0d6-eb7aa1f7d88d/775e13a7-02f4-4d8b-a7e1-6dc3e8fc1ce6.pdf
Jul 17 10:39:19 vithsutra kiosk-server[2006197]: {"time":"2026-07-17T10:39:19.612512113Z","level":"INFO","msg":"file price calculated","price":5,"sheets":1,"num_of_pages":1,"copies":1,"page_layout":1,"printing_mode":"color","printing_side":"single_side"}
Jul 17 10:39:19 vithsutra kiosk-server[2006197]: {"time":"2026-07-17T10:39:19.612580624Z","level":"INFO","msg":"Total done bebug","TotalAmount:":5,"TotalSheetes:":1}
Jul 17 10:39:19 vithsutra kiosk-server[2006197]: {"time":"2026-07-17T10:39:19.612602011Z","level":"INFO","msg":"Page Range bebugging","page_range:":["1"]}
Jul 17 10:39:19 vithsutra kiosk-server[2006197]: {"time":"2026-07-17T10:39:19.612624697Z","level":"INFO","msg":"file confirmed","session_id":"8718edeb-d96b-43dd-a0d6-eb7aa1f7d88d","file_id":"775e13a7-02f4-4d8b-a7e1-6dc3e8fc1ce6","file_name":"1000382904.pdf","sheets":1,"price":5}
Jul 17 10:39:19 vithsutra kiosk-server[2006197]: DEBUG: PageRange in UpdateFileWithPrintOptions: [1]
Jul 17 10:39:19 vithsutra kiosk-server[2006197]: {"time":"2026-07-17T10:39:19.914583921Z","level":"INFO","msg":"confirm upload completed","session_id":"8718edeb-d96b-43dd-a0d6-eb7aa1f7d88d","total_sheets":1,"total_amount":5}
Jul 17 10:39:19 vithsutra kiosk-server[2006197]: {"time":"2026-07-17T10:39:19.914703637Z","level":"INFO","msg":"request","method":"POST","path":"/files/upload/confirm","status":200,"bytes":348,"duration_ms":918,"request_id":"vithsutra/yJhBRTSzdo-005062","remote_addr":"2401:4900:91d3:b645:d2e6:8504:3ef3:9750"}
Jul 17 10:39:20 vithsutra kiosk-server[2006197]: {"time":"2026-07-17T10:39:20.093133845Z","level":"INFO","msg":"request","method":"OPTIONS","path":"/payments/create","status":204,"bytes":0,"duration_ms":0,"request_id":"vithsutra/yJhBRTSzdo-005063","remote_addr":"2401:4900:91d3:b645:d2e6:8504:3ef3:9750"}
Jul 17 10:39:20 vithsutra kiosk-server[2006197]: {"time":"2026-07-17T10:39:20.288739073Z","level":"INFO","msg":"create payment order started","session_id":"8718edeb-d96b-43dd-a0d6-eb7aa1f7d88d","amount_paise_frontend":500}
Jul 17 10:39:21 vithsutra kiosk-server[2006197]: {"time":"2026-07-17T10:39:21.004196265Z","level":"INFO","msg":"razorpay order created","session_id":"8718edeb-d96b-43dd-a0d6-eb7aa1f7d88d","razorpay_order_id":"order_TEXX2989Z78scN","amount_paise":500}
Jul 17 10:39:21 vithsutra kiosk-server[2006197]: {"time":"2026-07-17T10:39:21.104670622Z","level":"INFO","msg":"create payment order completed","session_id":"8718edeb-d96b-43dd-a0d6-eb7aa1f7d88d","payment_id":"5c40a7a8-f321-44be-916a-d9df95c4e7ee","razorpay_order_id":"order_TEXX2989Z78scN"}
Jul 17 10:39:21 vithsutra kiosk-server[2006197]: {"time":"2026-07-17T10:39:21.104712Z","level":"INFO","msg":"Amount:","Amount_paise":500}
Jul 17 10:39:21 vithsutra kiosk-server[2006197]: {"time":"2026-07-17T10:39:21.104783863Z","level":"INFO","msg":"request","method":"POST","path":"/payments/create","status":201,"bytes":232,"duration_ms":816,"request_id":"vithsutra/yJhBRTSzdo-005064","remote_addr":"2401:4900:91d3:b645:d2e6:8504:3ef3:9750"}
Jul 17 10:39:44 vithsutra kiosk-server[2006197]: {"time":"2026-07-17T10:39:44.956289144Z","level":"INFO","msg":"webhook received","event":"payment.captured"}
Jul 17 10:39:44 vithsutra kiosk-server[2006197]: {"time":"2026-07-17T10:39:44.956333986Z","level":"INFO","msg":"processing payment success","razorpay_order_id":"order_TEXX2989Z78scN","razorpay_payment_id":"pay_TEXX8oUvrMjIuj"}
Jul 17 10:39:45 vithsutra kiosk-server[2006197]: {"time":"2026-07-17T10:39:45.64370291Z","level":"INFO","msg":"file promoted","session_id":"8718edeb-d96b-43dd-a0d6-eb7aa1f7d88d","file_id":"775e13a7-02f4-4d8b-a7e1-6dc3e8fc1ce6","final_key":"uploads/final/e54ffc11-f67c-4277-9a25-4e5acbdd2cd3/8718edeb-d96b-43dd-a0d6-eb7aa1f7d88d/775e13a7-02f4-4d8b-a7e1-6dc3e8fc1ce6.pdf"}
Jul 17 10:39:46 vithsutra kiosk-server[2006197]: {"time":"2026-07-17T10:39:46.038946667Z","level":"INFO","msg":"payment success committed","session_id":"8718edeb-d96b-43dd-a0d6-eb7aa1f7d88d","razorpay_order_id":"order_TEXX2989Z78scN","razorpay_payment_id":"pay_TEXX8oUvrMjIuj","files_promoted":1}
Jul 17 10:39:46 vithsutra kiosk-server[2006197]: {"time":"2026-07-17T10:39:46.039000682Z","level":"INFO","msg":"request","method":"POST","path":"/webhooks/razorpay","status":200,"bytes":21,"duration_ms":1082,"request_id":"vithsutra/yJhBRTSzdo-005065","remote_addr":"52.66.75.174"}
Jul 17 10:39:53 vithsutra kiosk-server[2006197]: {"time":"2026-07-17T10:39:53.420805248Z","level":"INFO","msg":"request","method":"OPTIONS","path":"/payments/status/8718edeb-d96b-43dd-a0d6-eb7aa1f7d88d","status":204,"bytes":0,"duration_ms":0,"request_id":"vithsutra/yJhBRTSzdo-005066","remote_addr":"2401:4900:91d3:b645:d2e6:8504:3ef3:9750"}
Jul 17 10:39:53 vithsutra kiosk-server[2006197]: {"time":"2026-07-17T10:39:53.599870472Z","level":"INFO","msg":"get job by session ID started","session_id":"8718edeb-d96b-43dd-a0d6-eb7aa1f7d88d"}
Jul 17 10:39:53 vithsutra kiosk-server[2006197]: {"time":"2026-07-17T10:39:53.648687936Z","level":"INFO","msg":"Token Debugging","Token:":"447025"}
Jul 17 10:39:53 vithsutra kiosk-server[2006197]: {"time":"2026-07-17T10:39:53.698545282Z","level":"INFO","msg":"get job by session ID completed","session_id":"8718edeb-d96b-43dd-a0d6-eb7aa1f7d88d","file_count":1}
Jul 17 10:39:53 vithsutra kiosk-server[2006197]: {"time":"2026-07-17T10:39:53.698680977Z","level":"INFO","msg":"request","method":"GET","path":"/payments/status/8718edeb-d96b-43dd-a0d6-eb7aa1f7d88d","status":200,"bytes":673,"duration_ms":98,"request_id":"vithsutra/yJhBRTSzdo-005067","remote_addr":"2401:4900:91d3:b645:d2e6:8504:3ef3:9750"}
Jul 17 10:40:15 vithsutra kiosk-server[2006197]: {"time":"2026-07-17T10:40:15.215933773Z","level":"INFO","msg":"get job by token started","token":447025}
Jul 17 10:40:15 vithsutra kiosk-server[2006197]: DEBUG PRESIGN GET URL: https://aiet-printflow-upload-prod.s3.ap-south-1.amazonaws.com/uploads/final/e54ffc11-f67c-4277-9a25-4e5acbdd2cd3/8718edeb-d96b-43dd-a0d6-eb7aa1f7d88d/775e13a7-02f4-4d8b-a7e1-6dc3e8fc1ce6.pdf?X-Amz-Algorithm=AWS4-HMAC-SHA256&X-Amz-Checksum-Mode=ENABLED&X-Amz-Credential=AKIAURY6ZINDKCABHGV3%2F20260717%2Fap-south-1%2Fs3%2Faws4_request&X-Amz-Date=20260717T104015Z&X-Amz-Expires=900&X-Amz-SignedHeaders=host&x-id=GetObject&X-Amz-Signature=c65f108e0dd796bc81619b5ccce1823a97dfb31cd7ec97423787b2e28814166d
Jul 17 10:40:15 vithsutra kiosk-server[2006197]: {"time":"2026-07-17T10:40:15.368348694Z","level":"INFO","msg":"final_Key_Bebugging","final_key:":"uploads/final/e54ffc11-f67c-4277-9a25-4e5acbdd2cd3/8718edeb-d96b-43dd-a0d6-eb7aa1f7d88d/775e13a7-02f4-4d8b-a7e1-6dc3e8fc1ce6.pdf"}
Jul 17 10:40:15 vithsutra kiosk-server[2006197]: {"time":"2026-07-17T10:40:15.368376334Z","level":"INFO","msg":"get job by token completed","token":447025,"session_id":"8718edeb-d96b-43dd-a0d6-eb7aa1f7d88d","file_count":1}
Jul 17 10:40:15 vithsutra kiosk-server[2006197]: {"time":"2026-07-17T10:40:15.368462739Z","level":"INFO","msg":"request","method":"POST","path":"/print/jobs/token","status":200,"bytes":939,"duration_ms":152,"request_id":"vithsutra/yJhBRTSzdo-005068","remote_addr":"103.89.233.254"}
Jul 17 10:40:45 vithsutra kiosk-server[2006197]: {"time":"2026-07-17T10:40:45.988183972Z","level":"INFO","msg":"expire session after printing started","session_id":"8718edeb-d96b-43dd-a0d6-eb7aa1f7d88d"}
Jul 17 10:40:46 vithsutra kiosk-server[2006197]: {"time":"2026-07-17T10:40:46.138316906Z","level":"INFO","msg":"session marked completed","session_id":"8718edeb-d96b-43dd-a0d6-eb7aa1f7d88d"}
Jul 17 10:40:46 vithsutra kiosk-server[2006197]: {"time":"2026-07-17T10:40:46.237412814Z","level":"WARN","msg":"no completed file found for session 8718edeb-d96b-43dd-a0d6-eb7aa1f7d88d","code":"no_completed_file"}
Jul 17 10:40:46 vithsutra kiosk-server[2006197]: {"time":"2026-07-17T10:40:46.237500808Z","level":"INFO","msg":"request","method":"POST","path":"/print/jobs/expire","status":404,"bytes":124,"duration_ms":249,"request_id":"vithsutra/yJhBRTSzdo-005069","remote_addr":"103.89.233.254"}
Jul 17 10:41:13 vithsutra kiosk-server[2006197]: {"time":"2026-07-17T10:41:13.65410627Z","level":"INFO","msg":"USERID","userId:":"e54ffc11-f67c-4277-9a25-4e5acbdd2cd3"}
Jul 17 10:41:13 vithsutra kiosk-server[2006197]: {"time":"2026-07-17T10:41:13.654155702Z","level":"INFO","msg":"USEREMAIL","userEmail:":"brofake123456789@gmail.com"}
Jul 17 10:41:13 vithsutra kiosk-server[2006197]: {"time":"2026-07-17T10:41:13.65417429Z","level":"INFO","msg":"init upload started","user_id":"e54ffc11-f67c-4277-9a25-4e5acbdd2cd3","file_count":1,"request_payload":{"files":[{"file_name":"1000382904.pdf","content_type":"application/pdf"}]}}
Jul 17 10:41:13 vithsutra kiosk-server[2006197]: {"time":"2026-07-17T10:41:13.752419388Z","level":"INFO","msg":"upload session created","session_id":"fa41bd87-3175-47d3-9b12-64b692317958","user_id":"e54ffc11-f67c-4277-9a25-4e5acbdd2cd3","expires_at":"2026-07-24T10:41:13.703370516Z"}
Jul 17 10:41:13 vithsutra kiosk-server[2006197]: {"time":"2026-07-17T10:41:13.8550656Z","level":"INFO","msg":"init upload completed","session_id":"fa41bd87-3175-47d3-9b12-64b692317958","user_id":"e54ffc11-f67c-4277-9a25-4e5acbdd2cd3","file_count":1}
Jul 17 10:41:13 vithsutra kiosk-server[2006197]: {"time":"2026-07-17T10:41:13.855234836Z","level":"INFO","msg":"request","method":"POST","path":"/files/upload/init","status":201,"bytes":973,"duration_ms":201,"request_id":"vithsutra/yJhBRTSzdo-005070","remote_addr":"2401:4900:91d3:b645:d2e6:8504:3ef3:9750"}
Jul 17 10:41:15 vithsutra kiosk-server[2006197]: {"time":"2026-07-17T10:41:15.427392559Z","level":"INFO","msg":"confirm upload started","session_id":"fa41bd87-3175-47d3-9b12-64b692317958","file_count":1}
Jul 17 10:41:15 vithsutra kiosk-server[2006197]: {"time":"2026-07-17T10:41:15.476753171Z","level":"INFO","msg":"session validated for confirm","session_id":"fa41bd87-3175-47d3-9b12-64b692317958","status":"created"}
Jul 17 10:41:15 vithsutra kiosk-server[2006197]: DEBUG HeadObject → bucket: aiet-printflow-upload-prod  key: uploads/staging/e54ffc11-f67c-4277-9a25-4e5acbdd2cd3/fa41bd87-3175-47d3-9b12-64b692317958/9986d06e-5ec9-45d1-a746-874b6fd4e6da.pdf
Jul 17 10:41:15 vithsutra kiosk-server[2006197]: {"time":"2026-07-17T10:41:15.853395741Z","level":"INFO","msg":"file price calculated","price":5,"sheets":5,"num_of_pages":1,"copies":5,"page_layout":1,"printing_mode":"monochromatic","printing_side":"single_side"}
Jul 17 10:41:15 vithsutra kiosk-server[2006197]: {"time":"2026-07-17T10:41:15.853453365Z","level":"INFO","msg":"Total done bebug","TotalAmount:":5,"TotalSheetes:":5}
Jul 17 10:41:15 vithsutra kiosk-server[2006197]: {"time":"2026-07-17T10:41:15.853473394Z","level":"INFO","msg":"Page Range bebugging","page_range:":["1"]}
Jul 17 10:41:15 vithsutra kiosk-server[2006197]: {"time":"2026-07-17T10:41:15.853493503Z","level":"INFO","msg":"file confirmed","session_id":"fa41bd87-3175-47d3-9b12-64b692317958","file_id":"9986d06e-5ec9-45d1-a746-874b6fd4e6da","file_name":"1000382904.pdf","sheets":5,"price":5}
Jul 17 10:41:15 vithsutra kiosk-server[2006197]: DEBUG: PageRange in UpdateFileWithPrintOptions: [1]
Jul 17 10:41:16 vithsutra kiosk-server[2006197]: {"time":"2026-07-17T10:41:16.05049307Z","level":"INFO","msg":"confirm upload completed","session_id":"fa41bd87-3175-47d3-9b12-64b692317958","total_sheets":5,"total_amount":5}
Jul 17 10:41:16 vithsutra kiosk-server[2006197]: {"time":"2026-07-17T10:41:16.050685572Z","level":"INFO","msg":"request","method":"POST","path":"/files/upload/confirm","status":200,"bytes":348,"duration_ms":623,"request_id":"vithsutra/yJhBRTSzdo-005071","remote_addr":"2401:4900:91d3:b645:d2e6:8504:3ef3:9750"}
Jul 17 10:41:16 vithsutra kiosk-server[2006197]: {"time":"2026-07-17T10:41:16.219152609Z","level":"INFO","msg":"create payment order started","session_id":"fa41bd87-3175-47d3-9b12-64b692317958","amount_paise_frontend":500}
Jul 17 10:41:17 vithsutra kiosk-server[2006197]: {"time":"2026-07-17T10:41:17.00796276Z","level":"INFO","msg":"razorpay order created","session_id":"fa41bd87-3175-47d3-9b12-64b692317958","razorpay_order_id":"order_TEXZ4lcb51mocz","amount_paise":500}
Jul 17 10:41:17 vithsutra kiosk-server[2006197]: {"time":"2026-07-17T10:41:17.057734651Z","level":"INFO","msg":"create payment order completed","session_id":"fa41bd87-3175-47d3-9b12-64b692317958","payment_id":"de841183-73f9-468a-9fd5-6dd818dd6f06","razorpay_order_id":"order_TEXZ4lcb51mocz"}
Jul 17 10:41:17 vithsutra kiosk-server[2006197]: {"time":"2026-07-17T10:41:17.057758736Z","level":"INFO","msg":"Amount:","Amount_paise":500}
Jul 17 10:41:17 vithsutra kiosk-server[2006197]: {"time":"2026-07-17T10:41:17.057796261Z","level":"INFO","msg":"request","method":"POST","path":"/payments/create","status":201,"bytes":232,"duration_ms":838,"request_id":"vithsutra/yJhBRTSzdo-005072","remote_addr":"2401:4900:91d3:b645:d2e6:8504:3ef3:9750"}
Jul 17 10:41:37 vithsutra kiosk-server[2006197]: {"time":"2026-07-17T10:41:37.522617497Z","level":"INFO","msg":"webhook received","event":"payment.captured"}
Jul 17 10:41:37 vithsutra kiosk-server[2006197]: {"time":"2026-07-17T10:41:37.52265702Z","level":"INFO","msg":"processing payment success","razorpay_order_id":"order_TEXZ4lcb51mocz","razorpay_payment_id":"pay_TEXZ95Uw1tY26v"}
Jul 17 10:41:38 vithsutra kiosk-server[2006197]: {"time":"2026-07-17T10:41:38.067478967Z","level":"INFO","msg":"file promoted","session_id":"fa41bd87-3175-47d3-9b12-64b692317958","file_id":"9986d06e-5ec9-45d1-a746-874b6fd4e6da","final_key":"uploads/final/e54ffc11-f67c-4277-9a25-4e5acbdd2cd3/fa41bd87-3175-47d3-9b12-64b692317958/9986d06e-5ec9-45d1-a746-874b6fd4e6da.pdf"}
Jul 17 10:41:38 vithsutra kiosk-server[2006197]: {"time":"2026-07-17T10:41:38.31637618Z","level":"INFO","msg":"payment success committed","session_id":"fa41bd87-3175-47d3-9b12-64b692317958","razorpay_order_id":"order_TEXZ4lcb51mocz","razorpay_payment_id":"pay_TEXZ95Uw1tY26v","files_promoted":1}
Jul 17 10:41:38 vithsutra kiosk-server[2006197]: {"time":"2026-07-17T10:41:38.316432183Z","level":"INFO","msg":"request","method":"POST","path":"/webhooks/razorpay","status":200,"bytes":21,"duration_ms":793,"request_id":"vithsutra/yJhBRTSzdo-005073","remote_addr":"52.66.75.174"}
Jul 17 10:41:41 vithsutra kiosk-server[2006197]: {"time":"2026-07-17T10:41:41.941058944Z","level":"INFO","msg":"request","method":"OPTIONS","path":"/payments/status/fa41bd87-3175-47d3-9b12-64b692317958","status":204,"bytes":0,"duration_ms":0,"request_id":"vithsutra/yJhBRTSzdo-005074","remote_addr":"2401:4900:91d3:b645:d2e6:8504:3ef3:9750"}
Jul 17 10:41:42 vithsutra kiosk-server[2006197]: {"time":"2026-07-17T10:41:42.118515694Z","level":"INFO","msg":"get job by session ID started","session_id":"fa41bd87-3175-47d3-9b12-64b692317958"}
Jul 17 10:41:42 vithsutra kiosk-server[2006197]: {"time":"2026-07-17T10:41:42.168779408Z","level":"INFO","msg":"Token Debugging","Token:":"436257"}
Jul 17 10:41:42 vithsutra kiosk-server[2006197]: {"time":"2026-07-17T10:41:42.219593749Z","level":"INFO","msg":"get job by session ID completed","session_id":"fa41bd87-3175-47d3-9b12-64b692317958","file_count":1}
Jul 17 10:41:42 vithsutra kiosk-server[2006197]: {"time":"2026-07-17T10:41:42.219738595Z","level":"INFO","msg":"request","method":"GET","path":"/payments/status/fa41bd87-3175-47d3-9b12-64b692317958","status":200,"bytes":681,"duration_ms":101,"request_id":"vithsutra/yJhBRTSzdo-005075","remote_addr":"2401:4900:91d3:b645:d2e6:8504:3ef3:9750"}
Jul 17 10:41:53 vithsutra kiosk-server[2006197]: {"time":"2026-07-17T10:41:53.518039911Z","level":"INFO","msg":"get job by token started","token":436257}
Jul 17 10:41:53 vithsutra kiosk-server[2006197]: DEBUG PRESIGN GET URL: https://aiet-printflow-upload-prod.s3.ap-south-1.amazonaws.com/uploads/final/e54ffc11-f67c-4277-9a25-4e5acbdd2cd3/fa41bd87-3175-47d3-9b12-64b692317958/9986d06e-5ec9-45d1-a746-874b6fd4e6da.pdf?X-Amz-Algorithm=AWS4-HMAC-SHA256&X-Amz-Checksum-Mode=ENABLED&X-Amz-Credential=AKIAURY6ZINDKCABHGV3%2F20260717%2Fap-south-1%2Fs3%2Faws4_request&X-Amz-Date=20260717T104153Z&X-Amz-Expires=900&X-Amz-SignedHeaders=host&x-id=GetObject&X-Amz-Signature=7127e32665c31e37c004494ec769fded11d3b1799996be9b16ca962453e43b4b
Jul 17 10:41:53 vithsutra kiosk-server[2006197]: {"time":"2026-07-17T10:41:53.618913192Z","level":"INFO","msg":"final_Key_Bebugging","final_key:":"uploads/final/e54ffc11-f67c-4277-9a25-4e5acbdd2cd3/fa41bd87-3175-47d3-9b12-64b692317958/9986d06e-5ec9-45d1-a746-874b6fd4e6da.pdf"}
Jul 17 10:41:53 vithsutra kiosk-server[2006197]: {"time":"2026-07-17T10:41:53.618944359Z","level":"INFO","msg":"get job by token completed","token":436257,"session_id":"fa41bd87-3175-47d3-9b12-64b692317958","file_count":1}
Jul 17 10:41:53 vithsutra kiosk-server[2006197]: {"time":"2026-07-17T10:41:53.619032701Z","level":"INFO","msg":"request","method":"POST","path":"/print/jobs/token","status":200,"bytes":947,"duration_ms":101,"request_id":"vithsutra/yJhBRTSzdo-005076","remote_addr":"103.89.233.254"}
Jul 17 10:42:41 vithsutra kiosk-server[2006197]: {"time":"2026-07-17T10:42:41.197012306Z","level":"INFO","msg":"expire session after printing started","session_id":"fa41bd87-3175-47d3-9b12-64b692317958"}
Jul 17 10:42:41 vithsutra kiosk-server[2006197]: {"time":"2026-07-17T10:42:41.297315901Z","level":"INFO","msg":"session marked completed","session_id":"fa41bd87-3175-47d3-9b12-64b692317958"}
Jul 17 10:42:41 vithsutra kiosk-server[2006197]: {"time":"2026-07-17T10:42:41.348569686Z","level":"WARN","msg":"no completed file found for session fa41bd87-3175-47d3-9b12-64b692317958","code":"no_completed_file"}
Jul 17 10:42:41 vithsutra kiosk-server[2006197]: {"time":"2026-07-17T10:42:41.348663445Z","level":"INFO","msg":"request","method":"POST","path":"/print/jobs/expire","status":404,"bytes":124,"duration_ms":151,"request_id":"vithsutra/yJhBRTSzdo-005077","remote_addr":"103.89.233.254"}
Jul 17 10:43:58 vithsutra kiosk-server[2006197]: {"time":"2026-07-17T10:43:58.745121417Z","level":"INFO","msg":"webhook received","event":"payment.captured"}
Jul 17 10:43:58 vithsutra kiosk-server[2006197]: {"time":"2026-07-17T10:43:58.74516829Z","level":"INFO","msg":"processing payment success","razorpay_order_id":"order_TEWreL5UgTqkQJ","razorpay_payment_id":"pay_TEWrrbAZZk7FDX"}
Jul 17 10:44:03 vithsutra kiosk-server[2006197]: {"time":"2026-07-17T10:44:03.246129853Z","level":"ERROR","msg":"failed to promote file","session_id":"b48c6e04-5fd8-41d1-ab32-b631a14ecc82","file_id":"4b824022-0d62-4c1e-ae0d-db1bde1d6357","staging_key":"uploads/staging/ebbe6137-3966-4fb9-92bd-79ac60c0a6d3/b48c6e04-5fd8-41d1-ab32-b631a14ecc82/4b824022-0d62-4c1e-ae0d-db1bde1d6357.pdf","error":"failed to copy uploads/staging/ebbe6137-3966-4fb9-92bd-79ac60c0a6d3/b48c6e04-5fd8-41d1-ab32-b631a14ecc82/4b824022-0d62-4c1e-ae0d-db1bde1d6357.pdf → uploads/final/ebbe6137-3966-4fb9-92bd-79ac60c0a6d3/b48c6e04-5fd8-41d1-ab32-b631a14ecc82/4b824022-0d62-4c1e-ae0d-db1bde1d6357.pdf: operation error S3: CopyObject, https response error StatusCode: 0, RequestID: , HostID: , canceled, context deadline exceeded"}
Jul 17 10:44:03 vithsutra kiosk-server[2006197]: {"time":"2026-07-17T10:44:03.246201951Z","level":"ERROR","msg":"failed to promote file Tax 2-1.pdf to final storage","code":"internal_error","cause":"failed to copy uploads/staging/ebbe6137-3966-4fb9-92bd-79ac60c0a6d3/b48c6e04-5fd8-41d1-ab32-b631a14ecc82/4b824022-0d62-4c1e-ae0d-db1bde1d6357.pdf → uploads/final/ebbe6137-3966-4fb9-92bd-79ac60c0a6d3/b48c6e04-5fd8-41d1-ab32-b631a14ecc82/4b824022-0d62-4c1e-ae0d-db1bde1d6357.pdf: operation error S3: CopyObject, https response error StatusCode: 0, RequestID: , HostID: , canceled, context deadline exceeded"}
Jul 17 10:44:03 vithsutra kiosk-server[2006197]: {"time":"2026-07-17T10:44:03.246279161Z","level":"INFO","msg":"request","method":"POST","path":"/webhooks/razorpay","status":500,"bytes":100,"duration_ms":4501,"request_id":"vithsutra/yJhBRTSzdo-005078","remote_addr":"52.66.75.174"}
Jul 17 10:46:27 vithsutra kiosk-server[2006197]: {"time":"2026-07-17T10:46:27.631179309Z","level":"INFO","msg":"request","method":"OPTIONS","path":"/auth/google","status":204,"bytes":0,"duration_ms":0,"request_id":"vithsutra/yJhBRTSzdo-005079","remote_addr":"2409:408c:be4d:ec7a::878a:d713"}
Jul 17 10:46:28 vithsutra kiosk-server[2006197]: {"time":"2026-07-17T10:46:28.346595607Z","level":"INFO","msg":"google auth started"}
Jul 17 10:46:28 vithsutra kiosk-server[2006197]: {"time":"2026-07-17T10:46:28.347002205Z","level":"INFO","msg":"google token verified","google_id":"118058425740026702606","email":"tanujak698@gmail.com"}
Jul 17 10:46:38 vithsutra kiosk-server[2006197]: {"time":"2026-07-17T10:46:38.347817985Z","level":"ERROR","msg":"failed to fetch user","code":"internal_error","cause":"repository.GetByGoogleID: failed to connect to `host=dpg-d81iav8g4nts739ho6hg-a.singapore-postgres.render.com user=printpoint database=kiosk_db_75zc`: dial error (timeout: dial tcp 3.0.216.9:5432: i/o timeout)"}
Jul 17 10:46:38 vithsutra kiosk-server[2006197]: {"time":"2026-07-17T10:46:38.347961272Z","level":"INFO","msg":"request","method":"POST","path":"/auth/google","status":500,"bytes":69,"duration_ms":10001,"request_id":"vithsutra/yJhBRTSzdo-005080","remote_addr":"2409:408c:be4d:ec7a::878a:d713"}
Jul 17 10:46:47 vithsutra kiosk-server[2006197]: {"time":"2026-07-17T10:46:47.150441404Z","level":"INFO","msg":"google auth started"}
Jul 17 10:46:47 vithsutra kiosk-server[2006197]: {"time":"2026-07-17T10:46:47.150772598Z","level":"INFO","msg":"google token verified","google_id":"118058425740026702606","email":"tanujak698@gmail.com"}
Jul 17 10:46:53 vithsutra kiosk-server[2006197]: {"time":"2026-07-17T10:46:53.275182268Z","level":"INFO","msg":"new user — creating account","google_id":"118058425740026702606","email":"tanujak698@gmail.com"}
Jul 17 10:46:53 vithsutra kiosk-server[2006197]: {"time":"2026-07-17T10:46:53.386114802Z","level":"INFO","msg":"new user created","user_id":"d2891040-bac2-40f8-9ef3-b59b8f2b32d7","email":"tanujak698@gmail.com"}
Jul 17 10:46:53 vithsutra kiosk-server[2006197]: {"time":"2026-07-17T10:46:53.386256777Z","level":"INFO","msg":"google auth completed","user_id":"d2891040-bac2-40f8-9ef3-b59b8f2b32d7","email":"tanujak698@gmail.com"}
Jul 17 10:46:53 vithsutra kiosk-server[2006197]: {"time":"2026-07-17T10:46:53.386340029Z","level":"INFO","msg":"request","method":"POST","path":"/auth/google","status":200,"bytes":432,"duration_ms":6236,"request_id":"vithsutra/yJhBRTSzdo-005081","remote_addr":"2409:408c:be4d:ec7a::878a:d713"}
Jul 17 10:48:48 vithsutra kiosk-server[2006197]: {"time":"2026-07-17T10:48:48.713814636Z","level":"INFO","msg":"request","method":"OPTIONS","path":"/files/upload/init","status":204,"bytes":0,"duration_ms":0,"request_id":"vithsutra/yJhBRTSzdo-005082","remote_addr":"2409:408c:be4d:ec7a::878a:d713"}
Jul 17 10:48:49 vithsutra kiosk-server[2006197]: {"time":"2026-07-17T10:48:49.435751071Z","level":"INFO","msg":"USERID","userId:":"d2891040-bac2-40f8-9ef3-b59b8f2b32d7"}
Jul 17 10:48:49 vithsutra kiosk-server[2006197]: {"time":"2026-07-17T10:48:49.435794572Z","level":"INFO","msg":"USEREMAIL","userEmail:":"tanujak698@gmail.com"}
Jul 17 10:48:49 vithsutra kiosk-server[2006197]: {"time":"2026-07-17T10:48:49.435810271Z","level":"INFO","msg":"init upload started","user_id":"d2891040-bac2-40f8-9ef3-b59b8f2b32d7","file_count":1,"request_payload":{"files":[{"file_name":"Image to PDF 20260717 16.18.09.pdf","content_type":"application/pdf"}]}}
Jul 17 10:48:49 vithsutra kiosk-server[2006197]: {"time":"2026-07-17T10:48:49.593148493Z","level":"INFO","msg":"upload session created","session_id":"d767cee4-e719-44ed-b1a4-eb0e4cc4226a","user_id":"d2891040-bac2-40f8-9ef3-b59b8f2b32d7","expires_at":"2026-07-24T10:48:49.488006614Z"}
Jul 17 10:48:49 vithsutra kiosk-server[2006197]: {"time":"2026-07-17T10:48:49.751214345Z","level":"INFO","msg":"init upload completed","session_id":"d767cee4-e719-44ed-b1a4-eb0e4cc4226a","user_id":"d2891040-bac2-40f8-9ef3-b59b8f2b32d7","file_count":1}
Jul 17 10:48:49 vithsutra kiosk-server[2006197]: {"time":"2026-07-17T10:48:49.751375772Z","level":"INFO","msg":"request","method":"POST","path":"/files/upload/init","status":201,"bytes":993,"duration_ms":315,"request_id":"vithsutra/yJhBRTSzdo-005083","remote_addr":"2409:408c:be4d:ec7a::878a:d713"}
Jul 17 10:48:51 vithsutra kiosk-server[2006197]: {"time":"2026-07-17T10:48:51.620566491Z","level":"INFO","msg":"request","method":"OPTIONS","path":"/files/upload/confirm","status":204,"bytes":0,"duration_ms":0,"request_id":"vithsutra/yJhBRTSzdo-005084","remote_addr":"2409:408c:be4d:ec7a::878a:d713"}
Jul 17 10:48:52 vithsutra kiosk-server[2006197]: {"time":"2026-07-17T10:48:52.077453322Z","level":"INFO","msg":"confirm upload started","session_id":"d767cee4-e719-44ed-b1a4-eb0e4cc4226a","file_count":1}
Jul 17 10:48:52 vithsutra kiosk-server[2006197]: {"time":"2026-07-17T10:48:52.182016098Z","level":"INFO","msg":"session validated for confirm","session_id":"d767cee4-e719-44ed-b1a4-eb0e4cc4226a","status":"created"}
Jul 17 10:48:52 vithsutra kiosk-server[2006197]: DEBUG HeadObject → bucket: aiet-printflow-upload-prod  key: uploads/staging/d2891040-bac2-40f8-9ef3-b59b8f2b32d7/d767cee4-e719-44ed-b1a4-eb0e4cc4226a/bcee4c88-1409-40ea-9b43-0cba924ac05f.pdf
Jul 17 10:48:52 vithsutra kiosk-server[2006197]: {"time":"2026-07-17T10:48:52.731190239Z","level":"INFO","msg":"file price calculated","price":2,"sheets":1,"num_of_pages":2,"copies":1,"page_layout":1,"printing_mode":"monochromatic","printing_side":"double_side"}
Jul 17 10:48:52 vithsutra kiosk-server[2006197]: {"time":"2026-07-17T10:48:52.731251044Z","level":"INFO","msg":"Total done bebug","TotalAmount:":2,"TotalSheetes:":1}
Jul 17 10:48:52 vithsutra kiosk-server[2006197]: {"time":"2026-07-17T10:48:52.731270567Z","level":"INFO","msg":"Page Range bebugging","page_range:":["1-2"]}
Jul 17 10:48:52 vithsutra kiosk-server[2006197]: {"time":"2026-07-17T10:48:52.731289291Z","level":"INFO","msg":"file confirmed","session_id":"d767cee4-e719-44ed-b1a4-eb0e4cc4226a","file_id":"bcee4c88-1409-40ea-9b43-0cba924ac05f","file_name":"Image to PDF 20260717 16.18.09.pdf","sheets":1,"price":2}
Jul 17 10:48:52 vithsutra kiosk-server[2006197]: DEBUG: PageRange in UpdateFileWithPrintOptions: [1-2]
Jul 17 10:48:53 vithsutra kiosk-server[2006197]: {"time":"2026-07-17T10:48:53.047557624Z","level":"INFO","msg":"confirm upload completed","session_id":"d767cee4-e719-44ed-b1a4-eb0e4cc4226a","total_sheets":1,"total_amount":2}
Jul 17 10:48:53 vithsutra kiosk-server[2006197]: {"time":"2026-07-17T10:48:53.047671431Z","level":"INFO","msg":"request","method":"POST","path":"/files/upload/confirm","status":200,"bytes":368,"duration_ms":970,"request_id":"vithsutra/yJhBRTSzdo-005085","remote_addr":"2409:408c:be4d:ec7a::878a:d713"}
Jul 17 10:48:53 vithsutra kiosk-server[2006197]: {"time":"2026-07-17T10:48:53.580059968Z","level":"INFO","msg":"request","method":"OPTIONS","path":"/payments/create","status":204,"bytes":0,"duration_ms":0,"request_id":"vithsutra/yJhBRTSzdo-005086","remote_addr":"2409:408c:be4d:ec7a::878a:d713"}
Jul 17 10:48:54 vithsutra kiosk-server[2006197]: {"time":"2026-07-17T10:48:54.059330234Z","level":"INFO","msg":"create payment order started","session_id":"d767cee4-e719-44ed-b1a4-eb0e4cc4226a","amount_paise_frontend":200}
Jul 17 10:48:54 vithsutra kiosk-server[2006197]: {"time":"2026-07-17T10:48:54.994100988Z","level":"INFO","msg":"razorpay order created","session_id":"d767cee4-e719-44ed-b1a4-eb0e4cc4226a","razorpay_order_id":"order_TEXh8fFBbXs1Ub","amount_paise":200}
Jul 17 10:48:55 vithsutra kiosk-server[2006197]: {"time":"2026-07-17T10:48:55.104666573Z","level":"INFO","msg":"create payment order completed","session_id":"d767cee4-e719-44ed-b1a4-eb0e4cc4226a","payment_id":"ad2ef7fc-6821-4d22-b9da-30812fa0a8cd","razorpay_order_id":"order_TEXh8fFBbXs1Ub"}
Jul 17 10:48:55 vithsutra kiosk-server[2006197]: {"time":"2026-07-17T10:48:55.104723097Z","level":"INFO","msg":"Amount:","Amount_paise":200}
Jul 17 10:48:55 vithsutra kiosk-server[2006197]: {"time":"2026-07-17T10:48:55.104824951Z","level":"INFO","msg":"request","method":"POST","path":"/payments/create","status":201,"bytes":232,"duration_ms":1045,"request_id":"vithsutra/yJhBRTSzdo-005087","remote_addr":"2409:408c:be4d:ec7a::878a:d713"}
Jul 17 10:49:52 vithsutra kiosk-server[2006197]: {"time":"2026-07-17T10:49:52.997576414Z","level":"INFO","msg":"webhook received","event":"payment.captured"}
Jul 17 10:49:52 vithsutra kiosk-server[2006197]: {"time":"2026-07-17T10:49:52.997614514Z","level":"INFO","msg":"processing payment success","razorpay_order_id":"order_TEXh8fFBbXs1Ub","razorpay_payment_id":"pay_TEXhnUo2txunyG"}
Jul 17 10:49:53 vithsutra kiosk-server[2006197]: {"time":"2026-07-17T10:49:53.489378621Z","level":"INFO","msg":"file promoted","session_id":"d767cee4-e719-44ed-b1a4-eb0e4cc4226a","file_id":"bcee4c88-1409-40ea-9b43-0cba924ac05f","final_key":"uploads/final/d2891040-bac2-40f8-9ef3-b59b8f2b32d7/d767cee4-e719-44ed-b1a4-eb0e4cc4226a/bcee4c88-1409-40ea-9b43-0cba924ac05f.pdf"}
Jul 17 10:49:53 vithsutra kiosk-server[2006197]: {"time":"2026-07-17T10:49:53.907126033Z","level":"INFO","msg":"payment success committed","session_id":"d767cee4-e719-44ed-b1a4-eb0e4cc4226a","razorpay_order_id":"order_TEXh8fFBbXs1Ub","razorpay_payment_id":"pay_TEXhnUo2txunyG","files_promoted":1}
Jul 17 10:49:53 vithsutra kiosk-server[2006197]: {"time":"2026-07-17T10:49:53.907226777Z","level":"INFO","msg":"request","method":"POST","path":"/webhooks/razorpay","status":200,"bytes":21,"duration_ms":909,"request_id":"vithsutra/yJhBRTSzdo-005088","remote_addr":"52.66.76.63"}
Jul 17 10:50:01 vithsutra kiosk-server[2006197]: {"time":"2026-07-17T10:50:01.941172054Z","level":"INFO","msg":"request","method":"OPTIONS","path":"/payments/status/d767cee4-e719-44ed-b1a4-eb0e4cc4226a","status":204,"bytes":0,"duration_ms":0,"request_id":"vithsutra/yJhBRTSzdo-005089","remote_addr":"2409:408c:be4d:ec7a::878a:d713"}
Jul 17 10:50:02 vithsutra kiosk-server[2006197]: {"time":"2026-07-17T10:50:02.696826992Z","level":"INFO","msg":"get job by session ID started","session_id":"d767cee4-e719-44ed-b1a4-eb0e4cc4226a"}
Jul 17 10:50:02 vithsutra kiosk-server[2006197]: {"time":"2026-07-17T10:50:02.752891256Z","level":"INFO","msg":"Token Debugging","Token:":"143525"}
Jul 17 10:50:02 vithsutra kiosk-server[2006197]: {"time":"2026-07-17T10:50:02.806780222Z","level":"INFO","msg":"get job by session ID completed","session_id":"d767cee4-e719-44ed-b1a4-eb0e4cc4226a","file_count":1}
Jul 17 10:50:02 vithsutra kiosk-server[2006197]: {"time":"2026-07-17T10:50:02.806925916Z","level":"INFO","msg":"request","method":"GET","path":"/payments/status/d767cee4-e719-44ed-b1a4-eb0e4cc4226a","status":200,"bytes":703,"duration_ms":110,"request_id":"vithsutra/yJhBRTSzdo-005090","remote_addr":"2409:408c:be4d:ec7a::878a:d713"}
Jul 17 10:50:53 vithsutra kiosk-server[2006197]: {"time":"2026-07-17T10:50:53.196305372Z","level":"INFO","msg":"get job by token started","token":143525}
Jul 17 10:50:53 vithsutra kiosk-server[2006197]: DEBUG PRESIGN GET URL: https://aiet-printflow-upload-prod.s3.ap-south-1.amazonaws.com/uploads/final/d2891040-bac2-40f8-9ef3-b59b8f2b32d7/d767cee4-e719-44ed-b1a4-eb0e4cc4226a/bcee4c88-1409-40ea-9b43-0cba924ac05f.pdf?X-Amz-Algorithm=AWS4-HMAC-SHA256&X-Amz-Checksum-Mode=ENABLED&X-Amz-Credential=AKIAURY6ZINDKCABHGV3%2F20260717%2Fap-south-1%2Fs3%2Faws4_request&X-Amz-Date=20260717T105053Z&X-Amz-Expires=900&X-Amz-SignedHeaders=host&x-id=GetObject&X-Amz-Signature=a8f80fcc8287261beb713b3eee117114de2b4e2a362b6b0804b96768effb6311
Jul 17 10:50:53 vithsutra kiosk-server[2006197]: {"time":"2026-07-17T10:50:53.356073669Z","level":"INFO","msg":"final_Key_Bebugging","final_key:":"uploads/final/d2891040-bac2-40f8-9ef3-b59b8f2b32d7/d767cee4-e719-44ed-b1a4-eb0e4cc4226a/bcee4c88-1409-40ea-9b43-0cba924ac05f.pdf"}
Jul 17 10:50:53 vithsutra kiosk-server[2006197]: {"time":"2026-07-17T10:50:53.356103146Z","level":"INFO","msg":"get job by token completed","token":143525,"session_id":"d767cee4-e719-44ed-b1a4-eb0e4cc4226a","file_count":1}
Jul 17 10:50:53 vithsutra kiosk-server[2006197]: {"time":"2026-07-17T10:50:53.356186627Z","level":"INFO","msg":"request","method":"POST","path":"/print/jobs/token","status":200,"bytes":969,"duration_ms":159,"request_id":"vithsutra/yJhBRTSzdo-005091","remote_addr":"103.89.233.254"}
Jul 17 10:52:08 vithsutra kiosk-server[2006197]: {"time":"2026-07-17T10:52:08.115517753Z","level":"INFO","msg":"request","method":"OPTIONS","path":"/files/jobs/recent","status":204,"bytes":0,"duration_ms":0,"request_id":"vithsutra/yJhBRTSzdo-005092","remote_addr":"2409:408c:be4d:ec7a::878a:d713"}
Jul 17 10:52:08 vithsutra kiosk-server[2006197]: {"time":"2026-07-17T10:52:08.767377958Z","level":"INFO","msg":"get recent print jobs started","user_id":"d2891040-bac2-40f8-9ef3-b59b8f2b32d7"}
Jul 17 10:52:18 vithsutra kiosk-server[2006197]: {"time":"2026-07-17T10:52:18.776760645Z","level":"WARN","msg":"user not found","code":"user_not_found in the database, please logout and login again"}
Jul 17 10:52:18 vithsutra kiosk-server[2006197]: {"time":"2026-07-17T10:52:18.776902018Z","level":"INFO","msg":"request","method":"GET","path":"/files/jobs/recent","status":404,"bytes":110,"duration_ms":10009,"request_id":"vithsutra/yJhBRTSzdo-005093","remote_addr":"2409:408c:be4d:ec7a::878a:d713"}
Jul 17 10:52:44 vithsutra kiosk-server[2006197]: {"time":"2026-07-17T10:52:44.52630868Z","level":"INFO","msg":"expire session after printing started","session_id":"d767cee4-e719-44ed-b1a4-eb0e4cc4226a"}
Jul 17 10:52:45 vithsutra kiosk-server[2006197]: {"time":"2026-07-17T10:52:45.485321999Z","level":"INFO","msg":"session marked completed","session_id":"d767cee4-e719-44ed-b1a4-eb0e4cc4226a"}
Jul 17 10:52:45 vithsutra kiosk-server[2006197]: {"time":"2026-07-17T10:52:45.592495945Z","level":"WARN","msg":"no completed file found for session d767cee4-e719-44ed-b1a4-eb0e4cc4226a","code":"no_completed_file"}
Jul 17 10:52:45 vithsutra kiosk-server[2006197]: {"time":"2026-07-17T10:52:45.592592071Z","level":"INFO","msg":"request","method":"POST","path":"/print/jobs/expire","status":404,"bytes":124,"duration_ms":1066,"request_id":"vithsutra/yJhBRTSzdo-005094","remote_addr":"103.89.233.254"}
Jul 17 11:02:09 vithsutra kiosk-server[2006197]: {"time":"2026-07-17T11:02:09.732502437Z","level":"INFO","msg":"request","method":"OPTIONS","path":"/files/upload/init","status":204,"bytes":0,"duration_ms":0,"request_id":"vithsutra/yJhBRTSzdo-005095","remote_addr":"2409:40f2:3005:9649:8000::"}
Jul 17 11:02:10 vithsutra kiosk-server[2006197]: {"time":"2026-07-17T11:02:10.48945231Z","level":"WARN","msg":"content_type is invalid","code":"validation_error"}
Jul 17 11:02:10 vithsutra kiosk-server[2006197]: {"time":"2026-07-17T11:02:10.489531985Z","level":"INFO","msg":"request","method":"POST","path":"/files/upload/init","status":400,"bytes":74,"duration_ms":0,"request_id":"vithsutra/yJhBRTSzdo-005096","remote_addr":"2409:40f2:3005:9649:8000::"}
Jul 17 11:02:47 vithsutra kiosk-server[2006197]: {"time":"2026-07-17T11:02:47.091494906Z","level":"WARN","msg":"content_type is invalid","code":"validation_error"}
Jul 17 11:02:47 vithsutra kiosk-server[2006197]: {"time":"2026-07-17T11:02:47.091582021Z","level":"INFO","msg":"request","method":"POST","path":"/files/upload/init","status":400,"bytes":74,"duration_ms":0,"request_id":"vithsutra/yJhBRTSzdo-005097","remote_addr":"2409:40f2:3005:9649:8000::"}
Jul 17 11:03:09 vithsutra kiosk-server[2006197]: {"time":"2026-07-17T11:03:09.571625742Z","level":"WARN","msg":"content_type is invalid","code":"validation_error"}
Jul 17 11:03:09 vithsutra kiosk-server[2006197]: {"time":"2026-07-17T11:03:09.571704118Z","level":"INFO","msg":"request","method":"POST","path":"/files/upload/init","status":400,"bytes":74,"duration_ms":0,"request_id":"vithsutra/yJhBRTSzdo-005098","remote_addr":"2409:40f2:3005:9649:8000::"}
Jul 17 11:03:47 vithsutra kiosk-server[2006197]: {"time":"2026-07-17T11:03:47.635517232Z","level":"INFO","msg":"USERID","userId:":"136d2531-d168-4d43-b4b2-f6ec4645566c"}
Jul 17 11:03:47 vithsutra kiosk-server[2006197]: {"time":"2026-07-17T11:03:47.635564789Z","level":"INFO","msg":"USEREMAIL","userEmail:":"nagarjunp975@gmail.com"}
Jul 17 11:03:47 vithsutra kiosk-server[2006197]: {"time":"2026-07-17T11:03:47.635580719Z","level":"INFO","msg":"init upload started","user_id":"136d2531-d168-4d43-b4b2-f6ec4645566c","file_count":1,"request_payload":{"files":[{"file_name":"downloadfile.PDF","content_type":"application/pdf"}]}}
Jul 17 11:03:49 vithsutra kiosk-server[2006197]: {"time":"2026-07-17T11:03:49.013376522Z","level":"INFO","msg":"upload session created","session_id":"451e05a1-93eb-43e5-a29e-aa8987cd87fa","user_id":"136d2531-d168-4d43-b4b2-f6ec4645566c","expires_at":"2026-07-24T11:03:48.875458965Z"}
Jul 17 11:03:49 vithsutra kiosk-server[2006197]: {"time":"2026-07-17T11:03:49.216303159Z","level":"INFO","msg":"init upload completed","session_id":"451e05a1-93eb-43e5-a29e-aa8987cd87fa","user_id":"136d2531-d168-4d43-b4b2-f6ec4645566c","file_count":1}
Jul 17 11:03:49 vithsutra kiosk-server[2006197]: {"time":"2026-07-17T11:03:49.2165374Z","level":"INFO","msg":"request","method":"POST","path":"/files/upload/init","status":201,"bytes":975,"duration_ms":1581,"request_id":"vithsutra/yJhBRTSzdo-005099","remote_addr":"2409:40f2:3005:9649:8000::"}
Jul 17 11:03:50 vithsutra kiosk-server[2006197]: {"time":"2026-07-17T11:03:50.571748858Z","level":"INFO","msg":"request","method":"OPTIONS","path":"/files/upload/confirm","status":204,"bytes":0,"duration_ms":0,"request_id":"vithsutra/yJhBRTSzdo-005100","remote_addr":"2409:40f2:3005:9649:8000::"}
Jul 17 11:03:50 vithsutra kiosk-server[2006197]: {"time":"2026-07-17T11:03:50.956461634Z","level":"INFO","msg":"confirm upload started","session_id":"451e05a1-93eb-43e5-a29e-aa8987cd87fa","file_count":1}
Jul 17 11:03:51 vithsutra kiosk-server[2006197]: {"time":"2026-07-17T11:03:51.090062345Z","level":"INFO","msg":"session validated for confirm","session_id":"451e05a1-93eb-43e5-a29e-aa8987cd87fa","status":"created"}
Jul 17 11:03:51 vithsutra kiosk-server[2006197]: DEBUG HeadObject → bucket: aiet-printflow-upload-prod  key: uploads/staging/136d2531-d168-4d43-b4b2-f6ec4645566c/451e05a1-93eb-43e5-a29e-aa8987cd87fa/36d6a7b3-87b4-44da-95e2-f7d886300065.pdf
Jul 17 11:03:51 vithsutra kiosk-server[2006197]: {"time":"2026-07-17T11:03:51.914952173Z","level":"INFO","msg":"file price calculated","price":2,"sheets":2,"num_of_pages":1,"copies":2,"page_layout":1,"printing_mode":"monochromatic","printing_side":"single_side"}
Jul 17 11:03:51 vithsutra kiosk-server[2006197]: {"time":"2026-07-17T11:03:51.915020158Z","level":"INFO","msg":"Total done bebug","TotalAmount:":2,"TotalSheetes:":2}
Jul 17 11:03:51 vithsutra kiosk-server[2006197]: {"time":"2026-07-17T11:03:51.915041099Z","level":"INFO","msg":"Page Range bebugging","page_range:":["1"]}
Jul 17 11:03:51 vithsutra kiosk-server[2006197]: {"time":"2026-07-17T11:03:51.915063677Z","level":"INFO","msg":"file confirmed","session_id":"451e05a1-93eb-43e5-a29e-aa8987cd87fa","file_id":"36d6a7b3-87b4-44da-95e2-f7d886300065","file_name":"downloadfile.PDF","sheets":2,"price":2}
Jul 17 11:03:51 vithsutra kiosk-server[2006197]: DEBUG: PageRange in UpdateFileWithPrintOptions: [1]
Jul 17 11:03:52 vithsutra kiosk-server[2006197]: {"time":"2026-07-17T11:03:52.314310517Z","level":"INFO","msg":"confirm upload completed","session_id":"451e05a1-93eb-43e5-a29e-aa8987cd87fa","total_sheets":2,"total_amount":2}
Jul 17 11:03:52 vithsutra kiosk-server[2006197]: {"time":"2026-07-17T11:03:52.314446561Z","level":"INFO","msg":"request","method":"POST","path":"/files/upload/confirm","status":200,"bytes":350,"duration_ms":1358,"request_id":"vithsutra/yJhBRTSzdo-005101","remote_addr":"2409:40f2:3005:9649:8000::"}
Jul 17 11:03:52 vithsutra kiosk-server[2006197]: {"time":"2026-07-17T11:03:52.813465712Z","level":"INFO","msg":"request","method":"OPTIONS","path":"/payments/create","status":204,"bytes":0,"duration_ms":0,"request_id":"vithsutra/yJhBRTSzdo-005102","remote_addr":"2409:40f2:3005:9649:8000::"}
Jul 17 11:03:53 vithsutra kiosk-server[2006197]: {"time":"2026-07-17T11:03:53.296571227Z","level":"INFO","msg":"create payment order started","session_id":"451e05a1-93eb-43e5-a29e-aa8987cd87fa","amount_paise_frontend":200}
Jul 17 11:03:53 vithsutra kiosk-server[2006197]: {"time":"2026-07-17T11:03:53.962518111Z","level":"INFO","msg":"razorpay order created","session_id":"451e05a1-93eb-43e5-a29e-aa8987cd87fa","razorpay_order_id":"order_TEXwxwxTKHXzuK","amount_paise":200}
Jul 17 11:03:54 vithsutra kiosk-server[2006197]: {"time":"2026-07-17T11:03:54.096312873Z","level":"INFO","msg":"create payment order completed","session_id":"451e05a1-93eb-43e5-a29e-aa8987cd87fa","payment_id":"9ff20859-e3d1-420d-ab15-e18733faf733","razorpay_order_id":"order_TEXwxwxTKHXzuK"}
Jul 17 11:03:54 vithsutra kiosk-server[2006197]: {"time":"2026-07-17T11:03:54.096363727Z","level":"INFO","msg":"Amount:","Amount_paise":200}
Jul 17 11:03:54 vithsutra kiosk-server[2006197]: {"time":"2026-07-17T11:03:54.096458899Z","level":"INFO","msg":"request","method":"POST","path":"/payments/create","status":201,"bytes":232,"duration_ms":800,"request_id":"vithsutra/yJhBRTSzdo-005103","remote_addr":"2409:40f2:3005:9649:8000::"}
Jul 17 11:04:38 vithsutra kiosk-server[2006197]: {"time":"2026-07-17T11:04:38.876025503Z","level":"INFO","msg":"webhook received","event":"payment.captured"}
Jul 17 11:04:38 vithsutra kiosk-server[2006197]: {"time":"2026-07-17T11:04:38.876071535Z","level":"INFO","msg":"processing payment success","razorpay_order_id":"order_TEXwxwxTKHXzuK","razorpay_payment_id":"pay_TEXxRSmtN2KV8c"}
Jul 17 11:04:39 vithsutra kiosk-server[2006197]: {"time":"2026-07-17T11:04:39.555053364Z","level":"INFO","msg":"file promoted","session_id":"451e05a1-93eb-43e5-a29e-aa8987cd87fa","file_id":"36d6a7b3-87b4-44da-95e2-f7d886300065","final_key":"uploads/final/136d2531-d168-4d43-b4b2-f6ec4645566c/451e05a1-93eb-43e5-a29e-aa8987cd87fa/36d6a7b3-87b4-44da-95e2-f7d886300065.pdf"}
Jul 17 11:04:40 vithsutra kiosk-server[2006197]: {"time":"2026-07-17T11:04:40.088397957Z","level":"INFO","msg":"payment success committed","session_id":"451e05a1-93eb-43e5-a29e-aa8987cd87fa","razorpay_order_id":"order_TEXwxwxTKHXzuK","razorpay_payment_id":"pay_TEXxRSmtN2KV8c","files_promoted":1}
Jul 17 11:04:40 vithsutra kiosk-server[2006197]: {"time":"2026-07-17T11:04:40.08851217Z","level":"INFO","msg":"request","method":"POST","path":"/webhooks/razorpay","status":200,"bytes":21,"duration_ms":1212,"request_id":"vithsutra/yJhBRTSzdo-005104","remote_addr":"52.66.76.63"}
Jul 17 11:04:51 vithsutra kiosk-server[2006197]: {"time":"2026-07-17T11:04:51.625733736Z","level":"INFO","msg":"request","method":"OPTIONS","path":"/payments/status/451e05a1-93eb-43e5-a29e-aa8987cd87fa","status":204,"bytes":0,"duration_ms":0,"request_id":"vithsutra/yJhBRTSzdo-005105","remote_addr":"2409:40f2:3005:9649:8000::"}
Jul 17 11:04:52 vithsutra kiosk-server[2006197]: {"time":"2026-07-17T11:04:52.385974685Z","level":"INFO","msg":"get job by session ID started","session_id":"451e05a1-93eb-43e5-a29e-aa8987cd87fa"}
Jul 17 11:04:52 vithsutra kiosk-server[2006197]: {"time":"2026-07-17T11:04:52.452805821Z","level":"INFO","msg":"Token Debugging","Token:":"197680"}
Jul 17 11:04:52 vithsutra kiosk-server[2006197]: {"time":"2026-07-17T11:04:52.520498447Z","level":"INFO","msg":"get job by session ID completed","session_id":"451e05a1-93eb-43e5-a29e-aa8987cd87fa","file_count":1}
Jul 17 11:04:52 vithsutra kiosk-server[2006197]: {"time":"2026-07-17T11:04:52.52075431Z","level":"INFO","msg":"request","method":"GET","path":"/payments/status/451e05a1-93eb-43e5-a29e-aa8987cd87fa","status":200,"bytes":683,"duration_ms":134,"request_id":"vithsutra/yJhBRTSzdo-005106","remote_addr":"2409:40f2:3005:9649:8000::"}
Jul 17 11:05:08 vithsutra kiosk-server[2006197]: {"time":"2026-07-17T11:05:08.325939485Z","level":"INFO","msg":"get job by token started","token":197680}
Jul 17 11:05:08 vithsutra kiosk-server[2006197]: DEBUG PRESIGN GET URL: https://aiet-printflow-upload-prod.s3.ap-south-1.amazonaws.com/uploads/final/136d2531-d168-4d43-b4b2-f6ec4645566c/451e05a1-93eb-43e5-a29e-aa8987cd87fa/36d6a7b3-87b4-44da-95e2-f7d886300065.pdf?X-Amz-Algorithm=AWS4-HMAC-SHA256&X-Amz-Checksum-Mode=ENABLED&X-Amz-Credential=AKIAURY6ZINDKCABHGV3%2F20260717%2Fap-south-1%2Fs3%2Faws4_request&X-Amz-Date=20260717T110508Z&X-Amz-Expires=900&X-Amz-SignedHeaders=host&x-id=GetObject&X-Amz-Signature=bdd2e500fc24e53155e9c61f8c8fef46c20fcfba67575202bc4310a0517706c1
Jul 17 11:05:08 vithsutra kiosk-server[2006197]: {"time":"2026-07-17T11:05:08.527461865Z","level":"INFO","msg":"final_Key_Bebugging","final_key:":"uploads/final/136d2531-d168-4d43-b4b2-f6ec4645566c/451e05a1-93eb-43e5-a29e-aa8987cd87fa/36d6a7b3-87b4-44da-95e2-f7d886300065.pdf"}
Jul 17 11:05:08 vithsutra kiosk-server[2006197]: {"time":"2026-07-17T11:05:08.527493633Z","level":"INFO","msg":"get job by token completed","token":197680,"session_id":"451e05a1-93eb-43e5-a29e-aa8987cd87fa","file_count":1}
Jul 17 11:05:08 vithsutra kiosk-server[2006197]: {"time":"2026-07-17T11:05:08.527582455Z","level":"INFO","msg":"request","method":"POST","path":"/print/jobs/token","status":200,"bytes":949,"duration_ms":201,"request_id":"vithsutra/yJhBRTSzdo-005107","remote_addr":"103.89.233.254"}
Jul 17 11:05:30 vithsutra kiosk-server[2006197]: {"time":"2026-07-17T11:05:30.871802688Z","level":"INFO","msg":"expire session after printing started","session_id":"451e05a1-93eb-43e5-a29e-aa8987cd87fa"}
Jul 17 11:05:31 vithsutra kiosk-server[2006197]: {"time":"2026-07-17T11:05:31.0721174Z","level":"INFO","msg":"session marked completed","session_id":"451e05a1-93eb-43e5-a29e-aa8987cd87fa"}
Jul 17 11:05:31 vithsutra kiosk-server[2006197]: {"time":"2026-07-17T11:05:31.206156535Z","level":"WARN","msg":"no completed file found for session 451e05a1-93eb-43e5-a29e-aa8987cd87fa","code":"no_completed_file"}
Jul 17 11:05:31 vithsutra kiosk-server[2006197]: {"time":"2026-07-17T11:05:31.20624195Z","level":"INFO","msg":"request","method":"POST","path":"/print/jobs/expire","status":404,"bytes":124,"duration_ms":334,"request_id":"vithsutra/yJhBRTSzdo-005108","remote_addr":"103.89.233.254"}
Jul 17 11:11:15 vithsutra kiosk-server[2006197]: {"time":"2026-07-17T11:11:15.48631267Z","level":"INFO","msg":"request","method":"OPTIONS","path":"/files/upload/init","status":204,"bytes":0,"duration_ms":0,"request_id":"vithsutra/yJhBRTSzdo-005109","remote_addr":"2401:4900:91e6:5c7e:b769:d75c:1944:b099"}
Jul 17 11:11:15 vithsutra kiosk-server[2006197]: {"time":"2026-07-17T11:11:15.770673145Z","level":"INFO","msg":"USERID","userId:":"97f8c9a7-4652-4522-978f-1083375ae8a2"}
Jul 17 11:11:15 vithsutra kiosk-server[2006197]: {"time":"2026-07-17T11:11:15.770735335Z","level":"INFO","msg":"USEREMAIL","userEmail:":"danish.s1849@gmail.com"}
Jul 17 11:11:15 vithsutra kiosk-server[2006197]: {"time":"2026-07-17T11:11:15.770753557Z","level":"INFO","msg":"init upload started","user_id":"97f8c9a7-4652-4522-978f-1083375ae8a2","file_count":5,"request_payload":{"files":[{"file_name":"Undertaking-Internship (1).pdf","content_type":"application/pdf"},{"file_name":"Tejas_HOSTEL.pdf","content_type":"application/pdf"},{"file_name":"Internship Permission Letter.pdf.pdf","content_type":"application/pdf"},{"file_name":"Internship Permission Letter(danish).pdf.pdf","content_type":"application/pdf"},{"file_name":"ss final.pdf","content_type":"application/pdf"}]}}
Jul 17 11:11:18 vithsutra kiosk-server[2006197]: {"time":"2026-07-17T11:11:18.369846524Z","level":"INFO","msg":"upload session created","session_id":"b3091f61-cfe4-482e-b3a0-d8e71cba20cb","user_id":"97f8c9a7-4652-4522-978f-1083375ae8a2","expires_at":"2026-07-24T11:11:18.26643419Z"}
Jul 17 11:11:18 vithsutra kiosk-server[2006197]: {"time":"2026-07-17T11:11:18.732876535Z","level":"INFO","msg":"init upload completed","session_id":"b3091f61-cfe4-482e-b3a0-d8e71cba20cb","user_id":"97f8c9a7-4652-4522-978f-1083375ae8a2","file_count":5}
Jul 17 11:11:18 vithsutra kiosk-server[2006197]: {"time":"2026-07-17T11:11:18.733343147Z","level":"INFO","msg":"request","method":"POST","path":"/files/upload/init","status":201,"bytes":4248,"duration_ms":2962,"request_id":"vithsutra/yJhBRTSzdo-005110","remote_addr":"2401:4900:91e6:5c7e:b769:d75c:1944:b099"}
Jul 17 11:11:22 vithsutra kiosk-server[2006197]: {"time":"2026-07-17T11:11:22.726483811Z","level":"INFO","msg":"request","method":"OPTIONS","path":"/files/upload/confirm","status":204,"bytes":0,"duration_ms":0,"request_id":"vithsutra/yJhBRTSzdo-005111","remote_addr":"2401:4900:91e6:5c7e:b769:d75c:1944:b099"}
Jul 17 11:11:22 vithsutra kiosk-server[2006197]: {"time":"2026-07-17T11:11:22.882292538Z","level":"INFO","msg":"confirm upload started","session_id":"b3091f61-cfe4-482e-b3a0-d8e71cba20cb","file_count":5}
Jul 17 11:11:22 vithsutra kiosk-server[2006197]: {"time":"2026-07-17T11:11:22.987479226Z","level":"INFO","msg":"session validated for confirm","session_id":"b3091f61-cfe4-482e-b3a0-d8e71cba20cb","status":"created"}
Jul 17 11:11:23 vithsutra kiosk-server[2006197]: DEBUG HeadObject → bucket: aiet-printflow-upload-prod  key: uploads/staging/97f8c9a7-4652-4522-978f-1083375ae8a2/b3091f61-cfe4-482e-b3a0-d8e71cba20cb/b2d8dcc5-fe3b-4274-94fc-79e9aba498de.pdf
Jul 17 11:11:23 vithsutra kiosk-server[2006197]: {"time":"2026-07-17T11:11:23.455321695Z","level":"INFO","msg":"file price calculated","price":10,"sheets":2,"num_of_pages":2,"copies":1,"page_layout":1,"printing_mode":"color","printing_side":"single_side"}
Jul 17 11:11:23 vithsutra kiosk-server[2006197]: {"time":"2026-07-17T11:11:23.455380356Z","level":"INFO","msg":"Total done bebug","TotalAmount:":10,"TotalSheetes:":2}
Jul 17 11:11:23 vithsutra kiosk-server[2006197]: {"time":"2026-07-17T11:11:23.455399336Z","level":"INFO","msg":"Page Range bebugging","page_range:":["1-2"]}
Jul 17 11:11:23 vithsutra kiosk-server[2006197]: {"time":"2026-07-17T11:11:23.455418702Z","level":"INFO","msg":"file confirmed","session_id":"b3091f61-cfe4-482e-b3a0-d8e71cba20cb","file_id":"b2d8dcc5-fe3b-4274-94fc-79e9aba498de","file_name":"Undertaking-Internship (1).pdf","sheets":2,"price":10}
Jul 17 11:11:23 vithsutra kiosk-server[2006197]: DEBUG HeadObject → bucket: aiet-printflow-upload-prod  key: uploads/staging/97f8c9a7-4652-4522-978f-1083375ae8a2/b3091f61-cfe4-482e-b3a0-d8e71cba20cb/4eae2475-1574-455f-9905-1acdaa6d688b.pdf
Jul 17 11:11:23 vithsutra kiosk-server[2006197]: {"time":"2026-07-17T11:11:23.547192001Z","level":"INFO","msg":"file price calculated","price":1,"sheets":1,"num_of_pages":1,"copies":1,"page_layout":1,"printing_mode":"monochromatic","printing_side":"single_side"}
Jul 17 11:11:23 vithsutra kiosk-server[2006197]: {"time":"2026-07-17T11:11:23.547255775Z","level":"INFO","msg":"Total done bebug","TotalAmount:":11,"TotalSheetes:":3}
Jul 17 11:11:23 vithsutra kiosk-server[2006197]: {"time":"2026-07-17T11:11:23.547277086Z","level":"INFO","msg":"Page Range bebugging","page_range:":["1"]}
Jul 17 11:11:23 vithsutra kiosk-server[2006197]: {"time":"2026-07-17T11:11:23.547297152Z","level":"INFO","msg":"file confirmed","session_id":"b3091f61-cfe4-482e-b3a0-d8e71cba20cb","file_id":"4eae2475-1574-455f-9905-1acdaa6d688b","file_name":"Tejas_HOSTEL.pdf","sheets":1,"price":1}
Jul 17 11:11:23 vithsutra kiosk-server[2006197]: DEBUG HeadObject → bucket: aiet-printflow-upload-prod  key: uploads/staging/97f8c9a7-4652-4522-978f-1083375ae8a2/b3091f61-cfe4-482e-b3a0-d8e71cba20cb/778b16f8-726e-4f81-9b01-8992bf68ca7c.pdf
Jul 17 11:11:23 vithsutra kiosk-server[2006197]: {"time":"2026-07-17T11:11:23.639313411Z","level":"INFO","msg":"file price calculated","price":5,"sheets":1,"num_of_pages":1,"copies":1,"page_layout":1,"printing_mode":"color","printing_side":"single_side"}
Jul 17 11:11:23 vithsutra kiosk-server[2006197]: {"time":"2026-07-17T11:11:23.63937163Z","level":"INFO","msg":"Total done bebug","TotalAmount:":16,"TotalSheetes:":4}
Jul 17 11:11:23 vithsutra kiosk-server[2006197]: {"time":"2026-07-17T11:11:23.639391017Z","level":"INFO","msg":"Page Range bebugging","page_range:":["1"]}
Jul 17 11:11:23 vithsutra kiosk-server[2006197]: {"time":"2026-07-17T11:11:23.639411259Z","level":"INFO","msg":"file confirmed","session_id":"b3091f61-cfe4-482e-b3a0-d8e71cba20cb","file_id":"778b16f8-726e-4f81-9b01-8992bf68ca7c","file_name":"Internship Permission Letter.pdf.pdf","sheets":1,"price":5}
Jul 17 11:11:23 vithsutra kiosk-server[2006197]: DEBUG HeadObject → bucket: aiet-printflow-upload-prod  key: uploads/staging/97f8c9a7-4652-4522-978f-1083375ae8a2/b3091f61-cfe4-482e-b3a0-d8e71cba20cb/0fc0a9be-0978-4471-8f37-5445f957f305.pdf
Jul 17 11:11:23 vithsutra kiosk-server[2006197]: {"time":"2026-07-17T11:11:23.731601782Z","level":"INFO","msg":"file price calculated","price":5,"sheets":1,"num_of_pages":1,"copies":1,"page_layout":1,"printing_mode":"color","printing_side":"single_side"}
Jul 17 11:11:23 vithsutra kiosk-server[2006197]: {"time":"2026-07-17T11:11:23.731662957Z","level":"INFO","msg":"Total done bebug","TotalAmount:":21,"TotalSheetes:":5}
Jul 17 11:11:23 vithsutra kiosk-server[2006197]: {"time":"2026-07-17T11:11:23.731682815Z","level":"INFO","msg":"Page Range bebugging","page_range:":["1"]}
Jul 17 11:11:23 vithsutra kiosk-server[2006197]: {"time":"2026-07-17T11:11:23.73170462Z","level":"INFO","msg":"file confirmed","session_id":"b3091f61-cfe4-482e-b3a0-d8e71cba20cb","file_id":"0fc0a9be-0978-4471-8f37-5445f957f305","file_name":"Internship Permission Letter(danish).pdf.pdf","sheets":1,"price":5}
Jul 17 11:11:23 vithsutra kiosk-server[2006197]: DEBUG HeadObject → bucket: aiet-printflow-upload-prod  key: uploads/staging/97f8c9a7-4652-4522-978f-1083375ae8a2/b3091f61-cfe4-482e-b3a0-d8e71cba20cb/11c38536-56d3-433f-ace5-6ae85885ed4f.pdf
Jul 17 11:11:23 vithsutra kiosk-server[2006197]: {"time":"2026-07-17T11:11:23.822707269Z","level":"INFO","msg":"file price calculated","price":5,"sheets":1,"num_of_pages":1,"copies":1,"page_layout":1,"printing_mode":"color","printing_side":"single_side"}
Jul 17 11:11:23 vithsutra kiosk-server[2006197]: {"time":"2026-07-17T11:11:23.822773415Z","level":"INFO","msg":"Total done bebug","TotalAmount:":26,"TotalSheetes:":6}
Jul 17 11:11:23 vithsutra kiosk-server[2006197]: {"time":"2026-07-17T11:11:23.82279605Z","level":"INFO","msg":"Page Range bebugging","page_range:":["1"]}
Jul 17 11:11:23 vithsutra kiosk-server[2006197]: {"time":"2026-07-17T11:11:23.822819677Z","level":"INFO","msg":"file confirmed","session_id":"b3091f61-cfe4-482e-b3a0-d8e71cba20cb","file_id":"11c38536-56d3-433f-ace5-6ae85885ed4f","file_name":"ss final.pdf","sheets":1,"price":5}
Jul 17 11:11:23 vithsutra kiosk-server[2006197]: DEBUG: PageRange in UpdateFileWithPrintOptions: [1-2]
Jul 17 11:11:23 vithsutra kiosk-server[2006197]: DEBUG: PageRange in UpdateFileWithPrintOptions: [1]
Jul 17 11:11:24 vithsutra kiosk-server[2006197]: DEBUG: PageRange in UpdateFileWithPrintOptions: [1]
Jul 17 11:11:24 vithsutra kiosk-server[2006197]: DEBUG: PageRange in UpdateFileWithPrintOptions: [1]
Jul 17 11:11:24 vithsutra kiosk-server[2006197]: DEBUG: PageRange in UpdateFileWithPrintOptions: [1]
Jul 17 11:11:24 vithsutra kiosk-server[2006197]: {"time":"2026-07-17T11:11:24.333227639Z","level":"INFO","msg":"confirm upload completed","session_id":"b3091f61-cfe4-482e-b3a0-d8e71cba20cb","total_sheets":6,"total_amount":26}
Jul 17 11:11:24 vithsutra kiosk-server[2006197]: {"time":"2026-07-17T11:11:24.333399056Z","level":"INFO","msg":"request","method":"POST","path":"/files/upload/confirm","status":200,"bytes":1146,"duration_ms":1451,"request_id":"vithsutra/yJhBRTSzdo-005112","remote_addr":"2401:4900:91e6:5c7e:b769:d75c:1944:b099"}
Jul 17 11:11:24 vithsutra kiosk-server[2006197]: {"time":"2026-07-17T11:11:24.528477271Z","level":"INFO","msg":"request","method":"OPTIONS","path":"/payments/create","status":204,"bytes":0,"duration_ms":0,"request_id":"vithsutra/yJhBRTSzdo-005113","remote_addr":"2401:4900:91e6:5c7e:b769:d75c:1944:b099"}
Jul 17 11:11:24 vithsutra kiosk-server[2006197]: {"time":"2026-07-17T11:11:24.727662736Z","level":"INFO","msg":"create payment order started","session_id":"b3091f61-cfe4-482e-b3a0-d8e71cba20cb","amount_paise_frontend":2600}
Jul 17 11:11:27 vithsutra kiosk-server[2006197]: {"time":"2026-07-17T11:11:27.066139686Z","level":"INFO","msg":"razorpay order created","session_id":"b3091f61-cfe4-482e-b3a0-d8e71cba20cb","razorpay_order_id":"order_TEY4wWDV3CJM53","amount_paise":2600}
Jul 17 11:11:27 vithsutra kiosk-server[2006197]: {"time":"2026-07-17T11:11:27.167930452Z","level":"INFO","msg":"create payment order completed","session_id":"b3091f61-cfe4-482e-b3a0-d8e71cba20cb","payment_id":"a28506e7-5335-4347-b8e5-a6313954bea1","razorpay_order_id":"order_TEY4wWDV3CJM53"}
Jul 17 11:11:27 vithsutra kiosk-server[2006197]: {"time":"2026-07-17T11:11:27.167986363Z","level":"INFO","msg":"Amount:","Amount_paise":2600}
Jul 17 11:11:27 vithsutra kiosk-server[2006197]: {"time":"2026-07-17T11:11:27.16807852Z","level":"INFO","msg":"request","method":"POST","path":"/payments/create","status":201,"bytes":233,"duration_ms":2440,"request_id":"vithsutra/yJhBRTSzdo-005114","remote_addr":"2401:4900:91e6:5c7e:b769:d75c:1944:b099"}
Jul 17 11:11:55 vithsutra kiosk-server[2006197]: {"time":"2026-07-17T11:11:55.968545385Z","level":"INFO","msg":"webhook received","event":"payment.captured"}
Jul 17 11:11:55 vithsutra kiosk-server[2006197]: {"time":"2026-07-17T11:11:55.968585124Z","level":"INFO","msg":"processing payment success","razorpay_order_id":"order_TEY4wWDV3CJM53","razorpay_payment_id":"pay_TEY54dpjaTjcvg"}
Jul 17 11:11:56 vithsutra kiosk-server[2006197]: {"time":"2026-07-17T11:11:56.457319113Z","level":"INFO","msg":"file promoted","session_id":"b3091f61-cfe4-482e-b3a0-d8e71cba20cb","file_id":"11c38536-56d3-433f-ace5-6ae85885ed4f","final_key":"uploads/final/97f8c9a7-4652-4522-978f-1083375ae8a2/b3091f61-cfe4-482e-b3a0-d8e71cba20cb/11c38536-56d3-433f-ace5-6ae85885ed4f.pdf"}
Jul 17 11:11:56 vithsutra kiosk-server[2006197]: {"time":"2026-07-17T11:11:56.563557645Z","level":"INFO","msg":"file promoted","session_id":"b3091f61-cfe4-482e-b3a0-d8e71cba20cb","file_id":"b2d8dcc5-fe3b-4274-94fc-79e9aba498de","final_key":"uploads/final/97f8c9a7-4652-4522-978f-1083375ae8a2/b3091f61-cfe4-482e-b3a0-d8e71cba20cb/b2d8dcc5-fe3b-4274-94fc-79e9aba498de.pdf"}
Jul 17 11:11:56 vithsutra kiosk-server[2006197]: {"time":"2026-07-17T11:11:56.658952255Z","level":"INFO","msg":"file promoted","session_id":"b3091f61-cfe4-482e-b3a0-d8e71cba20cb","file_id":"4eae2475-1574-455f-9905-1acdaa6d688b","final_key":"uploads/final/97f8c9a7-4652-4522-978f-1083375ae8a2/b3091f61-cfe4-482e-b3a0-d8e71cba20cb/4eae2475-1574-455f-9905-1acdaa6d688b.pdf"}
Jul 17 11:11:56 vithsutra kiosk-server[2006197]: {"time":"2026-07-17T11:11:56.788496199Z","level":"INFO","msg":"file promoted","session_id":"b3091f61-cfe4-482e-b3a0-d8e71cba20cb","file_id":"778b16f8-726e-4f81-9b01-8992bf68ca7c","final_key":"uploads/final/97f8c9a7-4652-4522-978f-1083375ae8a2/b3091f61-cfe4-482e-b3a0-d8e71cba20cb/778b16f8-726e-4f81-9b01-8992bf68ca7c.pdf"}
Jul 17 11:11:56 vithsutra kiosk-server[2006197]: {"time":"2026-07-17T11:11:56.922870235Z","level":"INFO","msg":"file promoted","session_id":"b3091f61-cfe4-482e-b3a0-d8e71cba20cb","file_id":"0fc0a9be-0978-4471-8f37-5445f957f305","final_key":"uploads/final/97f8c9a7-4652-4522-978f-1083375ae8a2/b3091f61-cfe4-482e-b3a0-d8e71cba20cb/0fc0a9be-0978-4471-8f37-5445f957f305.pdf"}
Jul 17 11:11:57 vithsutra kiosk-server[2006197]: {"time":"2026-07-17T11:11:57.531151441Z","level":"INFO","msg":"payment success committed","session_id":"b3091f61-cfe4-482e-b3a0-d8e71cba20cb","razorpay_order_id":"order_TEY4wWDV3CJM53","razorpay_payment_id":"pay_TEY54dpjaTjcvg","files_promoted":5}
Jul 17 11:11:57 vithsutra kiosk-server[2006197]: {"time":"2026-07-17T11:11:57.53127312Z","level":"INFO","msg":"request","method":"POST","path":"/webhooks/razorpay","status":200,"bytes":21,"duration_ms":1562,"request_id":"vithsutra/yJhBRTSzdo-005115","remote_addr":"52.66.76.63"}
Jul 17 11:12:03 vithsutra kiosk-server[2006197]: {"time":"2026-07-17T11:12:03.161160718Z","level":"INFO","msg":"request","method":"OPTIONS","path":"/payments/status/b3091f61-cfe4-482e-b3a0-d8e71cba20cb","status":204,"bytes":0,"duration_ms":0,"request_id":"vithsutra/yJhBRTSzdo-005116","remote_addr":"2401:4900:91e6:5c7e:b769:d75c:1944:b099"}
Jul 17 11:12:03 vithsutra kiosk-server[2006197]: {"time":"2026-07-17T11:12:03.39146268Z","level":"INFO","msg":"get job by session ID started","session_id":"b3091f61-cfe4-482e-b3a0-d8e71cba20cb"}
Jul 17 11:12:03 vithsutra kiosk-server[2006197]: {"time":"2026-07-17T11:12:03.441646127Z","level":"INFO","msg":"Token Debugging","Token:":"202123"}
Jul 17 11:12:03 vithsutra kiosk-server[2006197]: {"time":"2026-07-17T11:12:03.493148348Z","level":"INFO","msg":"get job by session ID completed","session_id":"b3091f61-cfe4-482e-b3a0-d8e71cba20cb","file_count":5}
Jul 17 11:12:03 vithsutra kiosk-server[2006197]: {"time":"2026-07-17T11:12:03.493368039Z","level":"INFO","msg":"request","method":"GET","path":"/payments/status/b3091f61-cfe4-482e-b3a0-d8e71cba20cb","status":200,"bytes":2341,"duration_ms":101,"request_id":"vithsutra/yJhBRTSzdo-005117","remote_addr":"2401:4900:91e6:5c7e:b769:d75c:1944:b099"}
Jul 17 11:12:08 vithsutra kiosk-server[2006197]: {"time":"2026-07-17T11:12:08.130394248Z","level":"INFO","msg":"get job by token started","token":202123}
Jul 17 11:12:08 vithsutra kiosk-server[2006197]: DEBUG PRESIGN GET URL: https://aiet-printflow-upload-prod.s3.ap-south-1.amazonaws.com/uploads/final/97f8c9a7-4652-4522-978f-1083375ae8a2/b3091f61-cfe4-482e-b3a0-d8e71cba20cb/11c38536-56d3-433f-ace5-6ae85885ed4f.pdf?X-Amz-Algorithm=AWS4-HMAC-SHA256&X-Amz-Checksum-Mode=ENABLED&X-Amz-Credential=AKIAURY6ZINDKCABHGV3%2F20260717%2Fap-south-1%2Fs3%2Faws4_request&X-Amz-Date=20260717T111208Z&X-Amz-Expires=900&X-Amz-SignedHeaders=host&x-id=GetObject&X-Amz-Signature=4e60b1fd0555fc912d354b7c1e400a015afb033878fd0670a6b0793a5738f4e0
Jul 17 11:12:08 vithsutra kiosk-server[2006197]: {"time":"2026-07-17T11:12:08.283505189Z","level":"INFO","msg":"final_Key_Bebugging","final_key:":"uploads/final/97f8c9a7-4652-4522-978f-1083375ae8a2/b3091f61-cfe4-482e-b3a0-d8e71cba20cb/11c38536-56d3-433f-ace5-6ae85885ed4f.pdf"}
Jul 17 11:12:08 vithsutra kiosk-server[2006197]: DEBUG PRESIGN GET URL: https://aiet-printflow-upload-prod.s3.ap-south-1.amazonaws.com/uploads/final/97f8c9a7-4652-4522-978f-1083375ae8a2/b3091f61-cfe4-482e-b3a0-d8e71cba20cb/b2d8dcc5-fe3b-4274-94fc-79e9aba498de.pdf?X-Amz-Algorithm=AWS4-HMAC-SHA256&X-Amz-Checksum-Mode=ENABLED&X-Amz-Credential=AKIAURY6ZINDKCABHGV3%2F20260717%2Fap-south-1%2Fs3%2Faws4_request&X-Amz-Date=20260717T111208Z&X-Amz-Expires=900&X-Amz-SignedHeaders=host&x-id=GetObject&X-Amz-Signature=43b3e72e36b5b0f77a68ef1a5c1acb1ef8c5215500f53bfbdb79d6ab124ecfe5
Jul 17 11:12:08 vithsutra kiosk-server[2006197]: {"time":"2026-07-17T11:12:08.283911382Z","level":"INFO","msg":"final_Key_Bebugging","final_key:":"uploads/final/97f8c9a7-4652-4522-978f-1083375ae8a2/b3091f61-cfe4-482e-b3a0-d8e71cba20cb/b2d8dcc5-fe3b-4274-94fc-79e9aba498de.pdf"}
Jul 17 11:12:08 vithsutra kiosk-server[2006197]: DEBUG PRESIGN GET URL: https://aiet-printflow-upload-prod.s3.ap-south-1.amazonaws.com/uploads/final/97f8c9a7-4652-4522-978f-1083375ae8a2/b3091f61-cfe4-482e-b3a0-d8e71cba20cb/4eae2475-1574-455f-9905-1acdaa6d688b.pdf?X-Amz-Algorithm=AWS4-HMAC-SHA256&X-Amz-Checksum-Mode=ENABLED&X-Amz-Credential=AKIAURY6ZINDKCABHGV3%2F20260717%2Fap-south-1%2Fs3%2Faws4_request&X-Amz-Date=20260717T111208Z&X-Amz-Expires=900&X-Amz-SignedHeaders=host&x-id=GetObject&X-Amz-Signature=bc7a295b50777fa5d67b91b0b82921100e2c8445dc6b4246753b02923ef92963
Jul 17 11:12:08 vithsutra kiosk-server[2006197]: {"time":"2026-07-17T11:12:08.284235345Z","level":"INFO","msg":"final_Key_Bebugging","final_key:":"uploads/final/97f8c9a7-4652-4522-978f-1083375ae8a2/b3091f61-cfe4-482e-b3a0-d8e71cba20cb/4eae2475-1574-455f-9905-1acdaa6d688b.pdf"}
Jul 17 11:12:08 vithsutra kiosk-server[2006197]: DEBUG PRESIGN GET URL: https://aiet-printflow-upload-prod.s3.ap-south-1.amazonaws.com/uploads/final/97f8c9a7-4652-4522-978f-1083375ae8a2/b3091f61-cfe4-482e-b3a0-d8e71cba20cb/778b16f8-726e-4f81-9b01-8992bf68ca7c.pdf?X-Amz-Algorithm=AWS4-HMAC-SHA256&X-Amz-Checksum-Mode=ENABLED&X-Amz-Credential=AKIAURY6ZINDKCABHGV3%2F20260717%2Fap-south-1%2Fs3%2Faws4_request&X-Amz-Date=20260717T111208Z&X-Amz-Expires=900&X-Amz-SignedHeaders=host&x-id=GetObject&X-Amz-Signature=16580c06c7a09f2624b7c27a0f44e81c466af2138c78e79b3260918f098635c0
Jul 17 11:12:08 vithsutra kiosk-server[2006197]: {"time":"2026-07-17T11:12:08.284459648Z","level":"INFO","msg":"final_Key_Bebugging","final_key:":"uploads/final/97f8c9a7-4652-4522-978f-1083375ae8a2/b3091f61-cfe4-482e-b3a0-d8e71cba20cb/778b16f8-726e-4f81-9b01-8992bf68ca7c.pdf"}
Jul 17 11:12:08 vithsutra kiosk-server[2006197]: DEBUG PRESIGN GET URL: https://aiet-printflow-upload-prod.s3.ap-south-1.amazonaws.com/uploads/final/97f8c9a7-4652-4522-978f-1083375ae8a2/b3091f61-cfe4-482e-b3a0-d8e71cba20cb/0fc0a9be-0978-4471-8f37-5445f957f305.pdf?X-Amz-Algorithm=AWS4-HMAC-SHA256&X-Amz-Checksum-Mode=ENABLED&X-Amz-Credential=AKIAURY6ZINDKCABHGV3%2F20260717%2Fap-south-1%2Fs3%2Faws4_request&X-Amz-Date=20260717T111208Z&X-Amz-Expires=900&X-Amz-SignedHeaders=host&x-id=GetObject&X-Amz-Signature=b6e9705074542aab323207d3ee5a4f48e3422528d1867232cfa73611e775cf82
Jul 17 11:12:08 vithsutra kiosk-server[2006197]: {"time":"2026-07-17T11:12:08.284726718Z","level":"INFO","msg":"final_Key_Bebugging","final_key:":"uploads/final/97f8c9a7-4652-4522-978f-1083375ae8a2/b3091f61-cfe4-482e-b3a0-d8e71cba20cb/0fc0a9be-0978-4471-8f37-5445f957f305.pdf"}
Jul 17 11:12:08 vithsutra kiosk-server[2006197]: {"time":"2026-07-17T11:12:08.284745236Z","level":"INFO","msg":"get job by token completed","token":202123,"session_id":"b3091f61-cfe4-482e-b3a0-d8e71cba20cb","file_count":5}
Jul 17 11:12:08 vithsutra kiosk-server[2006197]: {"time":"2026-07-17T11:12:08.285043373Z","level":"INFO","msg":"request","method":"POST","path":"/print/jobs/token","status":200,"bytes":4035,"duration_ms":154,"request_id":"vithsutra/yJhBRTSzdo-005118","remote_addr":"103.89.233.254"}
Jul 17 11:12:32 vithsutra kiosk-server[2006197]: {"time":"2026-07-17T11:12:32.132969829Z","level":"INFO","msg":"expire session after printing started","session_id":"b3091f61-cfe4-482e-b3a0-d8e71cba20cb"}
Jul 17 11:12:32 vithsutra kiosk-server[2006197]: {"time":"2026-07-17T11:12:32.285916051Z","level":"INFO","msg":"session marked completed","session_id":"b3091f61-cfe4-482e-b3a0-d8e71cba20cb"}
Jul 17 11:12:32 vithsutra kiosk-server[2006197]: {"time":"2026-07-17T11:12:32.389009127Z","level":"WARN","msg":"no completed file found for session b3091f61-cfe4-482e-b3a0-d8e71cba20cb","code":"no_completed_file"}
Jul 17 11:12:32 vithsutra kiosk-server[2006197]: {"time":"2026-07-17T11:12:32.389187784Z","level":"INFO","msg":"request","method":"POST","path":"/print/jobs/expire","status":404,"bytes":124,"duration_ms":256,"request_id":"vithsutra/yJhBRTSzdo-005119","remote_addr":"103.89.233.254"}
Jul 17 11:12:48 vithsutra kiosk-server[2006197]: {"time":"2026-07-17T11:12:48.489593863Z","level":"INFO","msg":"expire session after printing started","session_id":"b3091f61-cfe4-482e-b3a0-d8e71cba20cb"}
Jul 17 11:12:48 vithsutra kiosk-server[2006197]: {"time":"2026-07-17T11:12:48.540219645Z","level":"WARN","msg":"this session has already been completed","code":"session_already_completed"}
Jul 17 11:12:48 vithsutra kiosk-server[2006197]: {"time":"2026-07-17T11:12:48.540269503Z","level":"INFO","msg":"request","method":"POST","path":"/print/jobs/expire","status":400,"bytes":99,"duration_ms":50,"request_id":"vithsutra/yJhBRTSzdo-005120","remote_addr":"103.89.233.254"}
Jul 17 11:12:58 vithsutra kiosk-server[2006197]: {"time":"2026-07-17T11:12:58.292119891Z","level":"INFO","msg":"expire session after printing started","session_id":"b3091f61-cfe4-482e-b3a0-d8e71cba20cb"}
Jul 17 11:12:58 vithsutra kiosk-server[2006197]: {"time":"2026-07-17T11:12:58.342883188Z","level":"WARN","msg":"this session has already been completed","code":"session_already_completed"}
Jul 17 11:12:58 vithsutra kiosk-server[2006197]: {"time":"2026-07-17T11:12:58.342974946Z","level":"INFO","msg":"request","method":"POST","path":"/print/jobs/expire","status":400,"bytes":99,"duration_ms":50,"request_id":"vithsutra/yJhBRTSzdo-005121","remote_addr":"103.89.233.254"}
Jul 17 11:13:11 vithsutra kiosk-server[2006197]: {"time":"2026-07-17T11:13:11.459694052Z","level":"INFO","msg":"expire session after printing started","session_id":"b3091f61-cfe4-482e-b3a0-d8e71cba20cb"}
Jul 17 11:13:11 vithsutra kiosk-server[2006197]: {"time":"2026-07-17T11:13:11.510221052Z","level":"WARN","msg":"this session has already been completed","code":"session_already_completed"}
Jul 17 11:13:11 vithsutra kiosk-server[2006197]: {"time":"2026-07-17T11:13:11.510323181Z","level":"INFO","msg":"request","method":"POST","path":"/print/jobs/expire","status":400,"bytes":99,"duration_ms":50,"request_id":"vithsutra/yJhBRTSzdo-005122","remote_addr":"103.89.233.254"}
Jul 17 11:13:24 vithsutra kiosk-server[2006197]: {"time":"2026-07-17T11:13:24.466278788Z","level":"INFO","msg":"expire session after printing started","session_id":"b3091f61-cfe4-482e-b3a0-d8e71cba20cb"}
Jul 17 11:13:24 vithsutra kiosk-server[2006197]: {"time":"2026-07-17T11:13:24.517528407Z","level":"WARN","msg":"this session has already been completed","code":"session_already_completed"}
Jul 17 11:13:24 vithsutra kiosk-server[2006197]: {"time":"2026-07-17T11:13:24.517624564Z","level":"INFO","msg":"request","method":"POST","path":"/print/jobs/expire","status":400,"bytes":99,"duration_ms":51,"request_id":"vithsutra/yJhBRTSzdo-005123","remote_addr":"103.89.233.254"}
Jul 17 11:26:45 vithsutra kiosk-server[2006197]: {"time":"2026-07-17T11:26:45.151108994Z","level":"INFO","msg":"webhook received","event":"payment.captured"}
Jul 17 11:26:45 vithsutra kiosk-server[2006197]: {"time":"2026-07-17T11:26:45.151154588Z","level":"INFO","msg":"processing payment success","razorpay_order_id":"order_TEWreL5UgTqkQJ","razorpay_payment_id":"pay_TEWrrbAZZk7FDX"}
Jul 17 11:26:46 vithsutra kiosk-server[2006197]: {"time":"2026-07-17T11:26:46.714208686Z","level":"ERROR","msg":"failed to promote file","session_id":"b48c6e04-5fd8-41d1-ab32-b631a14ecc82","file_id":"4b824022-0d62-4c1e-ae0d-db1bde1d6357","staging_key":"uploads/staging/ebbe6137-3966-4fb9-92bd-79ac60c0a6d3/b48c6e04-5fd8-41d1-ab32-b631a14ecc82/4b824022-0d62-4c1e-ae0d-db1bde1d6357.pdf","error":"failed to copy uploads/staging/ebbe6137-3966-4fb9-92bd-79ac60c0a6d3/b48c6e04-5fd8-41d1-ab32-b631a14ecc82/4b824022-0d62-4c1e-ae0d-db1bde1d6357.pdf → uploads/final/ebbe6137-3966-4fb9-92bd-79ac60c0a6d3/b48c6e04-5fd8-41d1-ab32-b631a14ecc82/4b824022-0d62-4c1e-ae0d-db1bde1d6357.pdf: operation error S3: CopyObject, https response error StatusCode: 403, RequestID: NCVMDGXTTKW04ZJQ, HostID: gmhboO5DJgIvVQr0Yvi0QlZY2ZKBZwaRrSbJp8iELEp2r1Ec8MOxAV5uWixubshlEqFOpH4bSuE=, api error AccessDenied: User: arn:aws:iam::313060311878:user/printflow-backend is not authorized to perform: s3:ListBucket on resource: \"arn:aws:s3:::aiet-printflow-upload-prod\" because no identity-based policy allows the s3:ListBucket action"}
Jul 17 11:26:46 vithsutra kiosk-server[2006197]: {"time":"2026-07-17T11:26:46.71428808Z","level":"ERROR","msg":"failed to promote file Tax 2-1.pdf to final storage","code":"internal_error","cause":"failed to copy uploads/staging/ebbe6137-3966-4fb9-92bd-79ac60c0a6d3/b48c6e04-5fd8-41d1-ab32-b631a14ecc82/4b824022-0d62-4c1e-ae0d-db1bde1d6357.pdf → uploads/final/ebbe6137-3966-4fb9-92bd-79ac60c0a6d3/b48c6e04-5fd8-41d1-ab32-b631a14ecc82/4b824022-0d62-4c1e-ae0d-db1bde1d6357.pdf: operation error S3: CopyObject, https response error StatusCode: 403, RequestID: NCVMDGXTTKW04ZJQ, HostID: gmhboO5DJgIvVQr0Yvi0QlZY2ZKBZwaRrSbJp8iELEp2r1Ec8MOxAV5uWixubshlEqFOpH4bSuE=, api error AccessDenied: User: arn:aws:iam::313060311878:user/printflow-backend is not authorized to perform: s3:ListBucket on resource: \"arn:aws:s3:::aiet-printflow-upload-prod\" because no identity-based policy allows the s3:ListBucket action"}
Jul 17 11:26:46 vithsutra kiosk-server[2006197]: {"time":"2026-07-17T11:26:46.714362763Z","level":"INFO","msg":"request","method":"POST","path":"/webhooks/razorpay","status":500,"bytes":100,"duration_ms":1563,"request_id":"vithsutra/yJhBRTSzdo-005124","remote_addr":"52.66.75.174"}
Jul 17 11:37:43 vithsutra kiosk-server[2006197]: {"time":"2026-07-17T11:37:43.548996984Z","level":"INFO","msg":"request","method":"OPTIONS","path":"/files/upload/init","status":204,"bytes":0,"duration_ms":0,"request_id":"vithsutra/yJhBRTSzdo-005125","remote_addr":"2401:4900:c953:99a:7c03:ccff:fe71:3a52"}
Jul 17 11:37:43 vithsutra kiosk-server[2006197]: {"time":"2026-07-17T11:37:43.695574919Z","level":"WARN","msg":"content_type is invalid; content_type is invalid","code":"validation_error"}
Jul 17 11:37:43 vithsutra kiosk-server[2006197]: {"time":"2026-07-17T11:37:43.695674407Z","level":"INFO","msg":"request","method":"POST","path":"/files/upload/init","status":400,"bytes":99,"duration_ms":0,"request_id":"vithsutra/yJhBRTSzdo-005126","remote_addr":"2401:4900:c953:99a:7c03:ccff:fe71:3a52"}
Jul 17 11:38:17 vithsutra kiosk-server[2006197]: {"time":"2026-07-17T11:38:17.790087869Z","level":"INFO","msg":"USERID","userId:":"638b0adb-7f10-4345-b469-67752d084c8e"}
Jul 17 11:38:17 vithsutra kiosk-server[2006197]: {"time":"2026-07-17T11:38:17.790129889Z","level":"INFO","msg":"USEREMAIL","userEmail:":"sharathdevraj0@gmail.com"}
Jul 17 11:38:17 vithsutra kiosk-server[2006197]: {"time":"2026-07-17T11:38:17.790145717Z","level":"INFO","msg":"init upload started","user_id":"638b0adb-7f10-4345-b469-67752d084c8e","file_count":1,"request_payload":{"files":[{"file_name":"Corporate Strategy outlines the course structure.pdf","content_type":"application/pdf"}]}}
Jul 17 11:38:19 vithsutra kiosk-server[2006197]: {"time":"2026-07-17T11:38:19.225950359Z","level":"INFO","msg":"upload session created","session_id":"95841485-6cf6-4f6a-9b9b-1025e4442b82","user_id":"638b0adb-7f10-4345-b469-67752d084c8e","expires_at":"2026-07-24T11:38:19.12373654Z"}
Jul 17 11:38:19 vithsutra kiosk-server[2006197]: {"time":"2026-07-17T11:38:19.379938179Z","level":"INFO","msg":"init upload completed","session_id":"95841485-6cf6-4f6a-9b9b-1025e4442b82","user_id":"638b0adb-7f10-4345-b469-67752d084c8e","file_count":1}
Jul 17 11:38:19 vithsutra kiosk-server[2006197]: {"time":"2026-07-17T11:38:19.38010869Z","level":"INFO","msg":"request","method":"POST","path":"/files/upload/init","status":201,"bytes":1010,"duration_ms":1590,"request_id":"vithsutra/yJhBRTSzdo-005127","remote_addr":"2401:4900:c953:99a:7c03:ccff:fe71:3a52"}
Jul 17 11:38:22 vithsutra kiosk-server[2006197]: {"time":"2026-07-17T11:38:22.276969708Z","level":"INFO","msg":"request","method":"OPTIONS","path":"/files/upload/confirm","status":204,"bytes":0,"duration_ms":0,"request_id":"vithsutra/yJhBRTSzdo-005128","remote_addr":"2401:4900:c953:99a:7c03:ccff:fe71:3a52"}
Jul 17 11:38:22 vithsutra kiosk-server[2006197]: {"time":"2026-07-17T11:38:22.566055923Z","level":"INFO","msg":"confirm upload started","session_id":"95841485-6cf6-4f6a-9b9b-1025e4442b82","file_count":1}
Jul 17 11:38:22 vithsutra kiosk-server[2006197]: {"time":"2026-07-17T11:38:22.667299868Z","level":"INFO","msg":"session validated for confirm","session_id":"95841485-6cf6-4f6a-9b9b-1025e4442b82","status":"created"}
Jul 17 11:38:22 vithsutra kiosk-server[2006197]: DEBUG HeadObject → bucket: aiet-printflow-upload-prod  key: uploads/staging/638b0adb-7f10-4345-b469-67752d084c8e/95841485-6cf6-4f6a-9b9b-1025e4442b82/6ca9f080-1392-49e5-8f61-2f999d2a5948.pdf
Jul 17 11:38:23 vithsutra kiosk-server[2006197]: {"time":"2026-07-17T11:38:23.218104344Z","level":"INFO","msg":"file price calculated","price":16,"sheets":8,"num_of_pages":32,"copies":1,"page_layout":2,"printing_mode":"monochromatic","printing_side":"double_side"}
Jul 17 11:38:23 vithsutra kiosk-server[2006197]: {"time":"2026-07-17T11:38:23.218162092Z","level":"INFO","msg":"Total done bebug","TotalAmount:":16,"TotalSheetes:":8}
Jul 17 11:38:23 vithsutra kiosk-server[2006197]: {"time":"2026-07-17T11:38:23.218181953Z","level":"INFO","msg":"Page Range bebugging","page_range:":["1-32"]}
Jul 17 11:38:23 vithsutra kiosk-server[2006197]: {"time":"2026-07-17T11:38:23.218201662Z","level":"INFO","msg":"file confirmed","session_id":"95841485-6cf6-4f6a-9b9b-1025e4442b82","file_id":"6ca9f080-1392-49e5-8f61-2f999d2a5948","file_name":"Corporate Strategy outlines the course structure.pdf","sheets":8,"price":16}
Jul 17 11:38:23 vithsutra kiosk-server[2006197]: DEBUG: PageRange in UpdateFileWithPrintOptions: [1-32]
Jul 17 11:38:23 vithsutra kiosk-server[2006197]: {"time":"2026-07-17T11:38:23.520667707Z","level":"INFO","msg":"confirm upload completed","session_id":"95841485-6cf6-4f6a-9b9b-1025e4442b82","total_sheets":8,"total_amount":16}
Jul 17 11:38:23 vithsutra kiosk-server[2006197]: {"time":"2026-07-17T11:38:23.520808907Z","level":"INFO","msg":"request","method":"POST","path":"/files/upload/confirm","status":200,"bytes":389,"duration_ms":954,"request_id":"vithsutra/yJhBRTSzdo-005129","remote_addr":"2401:4900:c953:99a:7c03:ccff:fe71:3a52"}
Jul 17 11:38:23 vithsutra kiosk-server[2006197]: {"time":"2026-07-17T11:38:23.674128586Z","level":"INFO","msg":"request","method":"OPTIONS","path":"/payments/create","status":204,"bytes":0,"duration_ms":0,"request_id":"vithsutra/yJhBRTSzdo-005130","remote_addr":"2401:4900:c953:99a:7c03:ccff:fe71:3a52"}
Jul 17 11:38:23 vithsutra kiosk-server[2006197]: {"time":"2026-07-17T11:38:23.857408424Z","level":"INFO","msg":"create payment order started","session_id":"95841485-6cf6-4f6a-9b9b-1025e4442b82","amount_paise_frontend":1600}
Jul 17 11:38:24 vithsutra kiosk-server[2006197]: {"time":"2026-07-17T11:38:24.471200627Z","level":"INFO","msg":"razorpay order created","session_id":"95841485-6cf6-4f6a-9b9b-1025e4442b82","razorpay_order_id":"order_TEYXPzuiTE2B1F","amount_paise":1600}
Jul 17 11:38:24 vithsutra kiosk-server[2006197]: {"time":"2026-07-17T11:38:24.574409345Z","level":"INFO","msg":"create payment order completed","session_id":"95841485-6cf6-4f6a-9b9b-1025e4442b82","payment_id":"a556b9b0-2fd8-4eaa-a42c-e66866ed68f9","razorpay_order_id":"order_TEYXPzuiTE2B1F"}
Jul 17 11:38:24 vithsutra kiosk-server[2006197]: {"time":"2026-07-17T11:38:24.574430708Z","level":"INFO","msg":"Amount:","Amount_paise":1600}
Jul 17 11:38:24 vithsutra kiosk-server[2006197]: {"time":"2026-07-17T11:38:24.574472285Z","level":"INFO","msg":"request","method":"POST","path":"/payments/create","status":201,"bytes":233,"duration_ms":717,"request_id":"vithsutra/yJhBRTSzdo-005131","remote_addr":"2401:4900:c953:99a:7c03:ccff:fe71:3a52"}
Jul 17 11:38:47 vithsutra kiosk-server[2006197]: {"time":"2026-07-17T11:38:47.964080494Z","level":"INFO","msg":"webhook received","event":"payment.captured"}
Jul 17 11:38:47 vithsutra kiosk-server[2006197]: {"time":"2026-07-17T11:38:47.964123967Z","level":"INFO","msg":"processing payment success","razorpay_order_id":"order_TEYXPzuiTE2B1F","razorpay_payment_id":"pay_TEYXVevM03bSPy"}
Jul 17 11:38:48 vithsutra kiosk-server[2006197]: {"time":"2026-07-17T11:38:48.439494599Z","level":"INFO","msg":"file promoted","session_id":"95841485-6cf6-4f6a-9b9b-1025e4442b82","file_id":"6ca9f080-1392-49e5-8f61-2f999d2a5948","final_key":"uploads/final/638b0adb-7f10-4345-b469-67752d084c8e/95841485-6cf6-4f6a-9b9b-1025e4442b82/6ca9f080-1392-49e5-8f61-2f999d2a5948.pdf"}
Jul 17 11:38:48 vithsutra kiosk-server[2006197]: {"time":"2026-07-17T11:38:48.8526989Z","level":"INFO","msg":"payment success committed","session_id":"95841485-6cf6-4f6a-9b9b-1025e4442b82","razorpay_order_id":"order_TEYXPzuiTE2B1F","razorpay_payment_id":"pay_TEYXVevM03bSPy","files_promoted":1}
Jul 17 11:38:48 vithsutra kiosk-server[2006197]: {"time":"2026-07-17T11:38:48.852812515Z","level":"INFO","msg":"request","method":"POST","path":"/webhooks/razorpay","status":200,"bytes":21,"duration_ms":888,"request_id":"vithsutra/yJhBRTSzdo-005132","remote_addr":"52.66.75.174"}
Jul 17 11:38:55 vithsutra kiosk-server[2006197]: {"time":"2026-07-17T11:38:55.847997261Z","level":"INFO","msg":"request","method":"OPTIONS","path":"/payments/status/95841485-6cf6-4f6a-9b9b-1025e4442b82","status":204,"bytes":0,"duration_ms":0,"request_id":"vithsutra/yJhBRTSzdo-005133","remote_addr":"2401:4900:c953:99a:7c03:ccff:fe71:3a52"}
Jul 17 11:38:56 vithsutra kiosk-server[2006197]: {"time":"2026-07-17T11:38:56.021526205Z","level":"INFO","msg":"get job by session ID started","session_id":"95841485-6cf6-4f6a-9b9b-1025e4442b82"}
Jul 17 11:38:56 vithsutra kiosk-server[2006197]: {"time":"2026-07-17T11:38:56.071696999Z","level":"INFO","msg":"Token Debugging","Token:":"367181"}
Jul 17 11:38:56 vithsutra kiosk-server[2006197]: {"time":"2026-07-17T11:38:56.122482667Z","level":"INFO","msg":"get job by session ID completed","session_id":"95841485-6cf6-4f6a-9b9b-1025e4442b82","file_count":1}
Jul 17 11:38:56 vithsutra kiosk-server[2006197]: {"time":"2026-07-17T11:38:56.122561574Z","level":"INFO","msg":"request","method":"GET","path":"/payments/status/95841485-6cf6-4f6a-9b9b-1025e4442b82","status":200,"bytes":724,"duration_ms":101,"request_id":"vithsutra/yJhBRTSzdo-005134","remote_addr":"2401:4900:c953:99a:7c03:ccff:fe71:3a52"}
Jul 17 11:39:02 vithsutra kiosk-server[2006197]: {"time":"2026-07-17T11:39:02.021754544Z","level":"INFO","msg":"get job by token started","token":367181}
Jul 17 11:39:02 vithsutra kiosk-server[2006197]: DEBUG PRESIGN GET URL: https://aiet-printflow-upload-prod.s3.ap-south-1.amazonaws.com/uploads/final/638b0adb-7f10-4345-b469-67752d084c8e/95841485-6cf6-4f6a-9b9b-1025e4442b82/6ca9f080-1392-49e5-8f61-2f999d2a5948.pdf?X-Amz-Algorithm=AWS4-HMAC-SHA256&X-Amz-Checksum-Mode=ENABLED&X-Amz-Credential=AKIAURY6ZINDKCABHGV3%2F20260717%2Fap-south-1%2Fs3%2Faws4_request&X-Amz-Date=20260717T113902Z&X-Amz-Expires=900&X-Amz-SignedHeaders=host&x-id=GetObject&X-Amz-Signature=844c5bb855c3f1899cd21bb99779d41698084c59d0e76c38ed7b5160e4890389
Jul 17 11:39:02 vithsutra kiosk-server[2006197]: {"time":"2026-07-17T11:39:02.174294987Z","level":"INFO","msg":"final_Key_Bebugging","final_key:":"uploads/final/638b0adb-7f10-4345-b469-67752d084c8e/95841485-6cf6-4f6a-9b9b-1025e4442b82/6ca9f080-1392-49e5-8f61-2f999d2a5948.pdf"}
Jul 17 11:39:02 vithsutra kiosk-server[2006197]: {"time":"2026-07-17T11:39:02.174319371Z","level":"INFO","msg":"get job by token completed","token":367181,"session_id":"95841485-6cf6-4f6a-9b9b-1025e4442b82","file_count":1}
Jul 17 11:39:02 vithsutra kiosk-server[2006197]: {"time":"2026-07-17T11:39:02.17442539Z","level":"INFO","msg":"request","method":"POST","path":"/print/jobs/token","status":200,"bytes":990,"duration_ms":152,"request_id":"vithsutra/yJhBRTSzdo-005135","remote_addr":"103.89.233.254"}
Jul 17 11:40:20 vithsutra kiosk-server[2006197]: {"time":"2026-07-17T11:40:20.968023827Z","level":"INFO","msg":"printer error received","session_id":"95841485-6cf6-4f6a-9b9b-1025e4442b82","printer_id":"","error":"paper_out_of_bounds"}
Jul 17 11:40:21 vithsutra kiosk-server[2006197]: {"time":"2026-07-17T11:40:21.814478301Z","level":"INFO","msg":"printer alert email sent successfully","error":"paper_out_of_bounds"}
Jul 17 11:40:21 vithsutra kiosk-server[2006197]: {"time":"2026-07-17T11:40:21.814567076Z","level":"INFO","msg":"request","method":"POST","path":"/print/jobs/error","status":200,"bytes":21,"duration_ms":846,"request_id":"vithsutra/yJhBRTSzdo-005136","remote_addr":"103.89.233.254"}
Jul 17 11:46:19 vithsutra kiosk-server[2006197]: {"time":"2026-07-17T11:46:19.982130213Z","level":"INFO","msg":"expire session after printing started","session_id":"95841485-6cf6-4f6a-9b9b-1025e4442b82"}
Jul 17 11:46:21 vithsutra kiosk-server[2006197]: {"time":"2026-07-17T11:46:21.216501186Z","level":"INFO","msg":"session marked completed","session_id":"95841485-6cf6-4f6a-9b9b-1025e4442b82"}
Jul 17 11:46:21 vithsutra kiosk-server[2006197]: {"time":"2026-07-17T11:46:21.34952374Z","level":"WARN","msg":"no completed file found for session 95841485-6cf6-4f6a-9b9b-1025e4442b82","code":"no_completed_file"}
Jul 17 11:46:21 vithsutra kiosk-server[2006197]: {"time":"2026-07-17T11:46:21.349705687Z","level":"INFO","msg":"request","method":"POST","path":"/print/jobs/expire","status":404,"bytes":124,"duration_ms":1367,"request_id":"vithsutra/yJhBRTSzdo-005137","remote_addr":"103.89.233.254"}
Jul 17 12:26:58 vithsutra kiosk-server[2006197]: {"time":"2026-07-17T12:26:58.40582694Z","level":"INFO","msg":"get job by token started","token":200088}
Jul 17 12:26:59 vithsutra kiosk-server[2006197]: {"time":"2026-07-17T12:26:59.414282858Z","level":"WARN","msg":"the token you entered is invalid","code":"invalid_token"}
Jul 17 12:26:59 vithsutra kiosk-server[2006197]: {"time":"2026-07-17T12:26:59.414389201Z","level":"INFO","msg":"request","method":"POST","path":"/print/jobs/token","status":404,"bytes":80,"duration_ms":1008,"request_id":"vithsutra/yJhBRTSzdo-005138","remote_addr":"103.89.233.254"}
Jul 17 12:52:09 vithsutra kiosk-server[2006197]: {"time":"2026-07-17T12:52:09.114706616Z","level":"INFO","msg":"webhook received","event":"payment.captured"}
Jul 17 12:52:09 vithsutra kiosk-server[2006197]: {"time":"2026-07-17T12:52:09.114753246Z","level":"INFO","msg":"processing payment success","razorpay_order_id":"order_TEWreL5UgTqkQJ","razorpay_payment_id":"pay_TEWrrbAZZk7FDX"}
Jul 17 12:52:13 vithsutra kiosk-server[2006197]: {"time":"2026-07-17T12:52:13.616698272Z","level":"ERROR","msg":"failed to fetch payment","code":"internal_error","cause":"repository.GetPaymentByOrderID: failed to connect to `host=dpg-d81iav8g4nts739ho6hg-a.singapore-postgres.render.com user=printpoint database=kiosk_db_75zc`: hostname resolving error (lookup dpg-d81iav8g4nts739ho6hg-a.singapore-postgres.render.com on 127.0.0.53:53: read udp 127.0.0.1:46269->127.0.0.53:53: i/o timeout)"}
Jul 17 12:52:13 vithsutra kiosk-server[2006197]: {"time":"2026-07-17T12:52:13.616789424Z","level":"INFO","msg":"request","method":"POST","path":"/webhooks/razorpay","status":500,"bytes":72,"duration_ms":4502,"request_id":"vithsutra/yJhBRTSzdo-005139","remote_addr":"52.66.75.174"}
Jul 17 13:13:23 vithsutra kiosk-server[2006197]: {"time":"2026-07-17T13:13:23.138117075Z","level":"INFO","msg":"request","method":"OPTIONS","path":"/files/upload/init","status":204,"bytes":0,"duration_ms":0,"request_id":"vithsutra/yJhBRTSzdo-005140","remote_addr":"2401:4900:c947:df33:a8c6:c0ff:fe39:e491"}
Jul 17 13:13:23 vithsutra kiosk-server[2006197]: {"time":"2026-07-17T13:13:23.351992573Z","level":"INFO","msg":"USERID","userId:":"638b0adb-7f10-4345-b469-67752d084c8e"}
Jul 17 13:13:23 vithsutra kiosk-server[2006197]: {"time":"2026-07-17T13:13:23.352010584Z","level":"INFO","msg":"USEREMAIL","userEmail:":"sharathdevraj0@gmail.com"}
Jul 17 13:13:23 vithsutra kiosk-server[2006197]: {"time":"2026-07-17T13:13:23.352016926Z","level":"INFO","msg":"init upload started","user_id":"638b0adb-7f10-4345-b469-67752d084c8e","file_count":1,"request_payload":{"files":[{"file_name":"Corporate Strategy outlines the course structure.pdf","content_type":"application/pdf"}]}}
Jul 17 13:13:24 vithsutra kiosk-server[2006197]: {"time":"2026-07-17T13:13:24.92295302Z","level":"INFO","msg":"upload session created","session_id":"eed6fbd5-ff52-42eb-8961-7f5c07e9e940","user_id":"638b0adb-7f10-4345-b469-67752d084c8e","expires_at":"2026-07-24T13:13:24.787475201Z"}
Jul 17 13:13:25 vithsutra kiosk-server[2006197]: {"time":"2026-07-17T13:13:25.126607134Z","level":"INFO","msg":"init upload completed","session_id":"eed6fbd5-ff52-42eb-8961-7f5c07e9e940","user_id":"638b0adb-7f10-4345-b469-67752d084c8e","file_count":1}
Jul 17 13:13:25 vithsutra kiosk-server[2006197]: {"time":"2026-07-17T13:13:25.126786735Z","level":"INFO","msg":"request","method":"POST","path":"/files/upload/init","status":201,"bytes":1011,"duration_ms":1774,"request_id":"vithsutra/yJhBRTSzdo-005141","remote_addr":"2401:4900:c947:df33:a8c6:c0ff:fe39:e491"}
Jul 17 13:13:27 vithsutra kiosk-server[2006197]: {"time":"2026-07-17T13:13:27.339348324Z","level":"INFO","msg":"request","method":"OPTIONS","path":"/files/upload/confirm","status":204,"bytes":0,"duration_ms":0,"request_id":"vithsutra/yJhBRTSzdo-005142","remote_addr":"2401:4900:c947:df33:a8c6:c0ff:fe39:e491"}
Jul 17 13:13:27 vithsutra kiosk-server[2006197]: {"time":"2026-07-17T13:13:27.578676061Z","level":"INFO","msg":"confirm upload started","session_id":"eed6fbd5-ff52-42eb-8961-7f5c07e9e940","file_count":1}
Jul 17 13:13:27 vithsutra kiosk-server[2006197]: {"time":"2026-07-17T13:13:27.71211958Z","level":"INFO","msg":"session validated for confirm","session_id":"eed6fbd5-ff52-42eb-8961-7f5c07e9e940","status":"created"}
Jul 17 13:13:27 vithsutra kiosk-server[2006197]: DEBUG HeadObject → bucket: aiet-printflow-upload-prod  key: uploads/staging/638b0adb-7f10-4345-b469-67752d084c8e/eed6fbd5-ff52-42eb-8961-7f5c07e9e940/714b9f0d-d473-4322-9c95-80df07080acd.pdf
Jul 17 13:13:28 vithsutra kiosk-server[2006197]: {"time":"2026-07-17T13:13:28.04563742Z","level":"INFO","msg":"file price calculated","price":16,"sheets":16,"num_of_pages":32,"copies":1,"page_layout":2,"printing_mode":"monochromatic","printing_side":"single_side"}
Jul 17 13:13:28 vithsutra kiosk-server[2006197]: {"time":"2026-07-17T13:13:28.045693786Z","level":"INFO","msg":"Total done bebug","TotalAmount:":16,"TotalSheetes:":16}
Jul 17 13:13:28 vithsutra kiosk-server[2006197]: {"time":"2026-07-17T13:13:28.045712052Z","level":"INFO","msg":"Page Range bebugging","page_range:":["1-32"]}
Jul 17 13:13:28 vithsutra kiosk-server[2006197]: {"time":"2026-07-17T13:13:28.04573209Z","level":"INFO","msg":"file confirmed","session_id":"eed6fbd5-ff52-42eb-8961-7f5c07e9e940","file_id":"714b9f0d-d473-4322-9c95-80df07080acd","file_name":"Corporate Strategy outlines the course structure.pdf","sheets":16,"price":16}
Jul 17 13:13:28 vithsutra kiosk-server[2006197]: DEBUG: PageRange in UpdateFileWithPrintOptions: [1-32]
Jul 17 13:13:28 vithsutra kiosk-server[2006197]: {"time":"2026-07-17T13:13:28.447327502Z","level":"INFO","msg":"confirm upload completed","session_id":"eed6fbd5-ff52-42eb-8961-7f5c07e9e940","total_sheets":16,"total_amount":16}
Jul 17 13:13:28 vithsutra kiosk-server[2006197]: {"time":"2026-07-17T13:13:28.447469711Z","level":"INFO","msg":"request","method":"POST","path":"/files/upload/confirm","status":200,"bytes":390,"duration_ms":868,"request_id":"vithsutra/yJhBRTSzdo-005143","remote_addr":"2401:4900:c947:df33:a8c6:c0ff:fe39:e491"}
Jul 17 13:13:28 vithsutra kiosk-server[2006197]: {"time":"2026-07-17T13:13:28.83223516Z","level":"INFO","msg":"request","method":"OPTIONS","path":"/payments/create","status":204,"bytes":0,"duration_ms":0,"request_id":"vithsutra/yJhBRTSzdo-005144","remote_addr":"2401:4900:c947:df33:a8c6:c0ff:fe39:e491"}
Jul 17 13:13:29 vithsutra kiosk-server[2006197]: {"time":"2026-07-17T13:13:29.065255285Z","level":"INFO","msg":"create payment order started","session_id":"eed6fbd5-ff52-42eb-8961-7f5c07e9e940","amount_paise_frontend":1600}
Jul 17 13:13:29 vithsutra kiosk-server[2006197]: {"time":"2026-07-17T13:13:29.805367737Z","level":"INFO","msg":"razorpay order created","session_id":"eed6fbd5-ff52-42eb-8961-7f5c07e9e940","razorpay_order_id":"order_TEa9rcUNYAo7uz","amount_paise":1600}
Jul 17 13:13:29 vithsutra kiosk-server[2006197]: {"time":"2026-07-17T13:13:29.939704825Z","level":"INFO","msg":"create payment order completed","session_id":"eed6fbd5-ff52-42eb-8961-7f5c07e9e940","payment_id":"01ac56c1-323b-4531-912d-357538c71e68","razorpay_order_id":"order_TEa9rcUNYAo7uz"}
Jul 17 13:13:29 vithsutra kiosk-server[2006197]: {"time":"2026-07-17T13:13:29.93975191Z","level":"INFO","msg":"Amount:","Amount_paise":1600}
Jul 17 13:13:29 vithsutra kiosk-server[2006197]: {"time":"2026-07-17T13:13:29.939826751Z","level":"INFO","msg":"request","method":"POST","path":"/payments/create","status":201,"bytes":233,"duration_ms":874,"request_id":"vithsutra/yJhBRTSzdo-005145","remote_addr":"2401:4900:c947:df33:a8c6:c0ff:fe39:e491"}
Jul 17 13:14:02 vithsutra kiosk-server[2006197]: {"time":"2026-07-17T13:14:02.140624153Z","level":"INFO","msg":"webhook received","event":"payment.captured"}
Jul 17 13:14:02 vithsutra kiosk-server[2006197]: {"time":"2026-07-17T13:14:02.140657032Z","level":"INFO","msg":"processing payment success","razorpay_order_id":"order_TEa9rcUNYAo7uz","razorpay_payment_id":"pay_TEaA0yZaZMkbfr"}
Jul 17 13:14:02 vithsutra kiosk-server[2006197]: {"time":"2026-07-17T13:14:02.791372087Z","level":"INFO","msg":"file promoted","session_id":"eed6fbd5-ff52-42eb-8961-7f5c07e9e940","file_id":"714b9f0d-d473-4322-9c95-80df07080acd","final_key":"uploads/final/638b0adb-7f10-4345-b469-67752d084c8e/eed6fbd5-ff52-42eb-8961-7f5c07e9e940/714b9f0d-d473-4322-9c95-80df07080acd.pdf"}
Jul 17 13:14:03 vithsutra kiosk-server[2006197]: {"time":"2026-07-17T13:14:03.327656959Z","level":"INFO","msg":"payment success committed","session_id":"eed6fbd5-ff52-42eb-8961-7f5c07e9e940","razorpay_order_id":"order_TEa9rcUNYAo7uz","razorpay_payment_id":"pay_TEaA0yZaZMkbfr","files_promoted":1}
Jul 17 13:14:03 vithsutra kiosk-server[2006197]: {"time":"2026-07-17T13:14:03.3277511Z","level":"INFO","msg":"request","method":"POST","path":"/webhooks/razorpay","status":200,"bytes":21,"duration_ms":1187,"request_id":"vithsutra/yJhBRTSzdo-005146","remote_addr":"52.66.75.174"}
Jul 17 13:14:07 vithsutra kiosk-server[2006197]: {"time":"2026-07-17T13:14:07.243354808Z","level":"INFO","msg":"request","method":"OPTIONS","path":"/payments/status/eed6fbd5-ff52-42eb-8961-7f5c07e9e940","status":204,"bytes":0,"duration_ms":0,"request_id":"vithsutra/yJhBRTSzdo-005147","remote_addr":"2401:4900:c947:df33:a8c6:c0ff:fe39:e491"}
Jul 17 13:14:07 vithsutra kiosk-server[2006197]: {"time":"2026-07-17T13:14:07.418153279Z","level":"INFO","msg":"get job by session ID started","session_id":"eed6fbd5-ff52-42eb-8961-7f5c07e9e940"}
Jul 17 13:14:07 vithsutra kiosk-server[2006197]: {"time":"2026-07-17T13:14:07.485950625Z","level":"INFO","msg":"Token Debugging","Token:":"987541"}
Jul 17 13:14:07 vithsutra kiosk-server[2006197]: {"time":"2026-07-17T13:14:07.554812628Z","level":"INFO","msg":"get job by session ID completed","session_id":"eed6fbd5-ff52-42eb-8961-7f5c07e9e940","file_count":1}
Jul 17 13:14:07 vithsutra kiosk-server[2006197]: {"time":"2026-07-17T13:14:07.555014155Z","level":"INFO","msg":"request","method":"GET","path":"/payments/status/eed6fbd5-ff52-42eb-8961-7f5c07e9e940","status":200,"bytes":725,"duration_ms":137,"request_id":"vithsutra/yJhBRTSzdo-005148","remote_addr":"2401:4900:c947:df33:a8c6:c0ff:fe39:e491"}
Jul 17 13:14:12 vithsutra kiosk-server[2006197]: {"time":"2026-07-17T13:14:12.306508015Z","level":"INFO","msg":"get job by token started","token":987541}
Jul 17 13:14:12 vithsutra kiosk-server[2006197]: DEBUG PRESIGN GET URL: https://aiet-printflow-upload-prod.s3.ap-south-1.amazonaws.com/uploads/final/638b0adb-7f10-4345-b469-67752d084c8e/eed6fbd5-ff52-42eb-8961-7f5c07e9e940/714b9f0d-d473-4322-9c95-80df07080acd.pdf?X-Amz-Algorithm=AWS4-HMAC-SHA256&X-Amz-Checksum-Mode=ENABLED&X-Amz-Credential=AKIAURY6ZINDKCABHGV3%2F20260717%2Fap-south-1%2Fs3%2Faws4_request&X-Amz-Date=20260717T131412Z&X-Amz-Expires=900&X-Amz-SignedHeaders=host&x-id=GetObject&X-Amz-Signature=0e3fe91a018eab04ef563886799106d85ca6bb790ecdd95da310a6f47ecfe486
Jul 17 13:14:12 vithsutra kiosk-server[2006197]: {"time":"2026-07-17T13:14:12.509057674Z","level":"INFO","msg":"final_Key_Bebugging","final_key:":"uploads/final/638b0adb-7f10-4345-b469-67752d084c8e/eed6fbd5-ff52-42eb-8961-7f5c07e9e940/714b9f0d-d473-4322-9c95-80df07080acd.pdf"}
Jul 17 13:14:12 vithsutra kiosk-server[2006197]: {"time":"2026-07-17T13:14:12.509089952Z","level":"INFO","msg":"get job by token completed","token":987541,"session_id":"eed6fbd5-ff52-42eb-8961-7f5c07e9e940","file_count":1}
Jul 17 13:14:12 vithsutra kiosk-server[2006197]: {"time":"2026-07-17T13:14:12.509180133Z","level":"INFO","msg":"request","method":"POST","path":"/print/jobs/token","status":200,"bytes":992,"duration_ms":202,"request_id":"vithsutra/yJhBRTSzdo-005149","remote_addr":"103.89.233.254"}
Jul 17 13:15:45 vithsutra kiosk-server[2006197]: {"time":"2026-07-17T13:15:45.951545812Z","level":"INFO","msg":"USERID","userId:":"638b0adb-7f10-4345-b469-67752d084c8e"}
Jul 17 13:15:45 vithsutra kiosk-server[2006197]: {"time":"2026-07-17T13:15:45.951569829Z","level":"INFO","msg":"USEREMAIL","userEmail:":"sharathdevraj0@gmail.com"}
Jul 17 13:15:45 vithsutra kiosk-server[2006197]: {"time":"2026-07-17T13:15:45.951577221Z","level":"INFO","msg":"init upload started","user_id":"638b0adb-7f10-4345-b469-67752d084c8e","file_count":1,"request_payload":{"files":[{"file_name":"cs.pdf","content_type":"application/pdf"}]}}
Jul 17 13:15:46 vithsutra kiosk-server[2006197]: {"time":"2026-07-17T13:15:46.084866529Z","level":"INFO","msg":"upload session created","session_id":"7c67754d-381f-4dee-b72f-95d171469b91","user_id":"638b0adb-7f10-4345-b469-67752d084c8e","expires_at":"2026-07-24T13:15:46.01798216Z"}
Jul 17 13:15:46 vithsutra kiosk-server[2006197]: {"time":"2026-07-17T13:15:46.219968732Z","level":"INFO","msg":"init upload completed","session_id":"7c67754d-381f-4dee-b72f-95d171469b91","user_id":"638b0adb-7f10-4345-b469-67752d084c8e","file_count":1}
Jul 17 13:15:46 vithsutra kiosk-server[2006197]: {"time":"2026-07-17T13:15:46.220122486Z","level":"INFO","msg":"request","method":"POST","path":"/files/upload/init","status":201,"bytes":964,"duration_ms":268,"request_id":"vithsutra/yJhBRTSzdo-005150","remote_addr":"2401:4900:c947:df33:a8c6:c0ff:fe39:e491"}
Jul 17 13:15:48 vithsutra kiosk-server[2006197]: {"time":"2026-07-17T13:15:48.52572861Z","level":"INFO","msg":"expire session after printing started","session_id":"eed6fbd5-ff52-42eb-8961-7f5c07e9e940"}
Jul 17 13:15:48 vithsutra kiosk-server[2006197]: {"time":"2026-07-17T13:15:48.726802867Z","level":"INFO","msg":"session marked completed","session_id":"eed6fbd5-ff52-42eb-8961-7f5c07e9e940"}
Jul 17 13:15:48 vithsutra kiosk-server[2006197]: {"time":"2026-07-17T13:15:48.862044735Z","level":"WARN","msg":"no completed file found for session eed6fbd5-ff52-42eb-8961-7f5c07e9e940","code":"no_completed_file"}
Jul 17 13:15:48 vithsutra kiosk-server[2006197]: {"time":"2026-07-17T13:15:48.862155447Z","level":"INFO","msg":"request","method":"POST","path":"/print/jobs/expire","status":404,"bytes":124,"duration_ms":336,"request_id":"vithsutra/yJhBRTSzdo-005151","remote_addr":"103.89.233.254"}
Jul 17 13:15:50 vithsutra kiosk-server[2006197]: {"time":"2026-07-17T13:15:50.840599955Z","level":"INFO","msg":"confirm upload started","session_id":"7c67754d-381f-4dee-b72f-95d171469b91","file_count":1}
Jul 17 13:15:50 vithsutra kiosk-server[2006197]: {"time":"2026-07-17T13:15:50.907541613Z","level":"INFO","msg":"session validated for confirm","session_id":"7c67754d-381f-4dee-b72f-95d171469b91","status":"created"}
Jul 17 13:15:50 vithsutra kiosk-server[2006197]: DEBUG HeadObject → bucket: aiet-printflow-upload-prod  key: uploads/staging/638b0adb-7f10-4345-b469-67752d084c8e/7c67754d-381f-4dee-b72f-95d171469b91/72f75e9c-fc59-4279-9b71-93954c472fda.pdf
Jul 17 13:15:51 vithsutra kiosk-server[2006197]: {"time":"2026-07-17T13:15:51.177910539Z","level":"INFO","msg":"file price calculated","price":5,"sheets":1,"num_of_pages":1,"copies":1,"page_layout":1,"printing_mode":"color","printing_side":"single_side"}
Jul 17 13:15:51 vithsutra kiosk-server[2006197]: {"time":"2026-07-17T13:15:51.177962367Z","level":"INFO","msg":"Total done bebug","TotalAmount:":5,"TotalSheetes:":1}
Jul 17 13:15:51 vithsutra kiosk-server[2006197]: {"time":"2026-07-17T13:15:51.177979086Z","level":"INFO","msg":"Page Range bebugging","page_range:":["1"]}
Jul 17 13:15:51 vithsutra kiosk-server[2006197]: {"time":"2026-07-17T13:15:51.17799648Z","level":"INFO","msg":"file confirmed","session_id":"7c67754d-381f-4dee-b72f-95d171469b91","file_id":"72f75e9c-fc59-4279-9b71-93954c472fda","file_name":"cs.pdf","sheets":1,"price":5}
Jul 17 13:15:51 vithsutra kiosk-server[2006197]: DEBUG: PageRange in UpdateFileWithPrintOptions: [1]
Jul 17 13:15:51 vithsutra kiosk-server[2006197]: {"time":"2026-07-17T13:15:51.445759969Z","level":"INFO","msg":"confirm upload completed","session_id":"7c67754d-381f-4dee-b72f-95d171469b91","total_sheets":1,"total_amount":5}
Jul 17 13:15:51 vithsutra kiosk-server[2006197]: {"time":"2026-07-17T13:15:51.445966406Z","level":"INFO","msg":"request","method":"POST","path":"/files/upload/confirm","status":200,"bytes":340,"duration_ms":605,"request_id":"vithsutra/yJhBRTSzdo-005152","remote_addr":"2401:4900:c947:df33:a8c6:c0ff:fe39:e491"}
Jul 17 13:15:51 vithsutra kiosk-server[2006197]: {"time":"2026-07-17T13:15:51.648006539Z","level":"INFO","msg":"create payment order started","session_id":"7c67754d-381f-4dee-b72f-95d171469b91","amount_paise_frontend":500}
Jul 17 13:15:52 vithsutra kiosk-server[2006197]: {"time":"2026-07-17T13:15:52.230241451Z","level":"INFO","msg":"razorpay order created","session_id":"7c67754d-381f-4dee-b72f-95d171469b91","razorpay_order_id":"order_TEaCN5umqIrtZx","amount_paise":500}
Jul 17 13:15:52 vithsutra kiosk-server[2006197]: {"time":"2026-07-17T13:15:52.297703643Z","level":"INFO","msg":"create payment order completed","session_id":"7c67754d-381f-4dee-b72f-95d171469b91","payment_id":"7fd984a5-b853-4772-98af-a2508d420dfb","razorpay_order_id":"order_TEaCN5umqIrtZx"}
Jul 17 13:15:52 vithsutra kiosk-server[2006197]: {"time":"2026-07-17T13:15:52.297755334Z","level":"INFO","msg":"Amount:","Amount_paise":500}
Jul 17 13:15:52 vithsutra kiosk-server[2006197]: {"time":"2026-07-17T13:15:52.297899133Z","level":"INFO","msg":"request","method":"POST","path":"/payments/create","status":201,"bytes":232,"duration_ms":650,"request_id":"vithsutra/yJhBRTSzdo-005153","remote_addr":"2401:4900:c947:df33:a8c6:c0ff:fe39:e491"}
Jul 17 13:16:41 vithsutra kiosk-server[2006197]: {"time":"2026-07-17T13:16:41.373113734Z","level":"INFO","msg":"webhook received","event":"payment.captured"}
Jul 17 13:16:41 vithsutra kiosk-server[2006197]: {"time":"2026-07-17T13:16:41.373149366Z","level":"INFO","msg":"processing payment success","razorpay_order_id":"order_TEaCN5umqIrtZx","razorpay_payment_id":"pay_TEaCS21vXUjCrm"}
Jul 17 13:16:41 vithsutra kiosk-server[2006197]: {"time":"2026-07-17T13:16:41.895878165Z","level":"INFO","msg":"file promoted","session_id":"7c67754d-381f-4dee-b72f-95d171469b91","file_id":"72f75e9c-fc59-4279-9b71-93954c472fda","final_key":"uploads/final/638b0adb-7f10-4345-b469-67752d084c8e/7c67754d-381f-4dee-b72f-95d171469b91/72f75e9c-fc59-4279-9b71-93954c472fda.pdf"}
Jul 17 13:16:42 vithsutra kiosk-server[2006197]: {"time":"2026-07-17T13:16:42.230298933Z","level":"INFO","msg":"payment success committed","session_id":"7c67754d-381f-4dee-b72f-95d171469b91","razorpay_order_id":"order_TEaCN5umqIrtZx","razorpay_payment_id":"pay_TEaCS21vXUjCrm","files_promoted":1}
Jul 17 13:16:42 vithsutra kiosk-server[2006197]: {"time":"2026-07-17T13:16:42.230408572Z","level":"INFO","msg":"request","method":"POST","path":"/webhooks/razorpay","status":200,"bytes":21,"duration_ms":857,"request_id":"vithsutra/yJhBRTSzdo-005154","remote_addr":"52.66.75.174"}
Jul 17 13:16:47 vithsutra kiosk-server[2006197]: {"time":"2026-07-17T13:16:47.032934406Z","level":"INFO","msg":"request","method":"OPTIONS","path":"/payments/status/7c67754d-381f-4dee-b72f-95d171469b91","status":204,"bytes":0,"duration_ms":0,"request_id":"vithsutra/yJhBRTSzdo-005155","remote_addr":"2401:4900:c947:df33:a8c6:c0ff:fe39:e491"}
Jul 17 13:16:47 vithsutra kiosk-server[2006197]: {"time":"2026-07-17T13:16:47.303982776Z","level":"INFO","msg":"get job by session ID started","session_id":"7c67754d-381f-4dee-b72f-95d171469b91"}
Jul 17 13:16:47 vithsutra kiosk-server[2006197]: {"time":"2026-07-17T13:16:47.374082872Z","level":"INFO","msg":"Token Debugging","Token:":"422617"}
Jul 17 13:16:47 vithsutra kiosk-server[2006197]: {"time":"2026-07-17T13:16:47.441803511Z","level":"INFO","msg":"get job by session ID completed","session_id":"7c67754d-381f-4dee-b72f-95d171469b91","file_count":1}
Jul 17 13:16:47 vithsutra kiosk-server[2006197]: {"time":"2026-07-17T13:16:47.441975256Z","level":"INFO","msg":"request","method":"GET","path":"/payments/status/7c67754d-381f-4dee-b72f-95d171469b91","status":200,"bytes":665,"duration_ms":138,"request_id":"vithsutra/yJhBRTSzdo-005156","remote_addr":"2401:4900:c947:df33:a8c6:c0ff:fe39:e491"}
Jul 17 13:16:54 vithsutra kiosk-server[2006197]: {"time":"2026-07-17T13:16:54.604777544Z","level":"INFO","msg":"get job by token started","token":422617}
Jul 17 13:16:54 vithsutra kiosk-server[2006197]: DEBUG PRESIGN GET URL: https://aiet-printflow-upload-prod.s3.ap-south-1.amazonaws.com/uploads/final/638b0adb-7f10-4345-b469-67752d084c8e/7c67754d-381f-4dee-b72f-95d171469b91/72f75e9c-fc59-4279-9b71-93954c472fda.pdf?X-Amz-Algorithm=AWS4-HMAC-SHA256&X-Amz-Checksum-Mode=ENABLED&X-Amz-Credential=AKIAURY6ZINDKCABHGV3%2F20260717%2Fap-south-1%2Fs3%2Faws4_request&X-Amz-Date=20260717T131654Z&X-Amz-Expires=900&X-Amz-SignedHeaders=host&x-id=GetObject&X-Amz-Signature=519add2dd0de9f543f825763a7d8591d74b362ecd403c3be30870a2c01b298f8
Jul 17 13:16:54 vithsutra kiosk-server[2006197]: {"time":"2026-07-17T13:16:54.740242817Z","level":"INFO","msg":"final_Key_Bebugging","final_key:":"uploads/final/638b0adb-7f10-4345-b469-67752d084c8e/7c67754d-381f-4dee-b72f-95d171469b91/72f75e9c-fc59-4279-9b71-93954c472fda.pdf"}
Jul 17 13:16:54 vithsutra kiosk-server[2006197]: {"time":"2026-07-17T13:16:54.740286798Z","level":"INFO","msg":"get job by token completed","token":422617,"session_id":"7c67754d-381f-4dee-b72f-95d171469b91","file_count":1}
Jul 17 13:16:54 vithsutra kiosk-server[2006197]: {"time":"2026-07-17T13:16:54.740380304Z","level":"INFO","msg":"request","method":"POST","path":"/print/jobs/token","status":200,"bytes":931,"duration_ms":135,"request_id":"vithsutra/yJhBRTSzdo-005157","remote_addr":"103.89.233.254"}
Jul 17 13:17:25 vithsutra kiosk-server[2006197]: {"time":"2026-07-17T13:17:25.428173637Z","level":"INFO","msg":"expire session after printing started","session_id":"7c67754d-381f-4dee-b72f-95d171469b91"}
Jul 17 13:17:25 vithsutra kiosk-server[2006197]: {"time":"2026-07-17T13:17:25.562873388Z","level":"INFO","msg":"session marked completed","session_id":"7c67754d-381f-4dee-b72f-95d171469b91"}
Jul 17 13:17:25 vithsutra kiosk-server[2006197]: {"time":"2026-07-17T13:17:25.630974392Z","level":"WARN","msg":"no completed file found for session 7c67754d-381f-4dee-b72f-95d171469b91","code":"no_completed_file"}
Jul 17 13:17:25 vithsutra kiosk-server[2006197]: {"time":"2026-07-17T13:17:25.631094419Z","level":"INFO","msg":"request","method":"POST","path":"/print/jobs/expire","status":404,"bytes":124,"duration_ms":203,"request_id":"vithsutra/yJhBRTSzdo-005158","remote_addr":"103.89.233.254"}
Jul 17 13:27:11 vithsutra kiosk-server[2006197]: {"time":"2026-07-17T13:27:11.954506596Z","level":"INFO","msg":"request","method":"OPTIONS","path":"/auth/google","status":204,"bytes":0,"duration_ms":0,"request_id":"vithsutra/yJhBRTSzdo-005159","remote_addr":"2401:4900:9020:e382:e40f:40ff:fe48:fee1"}
Jul 17 13:27:12 vithsutra kiosk-server[2006197]: {"time":"2026-07-17T13:27:12.324736118Z","level":"INFO","msg":"google auth started"}
Jul 17 13:27:12 vithsutra kiosk-server[2006197]: {"time":"2026-07-17T13:27:12.325137715Z","level":"INFO","msg":"google token verified","google_id":"104786272019669311011","email":"hardymaibam11th@gmail.com"}
Jul 17 13:27:14 vithsutra kiosk-server[2006197]: {"time":"2026-07-17T13:27:14.396613773Z","level":"INFO","msg":"returning user authenticated","user_id":"f5ff5314-a387-44d8-be22-b89135d1ab3a","email":"hardymaibam11th@gmail.com"}
Jul 17 13:27:14 vithsutra kiosk-server[2006197]: {"time":"2026-07-17T13:27:14.396759817Z","level":"INFO","msg":"google auth completed","user_id":"f5ff5314-a387-44d8-be22-b89135d1ab3a","email":"hardymaibam11th@gmail.com"}
Jul 17 13:27:14 vithsutra kiosk-server[2006197]: {"time":"2026-07-17T13:27:14.396857481Z","level":"INFO","msg":"request","method":"POST","path":"/auth/google","status":200,"bytes":436,"duration_ms":2072,"request_id":"vithsutra/yJhBRTSzdo-005160","remote_addr":"2401:4900:9020:e382:e40f:40ff:fe48:fee1"}
Jul 17 13:27:24 vithsutra kiosk-server[2006197]: {"time":"2026-07-17T13:27:24.42373506Z","level":"INFO","msg":"request","method":"OPTIONS","path":"/files/upload/init","status":204,"bytes":0,"duration_ms":0,"request_id":"vithsutra/yJhBRTSzdo-005161","remote_addr":"2401:4900:9020:e382:e40f:40ff:fe48:fee1"}
Jul 17 13:27:24 vithsutra kiosk-server[2006197]: {"time":"2026-07-17T13:27:24.670258502Z","level":"INFO","msg":"USERID","userId:":"f5ff5314-a387-44d8-be22-b89135d1ab3a"}
Jul 17 13:27:24 vithsutra kiosk-server[2006197]: {"time":"2026-07-17T13:27:24.670303973Z","level":"INFO","msg":"USEREMAIL","userEmail:":"hardymaibam11th@gmail.com"}
Jul 17 13:27:24 vithsutra kiosk-server[2006197]: {"time":"2026-07-17T13:27:24.670319362Z","level":"INFO","msg":"init upload started","user_id":"f5ff5314-a387-44d8-be22-b89135d1ab3a","file_count":1,"request_payload":{"files":[{"file_name":"SCAN_20260717_185253761.pdf","content_type":"application/pdf"}]}}
Jul 17 13:27:24 vithsutra kiosk-server[2006197]: {"time":"2026-07-17T13:27:24.826961827Z","level":"INFO","msg":"upload session created","session_id":"735c164d-6496-4e2e-a858-e1015ce20c8e","user_id":"f5ff5314-a387-44d8-be22-b89135d1ab3a","expires_at":"2026-07-24T13:27:24.722251396Z"}
Jul 17 13:27:24 vithsutra kiosk-server[2006197]: {"time":"2026-07-17T13:27:24.985286097Z","level":"INFO","msg":"init upload completed","session_id":"735c164d-6496-4e2e-a858-e1015ce20c8e","user_id":"f5ff5314-a387-44d8-be22-b89135d1ab3a","file_count":1}
Jul 17 13:27:24 vithsutra kiosk-server[2006197]: {"time":"2026-07-17T13:27:24.985452341Z","level":"INFO","msg":"request","method":"POST","path":"/files/upload/init","status":201,"bytes":986,"duration_ms":315,"request_id":"vithsutra/yJhBRTSzdo-005162","remote_addr":"2401:4900:9020:e382:e40f:40ff:fe48:fee1"}
Jul 17 13:27:28 vithsutra kiosk-server[2006197]: {"time":"2026-07-17T13:27:28.397483004Z","level":"INFO","msg":"request","method":"OPTIONS","path":"/files/upload/confirm","status":204,"bytes":0,"duration_ms":0,"request_id":"vithsutra/yJhBRTSzdo-005163","remote_addr":"2401:4900:9020:e382:e40f:40ff:fe48:fee1"}
Jul 17 13:27:28 vithsutra kiosk-server[2006197]: {"time":"2026-07-17T13:27:28.64409242Z","level":"INFO","msg":"confirm upload started","session_id":"735c164d-6496-4e2e-a858-e1015ce20c8e","file_count":1}
Jul 17 13:27:28 vithsutra kiosk-server[2006197]: {"time":"2026-07-17T13:27:28.748047085Z","level":"INFO","msg":"session validated for confirm","session_id":"735c164d-6496-4e2e-a858-e1015ce20c8e","status":"created"}
Jul 17 13:27:28 vithsutra kiosk-server[2006197]: DEBUG HeadObject → bucket: aiet-printflow-upload-prod  key: uploads/staging/f5ff5314-a387-44d8-be22-b89135d1ab3a/735c164d-6496-4e2e-a858-e1015ce20c8e/9eaeecd9-fc1a-46d5-ba0d-a256409901d8.pdf
Jul 17 13:27:29 vithsutra kiosk-server[2006197]: {"time":"2026-07-17T13:27:29.237985143Z","level":"INFO","msg":"file price calculated","price":1,"sheets":1,"num_of_pages":1,"copies":1,"page_layout":1,"printing_mode":"monochromatic","printing_side":"single_side"}
Jul 17 13:27:29 vithsutra kiosk-server[2006197]: {"time":"2026-07-17T13:27:29.238055723Z","level":"INFO","msg":"Total done bebug","TotalAmount:":1,"TotalSheetes:":1}
Jul 17 13:27:29 vithsutra kiosk-server[2006197]: {"time":"2026-07-17T13:27:29.238076374Z","level":"INFO","msg":"Page Range bebugging","page_range:":["1"]}
Jul 17 13:27:29 vithsutra kiosk-server[2006197]: {"time":"2026-07-17T13:27:29.238096834Z","level":"INFO","msg":"file confirmed","session_id":"735c164d-6496-4e2e-a858-e1015ce20c8e","file_id":"9eaeecd9-fc1a-46d5-ba0d-a256409901d8","file_name":"SCAN_20260717_185253761.pdf","sheets":1,"price":1}
Jul 17 13:27:29 vithsutra kiosk-server[2006197]: DEBUG: PageRange in UpdateFileWithPrintOptions: [1]
Jul 17 13:27:29 vithsutra kiosk-server[2006197]: {"time":"2026-07-17T13:27:29.551798203Z","level":"INFO","msg":"confirm upload completed","session_id":"735c164d-6496-4e2e-a858-e1015ce20c8e","total_sheets":1,"total_amount":1}
Jul 17 13:27:29 vithsutra kiosk-server[2006197]: {"time":"2026-07-17T13:27:29.551992599Z","level":"INFO","msg":"request","method":"POST","path":"/files/upload/confirm","status":200,"bytes":361,"duration_ms":908,"request_id":"vithsutra/yJhBRTSzdo-005164","remote_addr":"2401:4900:9020:e382:e40f:40ff:fe48:fee1"}
Jul 17 13:27:30 vithsutra kiosk-server[2006197]: {"time":"2026-07-17T13:27:30.071258244Z","level":"INFO","msg":"request","method":"OPTIONS","path":"/payments/create","status":204,"bytes":0,"duration_ms":0,"request_id":"vithsutra/yJhBRTSzdo-005165","remote_addr":"2401:4900:9020:e382:e40f:40ff:fe48:fee1"}
Jul 17 13:27:30 vithsutra kiosk-server[2006197]: {"time":"2026-07-17T13:27:30.338819512Z","level":"INFO","msg":"create payment order started","session_id":"735c164d-6496-4e2e-a858-e1015ce20c8e","amount_paise_frontend":100}
Jul 17 13:27:30 vithsutra kiosk-server[2006197]: {"time":"2026-07-17T13:27:30.72223569Z","level":"INFO","msg":"razorpay order created","session_id":"735c164d-6496-4e2e-a858-e1015ce20c8e","razorpay_order_id":"order_TEaOfXPyQ68okZ","amount_paise":100}
Jul 17 13:27:30 vithsutra kiosk-server[2006197]: {"time":"2026-07-17T13:27:30.827767295Z","level":"INFO","msg":"create payment order completed","session_id":"735c164d-6496-4e2e-a858-e1015ce20c8e","payment_id":"5bc45993-6456-43cb-bc56-0762e2407684","razorpay_order_id":"order_TEaOfXPyQ68okZ"}
Jul 17 13:27:30 vithsutra kiosk-server[2006197]: {"time":"2026-07-17T13:27:30.827809007Z","level":"INFO","msg":"Amount:","Amount_paise":100}
Jul 17 13:27:30 vithsutra kiosk-server[2006197]: {"time":"2026-07-17T13:27:30.827915745Z","level":"INFO","msg":"request","method":"POST","path":"/payments/create","status":201,"bytes":232,"duration_ms":489,"request_id":"vithsutra/yJhBRTSzdo-005166","remote_addr":"2401:4900:9020:e382:e40f:40ff:fe48:fee1"}
Jul 17 13:28:01 vithsutra kiosk-server[2006197]: {"time":"2026-07-17T13:28:01.571641948Z","level":"INFO","msg":"webhook received","event":"payment.captured"}
Jul 17 13:28:01 vithsutra kiosk-server[2006197]: {"time":"2026-07-17T13:28:01.571679433Z","level":"INFO","msg":"processing payment success","razorpay_order_id":"order_TEaOfXPyQ68okZ","razorpay_payment_id":"pay_TEaOujeOzwX11f"}
Jul 17 13:28:02 vithsutra kiosk-server[2006197]: {"time":"2026-07-17T13:28:02.281108992Z","level":"INFO","msg":"file promoted","session_id":"735c164d-6496-4e2e-a858-e1015ce20c8e","file_id":"9eaeecd9-fc1a-46d5-ba0d-a256409901d8","final_key":"uploads/final/f5ff5314-a387-44d8-be22-b89135d1ab3a/735c164d-6496-4e2e-a858-e1015ce20c8e/9eaeecd9-fc1a-46d5-ba0d-a256409901d8.pdf"}
Jul 17 13:28:02 vithsutra kiosk-server[2006197]: {"time":"2026-07-17T13:28:02.699469875Z","level":"INFO","msg":"payment success committed","session_id":"735c164d-6496-4e2e-a858-e1015ce20c8e","razorpay_order_id":"order_TEaOfXPyQ68okZ","razorpay_payment_id":"pay_TEaOujeOzwX11f","files_promoted":1}
Jul 17 13:28:02 vithsutra kiosk-server[2006197]: {"time":"2026-07-17T13:28:02.699520965Z","level":"INFO","msg":"request","method":"POST","path":"/webhooks/razorpay","status":200,"bytes":21,"duration_ms":1128,"request_id":"vithsutra/yJhBRTSzdo-005167","remote_addr":"52.66.75.174"}
Jul 17 13:28:28 vithsutra kiosk-server[2006197]: {"time":"2026-07-17T13:28:28.667857469Z","level":"INFO","msg":"request","method":"OPTIONS","path":"/payments/status/735c164d-6496-4e2e-a858-e1015ce20c8e","status":204,"bytes":0,"duration_ms":0,"request_id":"vithsutra/yJhBRTSzdo-005168","remote_addr":"2401:4900:9020:e382:e40f:40ff:fe48:fee1"}
Jul 17 13:28:28 vithsutra kiosk-server[2006197]: {"time":"2026-07-17T13:28:28.970929233Z","level":"INFO","msg":"get job by session ID started","session_id":"735c164d-6496-4e2e-a858-e1015ce20c8e"}
Jul 17 13:28:29 vithsutra kiosk-server[2006197]: {"time":"2026-07-17T13:28:29.023295614Z","level":"INFO","msg":"Token Debugging","Token:":"426670"}
Jul 17 13:28:29 vithsutra kiosk-server[2006197]: {"time":"2026-07-17T13:28:29.07790618Z","level":"INFO","msg":"get job by session ID completed","session_id":"735c164d-6496-4e2e-a858-e1015ce20c8e","file_count":1}
Jul 17 13:28:29 vithsutra kiosk-server[2006197]: {"time":"2026-07-17T13:28:29.078065009Z","level":"INFO","msg":"request","method":"GET","path":"/payments/status/735c164d-6496-4e2e-a858-e1015ce20c8e","status":200,"bytes":694,"duration_ms":107,"request_id":"vithsutra/yJhBRTSzdo-005169","remote_addr":"2401:4900:9020:e382:e40f:40ff:fe48:fee1"}
Jul 17 13:28:34 vithsutra kiosk-server[2006197]: {"time":"2026-07-17T13:28:34.784568534Z","level":"INFO","msg":"get job by token started","token":426670}
Jul 17 13:28:34 vithsutra kiosk-server[2006197]: DEBUG PRESIGN GET URL: https://aiet-printflow-upload-prod.s3.ap-south-1.amazonaws.com/uploads/final/f5ff5314-a387-44d8-be22-b89135d1ab3a/735c164d-6496-4e2e-a858-e1015ce20c8e/9eaeecd9-fc1a-46d5-ba0d-a256409901d8.pdf?X-Amz-Algorithm=AWS4-HMAC-SHA256&X-Amz-Checksum-Mode=ENABLED&X-Amz-Credential=AKIAURY6ZINDKCABHGV3%2F20260717%2Fap-south-1%2Fs3%2Faws4_request&X-Amz-Date=20260717T132834Z&X-Amz-Expires=900&X-Amz-SignedHeaders=host&x-id=GetObject&X-Amz-Signature=514d51c7579a70c2b67992742e73881de4c71a63c38633fdb8b04a0df1f98fc9
Jul 17 13:28:34 vithsutra kiosk-server[2006197]: {"time":"2026-07-17T13:28:34.972799792Z","level":"INFO","msg":"final_Key_Bebugging","final_key:":"uploads/final/f5ff5314-a387-44d8-be22-b89135d1ab3a/735c164d-6496-4e2e-a858-e1015ce20c8e/9eaeecd9-fc1a-46d5-ba0d-a256409901d8.pdf"}
Jul 17 13:28:34 vithsutra kiosk-server[2006197]: {"time":"2026-07-17T13:28:34.972866387Z","level":"INFO","msg":"get job by token completed","token":426670,"session_id":"735c164d-6496-4e2e-a858-e1015ce20c8e","file_count":1}
Jul 17 13:28:34 vithsutra kiosk-server[2006197]: {"time":"2026-07-17T13:28:34.97296361Z","level":"INFO","msg":"request","method":"POST","path":"/print/jobs/token","status":200,"bytes":960,"duration_ms":188,"request_id":"vithsutra/yJhBRTSzdo-005170","remote_addr":"103.89.233.254"}
Jul 17 13:28:59 vithsutra kiosk-server[2006197]: {"time":"2026-07-17T13:28:59.234158818Z","level":"INFO","msg":"expire session after printing started","session_id":"735c164d-6496-4e2e-a858-e1015ce20c8e"}
Jul 17 13:28:59 vithsutra kiosk-server[2006197]: {"time":"2026-07-17T13:28:59.392495277Z","level":"INFO","msg":"session marked completed","session_id":"735c164d-6496-4e2e-a858-e1015ce20c8e"}
Jul 17 13:28:59 vithsutra kiosk-server[2006197]: {"time":"2026-07-17T13:28:59.498005255Z","level":"WARN","msg":"no completed file found for session 735c164d-6496-4e2e-a858-e1015ce20c8e","code":"no_completed_file"}
Jul 17 13:28:59 vithsutra kiosk-server[2006197]: {"time":"2026-07-17T13:28:59.498097665Z","level":"INFO","msg":"request","method":"POST","path":"/print/jobs/expire","status":404,"bytes":124,"duration_ms":264,"request_id":"vithsutra/yJhBRTSzdo-005171","remote_addr":"103.89.233.254"}
Jul 17 13:56:49 vithsutra kiosk-server[2006197]: {"time":"2026-07-17T13:56:49.102950019Z","level":"INFO","msg":"request","method":"HEAD","path":"/","status":404,"bytes":19,"duration_ms":0,"request_id":"vithsutra/yJhBRTSzdo-005172","remote_addr":"3.87.88.189"}
Jul 17 14:44:30 vithsutra kiosk-server[2006197]: {"time":"2026-07-17T14:44:30.793288892Z","level":"INFO","msg":"request","method":"GET","path":"/","status":404,"bytes":19,"duration_ms":0,"request_id":"vithsutra/yJhBRTSzdo-005173","remote_addr":"147.185.132.150"}
Jul 17 15:42:55 vithsutra kiosk-server[2006197]: {"time":"2026-07-17T15:42:55.366601228Z","level":"INFO","msg":"webhook received","event":"payment.captured"}
Jul 17 15:42:55 vithsutra kiosk-server[2006197]: {"time":"2026-07-17T15:42:55.366649534Z","level":"INFO","msg":"processing payment success","razorpay_order_id":"order_TEWreL5UgTqkQJ","razorpay_payment_id":"pay_TEWrrbAZZk7FDX"}
Jul 17 15:42:57 vithsutra kiosk-server[2006197]: {"time":"2026-07-17T15:42:57.667136512Z","level":"ERROR","msg":"failed to promote file","session_id":"b48c6e04-5fd8-41d1-ab32-b631a14ecc82","file_id":"4b824022-0d62-4c1e-ae0d-db1bde1d6357","staging_key":"uploads/staging/ebbe6137-3966-4fb9-92bd-79ac60c0a6d3/b48c6e04-5fd8-41d1-ab32-b631a14ecc82/4b824022-0d62-4c1e-ae0d-db1bde1d6357.pdf","error":"failed to copy uploads/staging/ebbe6137-3966-4fb9-92bd-79ac60c0a6d3/b48c6e04-5fd8-41d1-ab32-b631a14ecc82/4b824022-0d62-4c1e-ae0d-db1bde1d6357.pdf → uploads/final/ebbe6137-3966-4fb9-92bd-79ac60c0a6d3/b48c6e04-5fd8-41d1-ab32-b631a14ecc82/4b824022-0d62-4c1e-ae0d-db1bde1d6357.pdf: operation error S3: CopyObject, https response error StatusCode: 403, RequestID: 59CYENGQ8EX0H26X, HostID: u72cwtxcSeNLw+3mLRMlX5x89j6KFm7FD2RkmbMmHMdAoJ0ugUOrVkf06+QFKgQrevdCr0dWSxm9MkmivjE9El/tamtQHMat, api error AccessDenied: User: arn:aws:iam::313060311878:user/printflow-backend is not authorized to perform: s3:ListBucket on resource: \"arn:aws:s3:::aiet-printflow-upload-prod\" because no identity-based policy allows the s3:ListBucket action"}
Jul 17 15:42:57 vithsutra kiosk-server[2006197]: {"time":"2026-07-17T15:42:57.667209201Z","level":"ERROR","msg":"failed to promote file Tax 2-1.pdf to final storage","code":"internal_error","cause":"failed to copy uploads/staging/ebbe6137-3966-4fb9-92bd-79ac60c0a6d3/b48c6e04-5fd8-41d1-ab32-b631a14ecc82/4b824022-0d62-4c1e-ae0d-db1bde1d6357.pdf → uploads/final/ebbe6137-3966-4fb9-92bd-79ac60c0a6d3/b48c6e04-5fd8-41d1-ab32-b631a14ecc82/4b824022-0d62-4c1e-ae0d-db1bde1d6357.pdf: operation error S3: CopyObject, https response error StatusCode: 403, RequestID: 59CYENGQ8EX0H26X, HostID: u72cwtxcSeNLw+3mLRMlX5x89j6KFm7FD2RkmbMmHMdAoJ0ugUOrVkf06+QFKgQrevdCr0dWSxm9MkmivjE9El/tamtQHMat, api error AccessDenied: User: arn:aws:iam::313060311878:user/printflow-backend is not authorized to perform: s3:ListBucket on resource: \"arn:aws:s3:::aiet-printflow-upload-prod\" because no identity-based policy allows the s3:ListBucket action"}
Jul 17 15:42:57 vithsutra kiosk-server[2006197]: {"time":"2026-07-17T15:42:57.66728391Z","level":"INFO","msg":"request","method":"POST","path":"/webhooks/razorpay","status":500,"bytes":100,"duration_ms":2300,"request_id":"vithsutra/yJhBRTSzdo-005174","remote_addr":"52.66.75.174"}
